schema_version,experiment_id,run_uuid,status,error_class,return_code,engine,scenario,scale_factor,region,date,sample_index,is_warmup,threads,cpu_ratio,gpu_ratio,gpu_chunk_rows,memory_scope,mode_options_json,not_applicable_phases,result_rows,result_hash,rows_json,oracle_status,load_ms,plan_build_ms,host_prepare_ms,h2d_ms,cpu_scan_ms,gpu_kernel_ms,d2h_ms,overlap_wall_ms,query_total_ms,process_elapsed_ms,input_lineitem_rows,matched_lineitem_rows,cpu_input_rows,gpu_input_rows,h2d_bytes,d2h_bytes,mapped_remote_read_bytes,cpu_peak_rss_bytes,gpu_peak_memory_bytes,throughput_rows_per_second,stdout_log,stderr_log,started_at_utc,finished_at_utc,config_id,session_id,lifecycle,ratio_mode,dataset_load_ms,session_setup_ms,tune_ms,resident_host_bytes,resident_gpu_bytes,resident_pinned_bytes,measurement_status_json,selected_cpu_ratio,predicted_cpu_ratio,request_index,cpu_peak_rss_status,gpu_peak_memory_status,gpu_peak_memory_source
2,v7-formal-sf10-resident,87cd50e5-d21f-41cc-a0d7-34a9c0660632,ok,,0,cpu-specialized,resident,10,ASIA,1994-01-01,0,False,8,1.0,0.0,0,process_tree,"{""sweep"":""threads""}","[""host_prepare_ms"",""load_ms""]",5,b1351a421ba8dcfd,"[{""nation"":""INDIA"",""revenue_1e4"":5368625879995},{""nation"":""CHINA"",""revenue_1e4"":5353508299282},{""nation"":""VIETNAM"",""revenue_1e4"":5322693887176},{""nation"":""JAPAN"",""revenue_1e4"":5267668371444},{""nation"":""INDONESIA"",""revenue_1e4"":5231768523189}]",expected_hash_match,,0.0,,0.0,47.901681,0.0,0.0,0.0,48.205973,4625.241302885115,59986052,72985,59986052,0,0,0,0,2885586944,,1244369696.676385,logs/cpu-specialized-t08.stdout.jsonl,logs/cpu-specialized-t08.stderr.txt,2026-07-14T07:01:14.094563Z,2026-07-14T07:01:18.719826Z,cpu-specialized-t08,50c3e76f-2ebe-44c3-b388-5c2dcd417226,resident,fixed,2917.909425,613.923865,0.0,2639842265,0,0,"{""cpu_scan_ms"":""measured"",""d2h_bytes"":""measured"",""d2h_ms"":""measured"",""dataset_load_ms"":""measured"",""gpu_kernel_ms"":""measured"",""h2d_bytes"":""measured"",""h2d_ms"":""measured"",""host_prepare_ms"":""unavailable"",""load_ms"":""unavailable"",""mapped_remote_read_bytes"":""measured"",""overlap_wall_ms"":""measured"",""plan_build_ms"":""measured"",""query_total_ms"":""measured"",""resident_gpu_bytes"":""measured"",""resident_host_bytes"":""measured"",""resident_pinned_bytes"":""measured"",""session_setup_ms"":""measured"",""throughput_rows_per_second"":""measured"",""tune_ms"":""measured""}",1.0,,3,measured,unavailable,
2,v7-formal-sf10-resident,4e941d30-7c86-4d70-98d7-e9124e54468d,ok,,0,cpu-specialized,resident,10,ASIA,1994-01-01,1,False,8,1.0,0.0,0,process_tree,"{""sweep"":""threads""}","[""host_prepare_ms"",""load_ms""]",5,b1351a421ba8dcfd,"[{""nation"":""INDIA"",""revenue_1e4"":5368625879995},{""nation"":""CHINA"",""revenue_1e4"":5353508299282},{""nation"":""VIETNAM"",""revenue_1e4"":5322693887176},{""nation"":""JAPAN"",""revenue_1e4"":5267668371444},{""nation"":""INDONESIA"",""revenue_1e4"":5231768523189}]",expected_hash_match,,0.0,,0.0,49.30884,0.0,0.0,0.0,49.603858,4625.241302885115,59986052,72985,59986052,0,0,0,0,2885586944,,1209302147.4257102,logs/cpu-specialized-t08.stdout.jsonl,logs/cpu-specialized-t08.stderr.txt,2026-07-14T07:01:14.094563Z,2026-07-14T07:01:18.719826Z,cpu-specialized-t08,50c3e76f-2ebe-44c3-b388-5c2dcd417226,resident,fixed,2917.909425,613.923865,0.0,2639842265,0,0,"{""cpu_scan_ms"":""measured"",""d2h_bytes"":""measured"",""d2h_ms"":""measured"",""dataset_load_ms"":""measured"",""gpu_kernel_ms"":""measured"",""h2d_bytes"":""measured"",""h2d_ms"":""measured"",""host_prepare_ms"":""unavailable"",""load_ms"":""unavailable"",""mapped_remote_read_bytes"":""measured"",""overlap_wall_ms"":""measured"",""plan_build_ms"":""measured"",""query_total_ms"":""measured"",""resident_gpu_bytes"":""measured"",""resident_host_bytes"":""measured"",""resident_pinned_bytes"":""measured"",""session_setup_ms"":""measured"",""throughput_rows_per_second"":""measured"",""tune_ms"":""measured""}",1.0,,4,measured,unavailable,
2,v7-formal-sf10-resident,15a8c27c-a0ac-4239-acca-27e7692e0727,ok,,0,cpu-specialized,resident,10,ASIA,1994-01-01,2,False,8,1.0,0.0,0,process_tree,"{""sweep"":""threads""}","[""host_prepare_ms"",""load_ms""]",5,b1351a421ba8dcfd,"[{""nation"":""INDIA"",""revenue_1e4"":5368625879995},{""nation"":""CHINA"",""revenue_1e4"":5353508299282},{""nation"":""VIETNAM"",""revenue_1e4"":5322693887176},{""nation"":""JAPAN"",""revenue_1e4"":5267668371444},{""nation"":""INDONESIA"",""revenue_1e4"":5231768523189}]",expected_hash_match,,0.0,,0.0,49.543108,0.0,0.0,0.0,49.842292,4625.241302885115,59986052,72985,59986052,0,0,0,0,2885586944,,1203517125.5768094,logs/cpu-specialized-t08.stdout.jsonl,logs/cpu-specialized-t08.stderr.txt,2026-07-14T07:01:14.094563Z,2026-07-14T07:01:18.719826Z,cpu-specialized-t08,50c3e76f-2ebe-44c3-b388-5c2dcd417226,resident,fixed,2917.909425,613.923865,0.0,2639842265,0,0,"{""cpu_scan_ms"":""measured"",""d2h_bytes"":""measured"",""d2h_ms"":""measured"",""dataset_load_ms"":""measured"",""gpu_kernel_ms"":""measured"",""h2d_bytes"":""measured"",""h2d_ms"":""measured"",""host_prepare_ms"":""unavailable"",""load_ms"":""unavailable"",""mapped_remote_read_bytes"":""measured"",""overlap_wall_ms"":""measured"",""plan_build_ms"":""measured"",""query_total_ms"":""measured"",""resident_gpu_bytes"":""measured"",""resident_host_bytes"":""measured"",""resident_pinned_bytes"":""measured"",""session_setup_ms"":""measured"",""throughput_rows_per_second"":""measured"",""tune_ms"":""measured""}",1.0,,5,measured,unavailable,
2,v7-formal-sf10-resident,3feac9b4-78cb-48cb-9d77-63125df48ffb,ok,,0,cpu-specialized,resident,10,ASIA,1994-01-01,3,False,8,1.0,0.0,0,process_tree,"{""sweep"":""threads""}","[""host_prepare_ms"",""load_ms""]",5,b1351a421ba8dcfd,"[{""nation"":""INDIA"",""revenue_1e4"":5368625879995},{""nation"":""CHINA"",""revenue_1e4"":5353508299282},{""nation"":""VIETNAM"",""revenue_1e4"":5322693887176},{""nation"":""JAPAN"",""revenue_1e4"":5267668371444},{""nation"":""INDONESIA"",""revenue_1e4"":5231768523189}]",expected_hash_match,,0.0,,0.0,49.565501,0.0,0.0,0.0,49.850253,4625.241302885115,59986052,72985,59986052,0,0,0,0,2885586944,,1203324925.9537358,logs/cpu-specialized-t08.stdout.jsonl,logs/cpu-specialized-t08.stderr.txt,2026-07-14T07:01:14.094563Z,2026-07-14T07:01:18.719826Z,cpu-specialized-t08,50c3e76f-2ebe-44c3-b388-5c2dcd417226,resident,fixed,2917.909425,613.923865,0.0,2639842265,0,0,"{""cpu_scan_ms"":""measured"",""d2h_bytes"":""measured"",""d2h_ms"":""measured"",""dataset_load_ms"":""measured"",""gpu_kernel_ms"":""measured"",""h2d_bytes"":""measured"",""h2d_ms"":""measured"",""host_prepare_ms"":""unavailable"",""load_ms"":""unavailable"",""mapped_remote_read_bytes"":""measured"",""overlap_wall_ms"":""measured"",""plan_build_ms"":""measured"",""query_total_ms"":""measured"",""resident_gpu_bytes"":""measured"",""resident_host_bytes"":""measured"",""resident_pinned_bytes"":""measured"",""session_setup_ms"":""measured"",""throughput_rows_per_second"":""measured"",""tune_ms"":""measured""}",1.0,,6,measured,unavailable,
2,v7-formal-sf10-resident,84e7e65b-1828-4a0c-84a6-ebe03612356d,ok,,0,cpu-specialized,resident,10,ASIA,1994-01-01,4,False,8,1.0,0.0,0,process_tree,"{""sweep"":""threads""}","[""host_prepare_ms"",""load_ms""]",5,b1351a421ba8dcfd,"[{""nation"":""INDIA"",""revenue_1e4"":5368625879995},{""nation"":""CHINA"",""revenue_1e4"":5353508299282},{""nation"":""VIETNAM"",""revenue_1e4"":5322693887176},{""nation"":""JAPAN"",""revenue_1e4"":5267668371444},{""nation"":""INDONESIA"",""revenue_1e4"":5231768523189}]",expected_hash_match,,0.0,,0.0,50.605825,0.0,0.0,0.0,50.918209,4625.241302885115,59986052,72985,59986052,0,0,0,0,2885586944,,1178086448.405913,logs/cpu-specialized-t08.stdout.jsonl,logs/cpu-specialized-t08.stderr.txt,2026-07-14T07:01:14.094563Z,2026-07-14T07:01:18.719826Z,cpu-specialized-t08,50c3e76f-2ebe-44c3-b388-5c2dcd417226,resident,fixed,2917.909425,613.923865,0.0,2639842265,0,0,"{""cpu_scan_ms"":""measured"",""d2h_bytes"":""measured"",""d2h_ms"":""measured"",""dataset_load_ms"":""measured"",""gpu_kernel_ms"":""measured"",""h2d_bytes"":""measured"",""h2d_ms"":""measured"",""host_prepare_ms"":""unavailable"",""load_ms"":""unavailable"",""mapped_remote_read_bytes"":""measured"",""overlap_wall_ms"":""measured"",""plan_build_ms"":""measured"",""query_total_ms"":""measured"",""resident_gpu_bytes"":""measured"",""resident_host_bytes"":""measured"",""resident_pinned_bytes"":""measured"",""session_setup_ms"":""measured"",""throughput_rows_per_second"":""measured"",""tune_ms"":""measured""}",1.0,,7,measured,unavailable,
2,v7-formal-sf10-resident,57d0025e-f98f-4949-be39-90c599a617d3,ok,,0,cpu-specialized,resident,10,ASIA,1994-01-01,5,False,8,1.0,0.0,0,process_tree,"{""sweep"":""threads""}","[""host_prepare_ms"",""load_ms""]",5,b1351a421ba8dcfd,"[{""nation"":""INDIA"",""revenue_1e4"":5368625879995},{""nation"":""CHINA"",""revenue_1e4"":5353508299282},{""nation"":""VIETNAM"",""revenue_1e4"":5322693887176},{""nation"":""JAPAN"",""revenue_1e4"":5267668371444},{""nation"":""INDONESIA"",""revenue_1e4"":5231768523189}]",expected_hash_match,,0.0,,0.0,51.608253,0.0,0.0,0.0,51.885374,4625.241302885115,59986052,72985,59986052,0,0,0,0,2885586944,,1156126425.9172537,logs/cpu-specialized-t08.stdout.jsonl,logs/cpu-specialized-t08.stderr.txt,2026-07-14T07:01:14.094563Z,2026-07-14T07:01:18.719826Z,cpu-specialized-t08,50c3e76f-2ebe-44c3-b388-5c2dcd417226,resident,fixed,2917.909425,613.923865,0.0,2639842265,0,0,"{""cpu_scan_ms"":""measured"",""d2h_bytes"":""measured"",""d2h_ms"":""measured"",""dataset_load_ms"":""measured"",""gpu_kernel_ms"":""measured"",""h2d_bytes"":""measured"",""h2d_ms"":""measured"",""host_prepare_ms"":""unavailable"",""load_ms"":""unavailable"",""mapped_remote_read_bytes"":""measured"",""overlap_wall_ms"":""measured"",""plan_build_ms"":""measured"",""query_total_ms"":""measured"",""resident_gpu_bytes"":""measured"",""resident_host_bytes"":""measured"",""resident_pinned_bytes"":""measured"",""session_setup_ms"":""measured"",""throughput_rows_per_second"":""measured"",""tune_ms"":""measured""}",1.0,,8,measured,unavailable,
2,v7-formal-sf10-resident,a85a95d5-a028-4dc5-8047-fcb7b78c69f2,ok,,0,cpu-specialized,resident,10,ASIA,1994-01-01,6,False,8,1.0,0.0,0,process_tree,"{""sweep"":""threads""}","[""host_prepare_ms"",""load_ms""]",5,b1351a421ba8dcfd,"[{""nation"":""INDIA"",""revenue_1e4"":5368625879995},{""nation"":""CHINA"",""revenue_1e4"":5353508299282},{""nation"":""VIETNAM"",""revenue_1e4"":5322693887176},{""nation"":""JAPAN"",""revenue_1e4"":5267668371444},{""nation"":""INDONESIA"",""revenue_1e4"":5231768523189}]",expected_hash_match,,0.0,,0.0,51.287627,0.0,0.0,0.0,51.587632,4625.241302885115,59986052,72985,59986052,0,0,0,0,2885586944,,1162799098.8227565,logs/cpu-specialized-t08.stdout.jsonl,logs/cpu-specialized-t08.stderr.txt,2026-07-14T07:01:14.094563Z,2026-07-14T07:01:18.719826Z,cpu-specialized-t08,50c3e76f-2ebe-44c3-b388-5c2dcd417226,resident,fixed,2917.909425,613.923865,0.0,2639842265,0,0,"{""cpu_scan_ms"":""measured"",""d2h_bytes"":""measured"",""d2h_ms"":""measured"",""dataset_load_ms"":""measured"",""gpu_kernel_ms"":""measured"",""h2d_bytes"":""measured"",""h2d_ms"":""measured"",""host_prepare_ms"":""unavailable"",""load_ms"":""unavailable"",""mapped_remote_read_bytes"":""measured"",""overlap_wall_ms"":""measured"",""plan_build_ms"":""measured"",""query_total_ms"":""measured"",""resident_gpu_bytes"":""measured"",""resident_host_bytes"":""measured"",""resident_pinned_bytes"":""measured"",""session_setup_ms"":""measured"",""throughput_rows_per_second"":""measured"",""tune_ms"":""measured""}",1.0,,9,measured,unavailable,
2,v7-formal-sf10-resident,eacf38be-6c2b-4400-b73d-521cf4d198be,ok,,0,cpu-specialized,resident,10,ASIA,1994-01-01,7,False,8,1.0,0.0,0,process_tree,"{""sweep"":""threads""}","[""host_prepare_ms"",""load_ms""]",5,b1351a421ba8dcfd,"[{""nation"":""INDIA"",""revenue_1e4"":5368625879995},{""nation"":""CHINA"",""revenue_1e4"":5353508299282},{""nation"":""VIETNAM"",""revenue_1e4"":5322693887176},{""nation"":""JAPAN"",""revenue_1e4"":5267668371444},{""nation"":""INDONESIA"",""revenue_1e4"":5231768523189}]",expected_hash_match,,0.0,,0.0,51.421796,0.0,0.0,0.0,51.710525,4625.241302885115,59986052,72985,59986052,0,0,0,0,2885586944,,1160035640.713375,logs/cpu-specialized-t08.stdout.jsonl,logs/cpu-specialized-t08.stderr.txt,2026-07-14T07:01:14.094563Z,2026-07-14T07:01:18.719826Z,cpu-specialized-t08,50c3e76f-2ebe-44c3-b388-5c2dcd417226,resident,fixed,2917.909425,613.923865,0.0,2639842265,0,0,"{""cpu_scan_ms"":""measured"",""d2h_bytes"":""measured"",""d2h_ms"":""measured"",""dataset_load_ms"":""measured"",""gpu_kernel_ms"":""measured"",""h2d_bytes"":""measured"",""h2d_ms"":""measured"",""host_prepare_ms"":""unavailable"",""load_ms"":""unavailable"",""mapped_remote_read_bytes"":""measured"",""overlap_wall_ms"":""measured"",""plan_build_ms"":""measured"",""query_total_ms"":""measured"",""resident_gpu_bytes"":""measured"",""resident_host_bytes"":""measured"",""resident_pinned_bytes"":""measured"",""session_setup_ms"":""measured"",""throughput_rows_per_second"":""measured"",""tune_ms"":""measured""}",1.0,,10,measured,unavailable,
2,v7-formal-sf10-resident,643c38d7-8615-4441-b6cb-36f6c524c38f,ok,,0,cpu-specialized,resident,10,ASIA,1994-01-01,8,False,8,1.0,0.0,0,process_tree,"{""sweep"":""threads""}","[""host_prepare_ms"",""load_ms""]",5,b1351a421ba8dcfd,"[{""nation"":""INDIA"",""revenue_1e4"":5368625879995},{""nation"":""CHINA"",""revenue_1e4"":5353508299282},{""nation"":""VIETNAM"",""revenue_1e4"":5322693887176},{""nation"":""JAPAN"",""revenue_1e4"":5267668371444},{""nation"":""INDONESIA"",""revenue_1e4"":5231768523189}]",expected_hash_match,,0.0,,0.0,48.114598,0.0,0.0,0.0,48.41903,4625.241302885115,59986052,72985,59986052,0,0,0,0,2885586944,,1238894129.0232375,logs/cpu-specialized-t08.stdout.jsonl,logs/cpu-specialized-t08.stderr.txt,2026-07-14T07:01:14.094563Z,2026-07-14T07:01:18.719826Z,cpu-specialized-t08,50c3e76f-2ebe-44c3-b388-5c2dcd417226,resident,fixed,2917.909425,613.923865,0.0,2639842265,0,0,"{""cpu_scan_ms"":""measured"",""d2h_bytes"":""measured"",""d2h_ms"":""measured"",""dataset_load_ms"":""measured"",""gpu_kernel_ms"":""measured"",""h2d_bytes"":""measured"",""h2d_ms"":""measured"",""host_prepare_ms"":""unavailable"",""load_ms"":""unavailable"",""mapped_remote_read_bytes"":""measured"",""overlap_wall_ms"":""measured"",""plan_build_ms"":""measured"",""query_total_ms"":""measured"",""resident_gpu_bytes"":""measured"",""resident_host_bytes"":""measured"",""resident_pinned_bytes"":""measured"",""session_setup_ms"":""measured"",""throughput_rows_per_second"":""measured"",""tune_ms"":""measured""}",1.0,,11,measured,unavailable,
2,v7-formal-sf10-resident,d1b003ec-8688-4c04-8152-667874e13f77,ok,,0,cpu-specialized,resident,10,ASIA,1994-01-01,9,False,8,1.0,0.0,0,process_tree,"{""sweep"":""threads""}","[""host_prepare_ms"",""load_ms""]",5,b1351a421ba8dcfd,"[{""nation"":""INDIA"",""revenue_1e4"":5368625879995},{""nation"":""CHINA"",""revenue_1e4"":5353508299282},{""nation"":""VIETNAM"",""revenue_1e4"":5322693887176},{""nation"":""JAPAN"",""revenue_1e4"":5267668371444},{""nation"":""INDONESIA"",""revenue_1e4"":5231768523189}]",expected_hash_match,,0.0,,0.0,48.983116,0.0,0.0,0.0,49.244365,4625.241302885115,59986052,72985,59986052,0,0,0,0,2885586944,,1218130277.4439268,logs/cpu-specialized-t08.stdout.jsonl,logs/cpu-specialized-t08.stderr.txt,2026-07-14T07:01:14.094563Z,2026-07-14T07:01:18.719826Z,cpu-specialized-t08,50c3e76f-2ebe-44c3-b388-5c2dcd417226,resident,fixed,2917.909425,613.923865,0.0,2639842265,0,0,"{""cpu_scan_ms"":""measured"",""d2h_bytes"":""measured"",""d2h_ms"":""measured"",""dataset_load_ms"":""measured"",""gpu_kernel_ms"":""measured"",""h2d_bytes"":""measured"",""h2d_ms"":""measured"",""host_prepare_ms"":""unavailable"",""load_ms"":""unavailable"",""mapped_remote_read_bytes"":""measured"",""overlap_wall_ms"":""measured"",""plan_build_ms"":""measured"",""query_total_ms"":""measured"",""resident_gpu_bytes"":""measured"",""resident_host_bytes"":""measured"",""resident_pinned_bytes"":""measured"",""session_setup_ms"":""measured"",""throughput_rows_per_second"":""measured"",""tune_ms"":""measured""}",1.0,,12,measured,unavailable,
2,v7-formal-sf10-resident,cfd58b52-a310-4571-af79-b1ef74fa4427,ok,,0,cpu-specialized,resident,10,ASIA,1994-01-01,0,False,16,1.0,0.0,0,process_tree,"{""sweep"":""threads""}","[""host_prepare_ms"",""load_ms""]",5,b1351a421ba8dcfd,"[{""nation"":""INDIA"",""revenue_1e4"":5368625879995},{""nation"":""CHINA"",""revenue_1e4"":5353508299282},{""nation"":""VIETNAM"",""revenue_1e4"":5322693887176},{""nation"":""JAPAN"",""revenue_1e4"":5267668371444},{""nation"":""INDONESIA"",""revenue_1e4"":5231768523189}]",expected_hash_match,,0.0,,0.0,25.571737,0.0,0.0,0.0,25.89039,4215.815449133515,59986052,72985,59986052,0,0,0,0,2927661056,,2316923460.7898917,logs/cpu-specialized-t16.stdout.jsonl,logs/cpu-specialized-t16.stderr.txt,2026-07-14T07:01:18.722659Z,2026-07-14T07:01:22.938484Z,cpu-specialized-t16,0b884d7f-a6b4-4481-8180-731ec835a825,resident,fixed,2875.15878,610.970717,0.0,2639842265,0,0,"{""cpu_scan_ms"":""measured"",""d2h_bytes"":""measured"",""d2h_ms"":""measured"",""dataset_load_ms"":""measured"",""gpu_kernel_ms"":""measured"",""h2d_bytes"":""measured"",""h2d_ms"":""measured"",""host_prepare_ms"":""unavailable"",""load_ms"":""unavailable"",""mapped_remote_read_bytes"":""measured"",""overlap_wall_ms"":""measured"",""plan_build_ms"":""measured"",""query_total_ms"":""measured"",""resident_gpu_bytes"":""measured"",""resident_host_bytes"":""measured"",""resident_pinned_bytes"":""measured"",""session_setup_ms"":""measured"",""throughput_rows_per_second"":""measured"",""tune_ms"":""measured""}",1.0,,3,measured,unavailable,
2,v7-formal-sf10-resident,56ef0109-45ad-4d87-83a4-5e2c6ab1f800,ok,,0,cpu-specialized,resident,10,ASIA,1994-01-01,1,False,16,1.0,0.0,0,process_tree,"{""sweep"":""threads""}","[""host_prepare_ms"",""load_ms""]",5,b1351a421ba8dcfd,"[{""nation"":""INDIA"",""revenue_1e4"":5368625879995},{""nation"":""CHINA"",""revenue_1e4"":5353508299282},{""nation"":""VIETNAM"",""revenue_1e4"":5322693887176},{""nation"":""JAPAN"",""revenue_1e4"":5267668371444},{""nation"":""INDONESIA"",""revenue_1e4"":5231768523189}]",expected_hash_match,,0.0,,0.0,25.888948,0.0,0.0,0.0,26.202854,4215.815449133515,59986052,72985,59986052,0,0,0,0,2927661056,,2289294593.634724,logs/cpu-specialized-t16.stdout.jsonl,logs/cpu-specialized-t16.stderr.txt,2026-07-14T07:01:18.722659Z,2026-07-14T07:01:22.938484Z,cpu-specialized-t16,0b884d7f-a6b4-4481-8180-731ec835a825,resident,fixed,2875.15878,610.970717,0.0,2639842265,0,0,"{""cpu_scan_ms"":""measured"",""d2h_bytes"":""measured"",""d2h_ms"":""measured"",""dataset_load_ms"":""measured"",""gpu_kernel_ms"":""measured"",""h2d_bytes"":""measured"",""h2d_ms"":""measured"",""host_prepare_ms"":""unavailable"",""load_ms"":""unavailable"",""mapped_remote_read_bytes"":""measured"",""overlap_wall_ms"":""measured"",""plan_build_ms"":""measured"",""query_total_ms"":""measured"",""resident_gpu_bytes"":""measured"",""resident_host_bytes"":""measured"",""resident_pinned_bytes"":""measured"",""session_setup_ms"":""measured"",""throughput_rows_per_second"":""measured"",""tune_ms"":""measured""}",1.0,,4,measured,unavailable,
2,v7-formal-sf10-resident,a9766586-457c-4d51-a37d-7c7ceaee1f5a,ok,,0,cpu-specialized,resident,10,ASIA,1994-01-01,2,False,16,1.0,0.0,0,process_tree,"{""sweep"":""threads""}","[""host_prepare_ms"",""load_ms""]",5,b1351a421ba8dcfd,"[{""nation"":""INDIA"",""revenue_1e4"":5368625879995},{""nation"":""CHINA"",""revenue_1e4"":5353508299282},{""nation"":""VIETNAM"",""revenue_1e4"":5322693887176},{""nation"":""JAPAN"",""revenue_1e4"":5267668371444},{""nation"":""INDONESIA"",""revenue_1e4"":5231768523189}]",expected_hash_match,,0.0,,0.0,25.772325,0.0,0.0,0.0,26.095104,4215.815449133515,59986052,72985,59986052,0,0,0,0,2927661056,,2298747381.8843565,logs/cpu-specialized-t16.stdout.jsonl,logs/cpu-specialized-t16.stderr.txt,2026-07-14T07:01:18.722659Z,2026-07-14T07:01:22.938484Z,cpu-specialized-t16,0b884d7f-a6b4-4481-8180-731ec835a825,resident,fixed,2875.15878,610.970717,0.0,2639842265,0,0,"{""cpu_scan_ms"":""measured"",""d2h_bytes"":""measured"",""d2h_ms"":""measured"",""dataset_load_ms"":""measured"",""gpu_kernel_ms"":""measured"",""h2d_bytes"":""measured"",""h2d_ms"":""measured"",""host_prepare_ms"":""unavailable"",""load_ms"":""unavailable"",""mapped_remote_read_bytes"":""measured"",""overlap_wall_ms"":""measured"",""plan_build_ms"":""measured"",""query_total_ms"":""measured"",""resident_gpu_bytes"":""measured"",""resident_host_bytes"":""measured"",""resident_pinned_bytes"":""measured"",""session_setup_ms"":""measured"",""throughput_rows_per_second"":""measured"",""tune_ms"":""measured""}",1.0,,5,measured,unavailable,
2,v7-formal-sf10-resident,77936118-dc64-491b-b3a9-0f07db45af7c,ok,,0,cpu-specialized,resident,10,ASIA,1994-01-01,3,False,16,1.0,0.0,0,process_tree,"{""sweep"":""threads""}","[""host_prepare_ms"",""load_ms""]",5,b1351a421ba8dcfd,"[{""nation"":""INDIA"",""revenue_1e4"":5368625879995},{""nation"":""CHINA"",""revenue_1e4"":5353508299282},{""nation"":""VIETNAM"",""revenue_1e4"":5322693887176},{""nation"":""JAPAN"",""revenue_1e4"":5267668371444},{""nation"":""INDONESIA"",""revenue_1e4"":5231768523189}]",expected_hash_match,,0.0,,0.0,25.507792,0.0,0.0,0.0,25.834808,4215.815449133515,59986052,72985,59986052,0,0,0,0,2927661056,,2321908179.073752,logs/cpu-specialized-t16.stdout.jsonl,logs/cpu-specialized-t16.stderr.txt,2026-07-14T07:01:18.722659Z,2026-07-14T07:01:22.938484Z,cpu-specialized-t16,0b884d7f-a6b4-4481-8180-731ec835a825,resident,fixed,2875.15878,610.970717,0.0,2639842265,0,0,"{""cpu_scan_ms"":""measured"",""d2h_bytes"":""measured"",""d2h_ms"":""measured"",""dataset_load_ms"":""measured"",""gpu_kernel_ms"":""measured"",""h2d_bytes"":""measured"",""h2d_ms"":""measured"",""host_prepare_ms"":""unavailable"",""load_ms"":""unavailable"",""mapped_remote_read_bytes"":""measured"",""overlap_wall_ms"":""measured"",""plan_build_ms"":""measured"",""query_total_ms"":""measured"",""resident_gpu_bytes"":""measured"",""resident_host_bytes"":""measured"",""resident_pinned_bytes"":""measured"",""session_setup_ms"":""measured"",""throughput_rows_per_second"":""measured"",""tune_ms"":""measured""}",1.0,,6,measured,unavailable,
2,v7-formal-sf10-resident,971a7640-d801-4b49-b1df-cb711be7aae6,ok,,0,cpu-specialized,resident,10,ASIA,1994-01-01,4,False,16,1.0,0.0,0,process_tree,"{""sweep"":""threads""}","[""host_prepare_ms"",""load_ms""]",5,b1351a421ba8dcfd,"[{""nation"":""INDIA"",""revenue_1e4"":5368625879995},{""nation"":""CHINA"",""revenue_1e4"":5353508299282},{""nation"":""VIETNAM"",""revenue_1e4"":5322693887176},{""nation"":""JAPAN"",""revenue_1e4"":5267668371444},{""nation"":""INDONESIA"",""revenue_1e4"":5231768523189}]",expected_hash_match,,0.0,,0.0,26.15939,0.0,0.0,0.0,26.480506,4215.815449133515,59986052,72985,59986052,0,0,0,0,2927661056,,2265291003.1250916,logs/cpu-specialized-t16.stdout.jsonl,logs/cpu-specialized-t16.stderr.txt,2026-07-14T07:01:18.722659Z,2026-07-14T07:01:22.938484Z,cpu-specialized-t16,0b884d7f-a6b4-4481-8180-731ec835a825,resident,fixed,2875.15878,610.970717,0.0,2639842265,0,0,"{""cpu_scan_ms"":""measured"",""d2h_bytes"":""measured"",""d2h_ms"":""measured"",""dataset_load_ms"":""measured"",""gpu_kernel_ms"":""measured"",""h2d_bytes"":""measured"",""h2d_ms"":""measured"",""host_prepare_ms"":""unavailable"",""load_ms"":""unavailable"",""mapped_remote_read_bytes"":""measured"",""overlap_wall_ms"":""measured"",""plan_build_ms"":""measured"",""query_total_ms"":""measured"",""resident_gpu_bytes"":""measured"",""resident_host_bytes"":""measured"",""resident_pinned_bytes"":""measured"",""session_setup_ms"":""measured"",""throughput_rows_per_second"":""measured"",""tune_ms"":""measured""}",1.0,,7,measured,unavailable,
2,v7-formal-sf10-resident,06832a13-c73c-4f25-83e2-282ec951483f,ok,,0,cpu-specialized,resident,10,ASIA,1994-01-01,5,False,16,1.0,0.0,0,process_tree,"{""sweep"":""threads""}","[""host_prepare_ms"",""load_ms""]",5,b1351a421ba8dcfd,"[{""nation"":""INDIA"",""revenue_1e4"":5368625879995},{""nation"":""CHINA"",""revenue_1e4"":5353508299282},{""nation"":""VIETNAM"",""revenue_1e4"":5322693887176},{""nation"":""JAPAN"",""revenue_1e4"":5267668371444},{""nation"":""INDONESIA"",""revenue_1e4"":5231768523189}]",expected_hash_match,,0.0,,0.0,25.795869,0.0,0.0,0.0,26.124808,4215.815449133515,59986052,72985,59986052,0,0,0,0,2927661056,,2296133697.9012437,logs/cpu-specialized-t16.stdout.jsonl,logs/cpu-specialized-t16.stderr.txt,2026-07-14T07:01:18.722659Z,2026-07-14T07:01:22.938484Z,cpu-specialized-t16,0b884d7f-a6b4-4481-8180-731ec835a825,resident,fixed,2875.15878,610.970717,0.0,2639842265,0,0,"{""cpu_scan_ms"":""measured"",""d2h_bytes"":""measured"",""d2h_ms"":""measured"",""dataset_load_ms"":""measured"",""gpu_kernel_ms"":""measured"",""h2d_bytes"":""measured"",""h2d_ms"":""measured"",""host_prepare_ms"":""unavailable"",""load_ms"":""unavailable"",""mapped_remote_read_bytes"":""measured"",""overlap_wall_ms"":""measured"",""plan_build_ms"":""measured"",""query_total_ms"":""measured"",""resident_gpu_bytes"":""measured"",""resident_host_bytes"":""measured"",""resident_pinned_bytes"":""measured"",""session_setup_ms"":""measured"",""throughput_rows_per_second"":""measured"",""tune_ms"":""measured""}",1.0,,8,measured,unavailable,
2,v7-formal-sf10-resident,005f41a2-7ffb-4629-86c7-3a383579a5eb,ok,,0,cpu-specialized,resident,10,ASIA,1994-01-01,6,False,16,1.0,0.0,0,process_tree,"{""sweep"":""threads""}","[""host_prepare_ms"",""load_ms""]",5,b1351a421ba8dcfd,"[{""nation"":""INDIA"",""revenue_1e4"":5368625879995},{""nation"":""CHINA"",""revenue_1e4"":5353508299282},{""nation"":""VIETNAM"",""revenue_1e4"":5322693887176},{""nation"":""JAPAN"",""revenue_1e4"":5267668371444},{""nation"":""INDONESIA"",""revenue_1e4"":5231768523189}]",expected_hash_match,,0.0,,0.0,26.585932,0.0,0.0,0.0,26.906068,4215.815449133515,59986052,72985,59986052,0,0,0,0,2927661056,,2229461844.81508,logs/cpu-specialized-t16.stdout.jsonl,logs/cpu-specialized-t16.stderr.txt,2026-07-14T07:01:18.722659Z,2026-07-14T07:01:22.938484Z,cpu-specialized-t16,0b884d7f-a6b4-4481-8180-731ec835a825,resident,fixed,2875.15878,610.970717,0.0,2639842265,0,0,"{""cpu_scan_ms"":""measured"",""d2h_bytes"":""measured"",""d2h_ms"":""measured"",""dataset_load_ms"":""measured"",""gpu_kernel_ms"":""measured"",""h2d_bytes"":""measured"",""h2d_ms"":""measured"",""host_prepare_ms"":""unavailable"",""load_ms"":""unavailable"",""mapped_remote_read_bytes"":""measured"",""overlap_wall_ms"":""measured"",""plan_build_ms"":""measured"",""query_total_ms"":""measured"",""resident_gpu_bytes"":""measured"",""resident_host_bytes"":""measured"",""resident_pinned_bytes"":""measured"",""session_setup_ms"":""measured"",""throughput_rows_per_second"":""measured"",""tune_ms"":""measured""}",1.0,,9,measured,unavailable,
2,v7-formal-sf10-resident,504bc79d-7c4c-4e97-aaa0-34ec887720d5,ok,,0,cpu-specialized,resident,10,ASIA,1994-01-01,7,False,16,1.0,0.0,0,process_tree,"{""sweep"":""threads""}","[""host_prepare_ms"",""load_ms""]",5,b1351a421ba8dcfd,"[{""nation"":""INDIA"",""revenue_1e4"":5368625879995},{""nation"":""CHINA"",""revenue_1e4"":5353508299282},{""nation"":""VIETNAM"",""revenue_1e4"":5322693887176},{""nation"":""JAPAN"",""revenue_1e4"":5267668371444},{""nation"":""INDONESIA"",""revenue_1e4"":5231768523189}]",expected_hash_match,,0.0,,0.0,26.029917,0.0,0.0,0.0,26.34198,4215.815449133515,59986052,72985,59986052,0,0,0,0,2927661056,,2277203611.877315,logs/cpu-specialized-t16.stdout.jsonl,logs/cpu-specialized-t16.stderr.txt,2026-07-14T07:01:18.722659Z,2026-07-14T07:01:22.938484Z,cpu-specialized-t16,0b884d7f-a6b4-4481-8180-731ec835a825,resident,fixed,2875.15878,610.970717,0.0,2639842265,0,0,"{""cpu_scan_ms"":""measured"",""d2h_bytes"":""measured"",""d2h_ms"":""measured"",""dataset_load_ms"":""measured"",""gpu_kernel_ms"":""measured"",""h2d_bytes"":""measured"",""h2d_ms"":""measured"",""host_prepare_ms"":""unavailable"",""load_ms"":""unavailable"",""mapped_remote_read_bytes"":""measured"",""overlap_wall_ms"":""measured"",""plan_build_ms"":""measured"",""query_total_ms"":""measured"",""resident_gpu_bytes"":""measured"",""resident_host_bytes"":""measured"",""resident_pinned_bytes"":""measured"",""session_setup_ms"":""measured"",""throughput_rows_per_second"":""measured"",""tune_ms"":""measured""}",1.0,,10,measured,unavailable,
2,v7-formal-sf10-resident,ee4d383e-5762-478c-951d-6cf1b56a58f4,ok,,0,cpu-specialized,resident,10,ASIA,1994-01-01,8,False,16,1.0,0.0,0,process_tree,"{""sweep"":""threads""}","[""host_prepare_ms"",""load_ms""]",5,b1351a421ba8dcfd,"[{""nation"":""INDIA"",""revenue_1e4"":5368625879995},{""nation"":""CHINA"",""revenue_1e4"":5353508299282},{""nation"":""VIETNAM"",""revenue_1e4"":5322693887176},{""nation"":""JAPAN"",""revenue_1e4"":5267668371444},{""nation"":""INDONESIA"",""revenue_1e4"":5231768523189}]",expected_hash_match,,0.0,,0.0,25.740658,0.0,0.0,0.0,26.07897,4215.815449133515,59986052,72985,59986052,0,0,0,0,2927661056,,2300169523.566306,logs/cpu-specialized-t16.stdout.jsonl,logs/cpu-specialized-t16.stderr.txt,2026-07-14T07:01:18.722659Z,2026-07-14T07:01:22.938484Z,cpu-specialized-t16,0b884d7f-a6b4-4481-8180-731ec835a825,resident,fixed,2875.15878,610.970717,0.0,2639842265,0,0,"{""cpu_scan_ms"":""measured"",""d2h_bytes"":""measured"",""d2h_ms"":""measured"",""dataset_load_ms"":""measured"",""gpu_kernel_ms"":""measured"",""h2d_bytes"":""measured"",""h2d_ms"":""measured"",""host_prepare_ms"":""unavailable"",""load_ms"":""unavailable"",""mapped_remote_read_bytes"":""measured"",""overlap_wall_ms"":""measured"",""plan_build_ms"":""measured"",""query_total_ms"":""measured"",""resident_gpu_bytes"":""measured"",""resident_host_bytes"":""measured"",""resident_pinned_bytes"":""measured"",""session_setup_ms"":""measured"",""throughput_rows_per_second"":""measured"",""tune_ms"":""measured""}",1.0,,11,measured,unavailable,
2,v7-formal-sf10-resident,1c254f9e-fc99-4a7f-900d-31a229f2a110,ok,,0,cpu-specialized,resident,10,ASIA,1994-01-01,9,False,16,1.0,0.0,0,process_tree,"{""sweep"":""threads""}","[""host_prepare_ms"",""load_ms""]",5,b1351a421ba8dcfd,"[{""nation"":""INDIA"",""revenue_1e4"":5368625879995},{""nation"":""CHINA"",""revenue_1e4"":5353508299282},{""nation"":""VIETNAM"",""revenue_1e4"":5322693887176},{""nation"":""JAPAN"",""revenue_1e4"":5267668371444},{""nation"":""INDONESIA"",""revenue_1e4"":5231768523189}]",expected_hash_match,,0.0,,0.0,25.906704,0.0,0.0,0.0,26.217445,4215.815449133515,59986052,72985,59986052,0,0,0,0,2927661056,,2288020514.58485,logs/cpu-specialized-t16.stdout.jsonl,logs/cpu-specialized-t16.stderr.txt,2026-07-14T07:01:18.722659Z,2026-07-14T07:01:22.938484Z,cpu-specialized-t16,0b884d7f-a6b4-4481-8180-731ec835a825,resident,fixed,2875.15878,610.970717,0.0,2639842265,0,0,"{""cpu_scan_ms"":""measured"",""d2h_bytes"":""measured"",""d2h_ms"":""measured"",""dataset_load_ms"":""measured"",""gpu_kernel_ms"":""measured"",""h2d_bytes"":""measured"",""h2d_ms"":""measured"",""host_prepare_ms"":""unavailable"",""load_ms"":""unavailable"",""mapped_remote_read_bytes"":""measured"",""overlap_wall_ms"":""measured"",""plan_build_ms"":""measured"",""query_total_ms"":""measured"",""resident_gpu_bytes"":""measured"",""resident_host_bytes"":""measured"",""resident_pinned_bytes"":""measured"",""session_setup_ms"":""measured"",""throughput_rows_per_second"":""measured"",""tune_ms"":""measured""}",1.0,,12,measured,unavailable,
2,v7-formal-sf10-resident,83820d8e-0d16-4b0a-b0f1-12df61146211,ok,,0,cpu-specialized,resident,10,ASIA,1994-01-01,0,False,32,1.0,0.0,0,process_tree,"{""sweep"":""threads""}","[""host_prepare_ms"",""load_ms""]",5,b1351a421ba8dcfd,"[{""nation"":""INDIA"",""revenue_1e4"":5368625879995},{""nation"":""CHINA"",""revenue_1e4"":5353508299282},{""nation"":""VIETNAM"",""revenue_1e4"":5322693887176},{""nation"":""JAPAN"",""revenue_1e4"":5267668371444},{""nation"":""INDONESIA"",""revenue_1e4"":5231768523189}]",expected_hash_match,,0.0,,0.0,14.520163,0.0,0.0,0.0,14.902401,4079.0648851543665,59986052,72985,59986052,0,0,0,0,2890575872,,4025260895.878456,logs/cpu-specialized-t32.stdout.jsonl,logs/cpu-specialized-t32.stderr.txt,2026-07-14T07:01:22.941166Z,2026-07-14T07:01:27.020239Z,cpu-specialized-t32,9323b5db-fce4-48a9-9b21-58a55e51f997,resident,fixed,2894.463266,601.588226,0.0,2639842265,0,0,"{""cpu_scan_ms"":""measured"",""d2h_bytes"":""measured"",""d2h_ms"":""measured"",""dataset_load_ms"":""measured"",""gpu_kernel_ms"":""measured"",""h2d_bytes"":""measured"",""h2d_ms"":""measured"",""host_prepare_ms"":""unavailable"",""load_ms"":""unavailable"",""mapped_remote_read_bytes"":""measured"",""overlap_wall_ms"":""measured"",""plan_build_ms"":""measured"",""query_total_ms"":""measured"",""resident_gpu_bytes"":""measured"",""resident_host_bytes"":""measured"",""resident_pinned_bytes"":""measured"",""session_setup_ms"":""measured"",""throughput_rows_per_second"":""measured"",""tune_ms"":""measured""}",1.0,,3,measured,unavailable,
2,v7-formal-sf10-resident,60fa4cd2-2d5e-460d-a17b-72b07c1a4a4b,ok,,0,cpu-specialized,resident,10,ASIA,1994-01-01,1,False,32,1.0,0.0,0,process_tree,"{""sweep"":""threads""}","[""host_prepare_ms"",""load_ms""]",5,b1351a421ba8dcfd,"[{""nation"":""INDIA"",""revenue_1e4"":5368625879995},{""nation"":""CHINA"",""revenue_1e4"":5353508299282},{""nation"":""VIETNAM"",""revenue_1e4"":5322693887176},{""nation"":""JAPAN"",""revenue_1e4"":5267668371444},{""nation"":""INDONESIA"",""revenue_1e4"":5231768523189}]",expected_hash_match,,0.0,,0.0,14.555786,0.0,0.0,0.0,14.925364,4079.0648851543665,59986052,72985,59986052,0,0,0,0,2890575872,,4019067943.6695814,logs/cpu-specialized-t32.stdout.jsonl,logs/cpu-specialized-t32.stderr.txt,2026-07-14T07:01:22.941166Z,2026-07-14T07:01:27.020239Z,cpu-specialized-t32,9323b5db-fce4-48a9-9b21-58a55e51f997,resident,fixed,2894.463266,601.588226,0.0,2639842265,0,0,"{""cpu_scan_ms"":""measured"",""d2h_bytes"":""measured"",""d2h_ms"":""measured"",""dataset_load_ms"":""measured"",""gpu_kernel_ms"":""measured"",""h2d_bytes"":""measured"",""h2d_ms"":""measured"",""host_prepare_ms"":""unavailable"",""load_ms"":""unavailable"",""mapped_remote_read_bytes"":""measured"",""overlap_wall_ms"":""measured"",""plan_build_ms"":""measured"",""query_total_ms"":""measured"",""resident_gpu_bytes"":""measured"",""resident_host_bytes"":""measured"",""resident_pinned_bytes"":""measured"",""session_setup_ms"":""measured"",""throughput_rows_per_second"":""measured"",""tune_ms"":""measured""}",1.0,,4,measured,unavailable,
2,v7-formal-sf10-resident,8aeb9619-a975-4601-8e7c-1fa28bcc88fe,ok,,0,cpu-specialized,resident,10,ASIA,1994-01-01,2,False,32,1.0,0.0,0,process_tree,"{""sweep"":""threads""}","[""host_prepare_ms"",""load_ms""]",5,b1351a421ba8dcfd,"[{""nation"":""INDIA"",""revenue_1e4"":5368625879995},{""nation"":""CHINA"",""revenue_1e4"":5353508299282},{""nation"":""VIETNAM"",""revenue_1e4"":5322693887176},{""nation"":""JAPAN"",""revenue_1e4"":5267668371444},{""nation"":""INDONESIA"",""revenue_1e4"":5231768523189}]",expected_hash_match,,0.0,,0.0,14.667582,0.0,0.0,0.0,15.056039,4079.0648851543665,59986052,72985,59986052,0,0,0,0,2890575872,,3984185481.985003,logs/cpu-specialized-t32.stdout.jsonl,logs/cpu-specialized-t32.stderr.txt,2026-07-14T07:01:22.941166Z,2026-07-14T07:01:27.020239Z,cpu-specialized-t32,9323b5db-fce4-48a9-9b21-58a55e51f997,resident,fixed,2894.463266,601.588226,0.0,2639842265,0,0,"{""cpu_scan_ms"":""measured"",""d2h_bytes"":""measured"",""d2h_ms"":""measured"",""dataset_load_ms"":""measured"",""gpu_kernel_ms"":""measured"",""h2d_bytes"":""measured"",""h2d_ms"":""measured"",""host_prepare_ms"":""unavailable"",""load_ms"":""unavailable"",""mapped_remote_read_bytes"":""measured"",""overlap_wall_ms"":""measured"",""plan_build_ms"":""measured"",""query_total_ms"":""measured"",""resident_gpu_bytes"":""measured"",""resident_host_bytes"":""measured"",""resident_pinned_bytes"":""measured"",""session_setup_ms"":""measured"",""throughput_rows_per_second"":""measured"",""tune_ms"":""measured""}",1.0,,5,measured,unavailable,
2,v7-formal-sf10-resident,94364c3e-d0ef-4b9a-8549-e1151fd43b6c,ok,,0,cpu-specialized,resident,10,ASIA,1994-01-01,3,False,32,1.0,0.0,0,process_tree,"{""sweep"":""threads""}","[""host_prepare_ms"",""load_ms""]",5,b1351a421ba8dcfd,"[{""nation"":""INDIA"",""revenue_1e4"":5368625879995},{""nation"":""CHINA"",""revenue_1e4"":5353508299282},{""nation"":""VIETNAM"",""revenue_1e4"":5322693887176},{""nation"":""JAPAN"",""revenue_1e4"":5267668371444},{""nation"":""INDONESIA"",""revenue_1e4"":5231768523189}]",expected_hash_match,,0.0,,0.0,14.578429,0.0,0.0,0.0,14.953406,4079.0648851543665,59986052,72985,59986052,0,0,0,0,2890575872,,4011531018.418145,logs/cpu-specialized-t32.stdout.jsonl,logs/cpu-specialized-t32.stderr.txt,2026-07-14T07:01:22.941166Z,2026-07-14T07:01:27.020239Z,cpu-specialized-t32,9323b5db-fce4-48a9-9b21-58a55e51f997,resident,fixed,2894.463266,601.588226,0.0,2639842265,0,0,"{""cpu_scan_ms"":""measured"",""d2h_bytes"":""measured"",""d2h_ms"":""measured"",""dataset_load_ms"":""measured"",""gpu_kernel_ms"":""measured"",""h2d_bytes"":""measured"",""h2d_ms"":""measured"",""host_prepare_ms"":""unavailable"",""load_ms"":""unavailable"",""mapped_remote_read_bytes"":""measured"",""overlap_wall_ms"":""measured"",""plan_build_ms"":""measured"",""query_total_ms"":""measured"",""resident_gpu_bytes"":""measured"",""resident_host_bytes"":""measured"",""resident_pinned_bytes"":""measured"",""session_setup_ms"":""measured"",""throughput_rows_per_second"":""measured"",""tune_ms"":""measured""}",1.0,,6,measured,unavailable,
2,v7-formal-sf10-resident,ffed586b-ab45-44f1-b648-ba150da4ada0,ok,,0,cpu-specialized,resident,10,ASIA,1994-01-01,4,False,32,1.0,0.0,0,process_tree,"{""sweep"":""threads""}","[""host_prepare_ms"",""load_ms""]",5,b1351a421ba8dcfd,"[{""nation"":""INDIA"",""revenue_1e4"":5368625879995},{""nation"":""CHINA"",""revenue_1e4"":5353508299282},{""nation"":""VIETNAM"",""revenue_1e4"":5322693887176},{""nation"":""JAPAN"",""revenue_1e4"":5267668371444},{""nation"":""INDONESIA"",""revenue_1e4"":5231768523189}]",expected_hash_match,,0.0,,0.0,14.508115,0.0,0.0,0.0,14.885686,4079.0648851543665,59986052,72985,59986052,0,0,0,0,2890575872,,4029780824.343601,logs/cpu-specialized-t32.stdout.jsonl,logs/cpu-specialized-t32.stderr.txt,2026-07-14T07:01:22.941166Z,2026-07-14T07:01:27.020239Z,cpu-specialized-t32,9323b5db-fce4-48a9-9b21-58a55e51f997,resident,fixed,2894.463266,601.588226,0.0,2639842265,0,0,"{""cpu_scan_ms"":""measured"",""d2h_bytes"":""measured"",""d2h_ms"":""measured"",""dataset_load_ms"":""measured"",""gpu_kernel_ms"":""measured"",""h2d_bytes"":""measured"",""h2d_ms"":""measured"",""host_prepare_ms"":""unavailable"",""load_ms"":""unavailable"",""mapped_remote_read_bytes"":""measured"",""overlap_wall_ms"":""measured"",""plan_build_ms"":""measured"",""query_total_ms"":""measured"",""resident_gpu_bytes"":""measured"",""resident_host_bytes"":""measured"",""resident_pinned_bytes"":""measured"",""session_setup_ms"":""measured"",""throughput_rows_per_second"":""measured"",""tune_ms"":""measured""}",1.0,,7,measured,unavailable,
2,v7-formal-sf10-resident,f660c30d-af37-4851-bcc2-cba7d67e99fa,ok,,0,cpu-specialized,resident,10,ASIA,1994-01-01,5,False,32,1.0,0.0,0,process_tree,"{""sweep"":""threads""}","[""host_prepare_ms"",""load_ms""]",5,b1351a421ba8dcfd,"[{""nation"":""INDIA"",""revenue_1e4"":5368625879995},{""nation"":""CHINA"",""revenue_1e4"":5353508299282},{""nation"":""VIETNAM"",""revenue_1e4"":5322693887176},{""nation"":""JAPAN"",""revenue_1e4"":5267668371444},{""nation"":""INDONESIA"",""revenue_1e4"":5231768523189}]",expected_hash_match,,0.0,,0.0,14.560464,0.0,0.0,0.0,14.95589,4079.0648851543665,59986052,72985,59986052,0,0,0,0,2890575872,,4010864749.607011,logs/cpu-specialized-t32.stdout.jsonl,logs/cpu-specialized-t32.stderr.txt,2026-07-14T07:01:22.941166Z,2026-07-14T07:01:27.020239Z,cpu-specialized-t32,9323b5db-fce4-48a9-9b21-58a55e51f997,resident,fixed,2894.463266,601.588226,0.0,2639842265,0,0,"{""cpu_scan_ms"":""measured"",""d2h_bytes"":""measured"",""d2h_ms"":""measured"",""dataset_load_ms"":""measured"",""gpu_kernel_ms"":""measured"",""h2d_bytes"":""measured"",""h2d_ms"":""measured"",""host_prepare_ms"":""unavailable"",""load_ms"":""unavailable"",""mapped_remote_read_bytes"":""measured"",""overlap_wall_ms"":""measured"",""plan_build_ms"":""measured"",""query_total_ms"":""measured"",""resident_gpu_bytes"":""measured"",""resident_host_bytes"":""measured"",""resident_pinned_bytes"":""measured"",""session_setup_ms"":""measured"",""throughput_rows_per_second"":""measured"",""tune_ms"":""measured""}",1.0,,8,measured,unavailable,
2,v7-formal-sf10-resident,3fb8f364-edfe-4273-9bbc-26a862e1cea3,ok,,0,cpu-specialized,resident,10,ASIA,1994-01-01,6,False,32,1.0,0.0,0,process_tree,"{""sweep"":""threads""}","[""host_prepare_ms"",""load_ms""]",5,b1351a421ba8dcfd,"[{""nation"":""INDIA"",""revenue_1e4"":5368625879995},{""nation"":""CHINA"",""revenue_1e4"":5353508299282},{""nation"":""VIETNAM"",""revenue_1e4"":5322693887176},{""nation"":""JAPAN"",""revenue_1e4"":5267668371444},{""nation"":""INDONESIA"",""revenue_1e4"":5231768523189}]",expected_hash_match,,0.0,,0.0,14.664628,0.0,0.0,0.0,15.038472,4079.0648851543665,59986052,72985,59986052,0,0,0,0,2890575872,,3988839557.6359086,logs/cpu-specialized-t32.stdout.jsonl,logs/cpu-specialized-t32.stderr.txt,2026-07-14T07:01:22.941166Z,2026-07-14T07:01:27.020239Z,cpu-specialized-t32,9323b5db-fce4-48a9-9b21-58a55e51f997,resident,fixed,2894.463266,601.588226,0.0,2639842265,0,0,"{""cpu_scan_ms"":""measured"",""d2h_bytes"":""measured"",""d2h_ms"":""measured"",""dataset_load_ms"":""measured"",""gpu_kernel_ms"":""measured"",""h2d_bytes"":""measured"",""h2d_ms"":""measured"",""host_prepare_ms"":""unavailable"",""load_ms"":""unavailable"",""mapped_remote_read_bytes"":""measured"",""overlap_wall_ms"":""measured"",""plan_build_ms"":""measured"",""query_total_ms"":""measured"",""resident_gpu_bytes"":""measured"",""resident_host_bytes"":""measured"",""resident_pinned_bytes"":""measured"",""session_setup_ms"":""measured"",""throughput_rows_per_second"":""measured"",""tune_ms"":""measured""}",1.0,,9,measured,unavailable,
2,v7-formal-sf10-resident,4a4eb51e-864a-4ec6-9b5a-aae4561fda79,ok,,0,cpu-specialized,resident,10,ASIA,1994-01-01,7,False,32,1.0,0.0,0,process_tree,"{""sweep"":""threads""}","[""host_prepare_ms"",""load_ms""]",5,b1351a421ba8dcfd,"[{""nation"":""INDIA"",""revenue_1e4"":5368625879995},{""nation"":""CHINA"",""revenue_1e4"":5353508299282},{""nation"":""VIETNAM"",""revenue_1e4"":5322693887176},{""nation"":""JAPAN"",""revenue_1e4"":5267668371444},{""nation"":""INDONESIA"",""revenue_1e4"":5231768523189}]",expected_hash_match,,0.0,,0.0,14.789564,0.0,0.0,0.0,15.170699,4079.0648851543665,59986052,72985,59986052,0,0,0,0,2890575872,,3954073045.678383,logs/cpu-specialized-t32.stdout.jsonl,logs/cpu-specialized-t32.stderr.txt,2026-07-14T07:01:22.941166Z,2026-07-14T07:01:27.020239Z,cpu-specialized-t32,9323b5db-fce4-48a9-9b21-58a55e51f997,resident,fixed,2894.463266,601.588226,0.0,2639842265,0,0,"{""cpu_scan_ms"":""measured"",""d2h_bytes"":""measured"",""d2h_ms"":""measured"",""dataset_load_ms"":""measured"",""gpu_kernel_ms"":""measured"",""h2d_bytes"":""measured"",""h2d_ms"":""measured"",""host_prepare_ms"":""unavailable"",""load_ms"":""unavailable"",""mapped_remote_read_bytes"":""measured"",""overlap_wall_ms"":""measured"",""plan_build_ms"":""measured"",""query_total_ms"":""measured"",""resident_gpu_bytes"":""measured"",""resident_host_bytes"":""measured"",""resident_pinned_bytes"":""measured"",""session_setup_ms"":""measured"",""throughput_rows_per_second"":""measured"",""tune_ms"":""measured""}",1.0,,10,measured,unavailable,
2,v7-formal-sf10-resident,eec03e95-bbc2-40af-9f3e-557b31e8a75f,ok,,0,cpu-specialized,resident,10,ASIA,1994-01-01,8,False,32,1.0,0.0,0,process_tree,"{""sweep"":""threads""}","[""host_prepare_ms"",""load_ms""]",5,b1351a421ba8dcfd,"[{""nation"":""INDIA"",""revenue_1e4"":5368625879995},{""nation"":""CHINA"",""revenue_1e4"":5353508299282},{""nation"":""VIETNAM"",""revenue_1e4"":5322693887176},{""nation"":""JAPAN"",""revenue_1e4"":5267668371444},{""nation"":""INDONESIA"",""revenue_1e4"":5231768523189}]",expected_hash_match,,0.0,,0.0,14.552011,0.0,0.0,0.0,14.909521,4079.0648851543665,59986052,72985,59986052,0,0,0,0,2890575872,,4023338643.8102202,logs/cpu-specialized-t32.stdout.jsonl,logs/cpu-specialized-t32.stderr.txt,2026-07-14T07:01:22.941166Z,2026-07-14T07:01:27.020239Z,cpu-specialized-t32,9323b5db-fce4-48a9-9b21-58a55e51f997,resident,fixed,2894.463266,601.588226,0.0,2639842265,0,0,"{""cpu_scan_ms"":""measured"",""d2h_bytes"":""measured"",""d2h_ms"":""measured"",""dataset_load_ms"":""measured"",""gpu_kernel_ms"":""measured"",""h2d_bytes"":""measured"",""h2d_ms"":""measured"",""host_prepare_ms"":""unavailable"",""load_ms"":""unavailable"",""mapped_remote_read_bytes"":""measured"",""overlap_wall_ms"":""measured"",""plan_build_ms"":""measured"",""query_total_ms"":""measured"",""resident_gpu_bytes"":""measured"",""resident_host_bytes"":""measured"",""resident_pinned_bytes"":""measured"",""session_setup_ms"":""measured"",""throughput_rows_per_second"":""measured"",""tune_ms"":""measured""}",1.0,,11,measured,unavailable,
2,v7-formal-sf10-resident,4e392cad-5b2a-473e-ae58-6233749e66cb,ok,,0,cpu-specialized,resident,10,ASIA,1994-01-01,9,False,32,1.0,0.0,0,process_tree,"{""sweep"":""threads""}","[""host_prepare_ms"",""load_ms""]",5,b1351a421ba8dcfd,"[{""nation"":""INDIA"",""revenue_1e4"":5368625879995},{""nation"":""CHINA"",""revenue_1e4"":5353508299282},{""nation"":""VIETNAM"",""revenue_1e4"":5322693887176},{""nation"":""JAPAN"",""revenue_1e4"":5267668371444},{""nation"":""INDONESIA"",""revenue_1e4"":5231768523189}]",expected_hash_match,,0.0,,0.0,14.95551,0.0,0.0,0.0,15.335714,4079.0648851543665,59986052,72985,59986052,0,0,0,0,2890575872,,3911526519.078277,logs/cpu-specialized-t32.stdout.jsonl,logs/cpu-specialized-t32.stderr.txt,2026-07-14T07:01:22.941166Z,2026-07-14T07:01:27.020239Z,cpu-specialized-t32,9323b5db-fce4-48a9-9b21-58a55e51f997,resident,fixed,2894.463266,601.588226,0.0,2639842265,0,0,"{""cpu_scan_ms"":""measured"",""d2h_bytes"":""measured"",""d2h_ms"":""measured"",""dataset_load_ms"":""measured"",""gpu_kernel_ms"":""measured"",""h2d_bytes"":""measured"",""h2d_ms"":""measured"",""host_prepare_ms"":""unavailable"",""load_ms"":""unavailable"",""mapped_remote_read_bytes"":""measured"",""overlap_wall_ms"":""measured"",""plan_build_ms"":""measured"",""query_total_ms"":""measured"",""resident_gpu_bytes"":""measured"",""resident_host_bytes"":""measured"",""resident_pinned_bytes"":""measured"",""session_setup_ms"":""measured"",""throughput_rows_per_second"":""measured"",""tune_ms"":""measured""}",1.0,,12,measured,unavailable,
2,v7-formal-sf10-resident,896dd69b-93b5-4c80-bff1-f78717da5f80,ok,,0,arrow-acero,resident,10,ASIA,1994-01-01,0,False,8,1.0,0.0,0,process_tree,"{""sweep"":""threads""}","[""host_prepare_ms"",""load_ms""]",5,b1351a421ba8dcfd,"[{""nation"":""INDIA"",""revenue_1e4"":5368625879995},{""nation"":""CHINA"",""revenue_1e4"":5353508299282},{""nation"":""VIETNAM"",""revenue_1e4"":5322693887176},{""nation"":""JAPAN"",""revenue_1e4"":5267668371444},{""nation"":""INDONESIA"",""revenue_1e4"":5231768523189}]",expected_hash_match,,2993.287794,,0.0,196.443341,0.0,0.0,0.0,3189.737595,45105.45006394386,59986052,72985,59986052,0,0,0,0,3630559232,,18805951.96734357,logs/arrow-acero-t08.stdout.jsonl,logs/arrow-acero-t08.stderr.txt,2026-07-14T07:01:27.022926Z,2026-07-14T07:02:12.128385Z,arrow-acero-t08,3c3e4d92-c40f-4c87-adf9-88bb82ce01a6,resident,fixed,2907.461788,0.10729,0.0,2592242759,0,0,"{""cpu_scan_ms"":""measured"",""d2h_bytes"":""measured"",""d2h_ms"":""measured"",""dataset_load_ms"":""measured"",""gpu_kernel_ms"":""measured"",""h2d_bytes"":""measured"",""h2d_ms"":""measured"",""host_prepare_ms"":""unavailable"",""load_ms"":""unavailable"",""mapped_remote_read_bytes"":""measured"",""overlap_wall_ms"":""measured"",""plan_build_ms"":""measured"",""query_total_ms"":""measured"",""resident_gpu_bytes"":""measured"",""resident_host_bytes"":""measured"",""resident_pinned_bytes"":""measured"",""session_setup_ms"":""measured"",""throughput_rows_per_second"":""measured"",""tune_ms"":""measured""}",1.0,,3,measured,unavailable,
2,v7-formal-sf10-resident,8bd5de3a-7204-409d-b54c-5d7f08807b8c,ok,,0,arrow-acero,resident,10,ASIA,1994-01-01,1,False,8,1.0,0.0,0,process_tree,"{""sweep"":""threads""}","[""host_prepare_ms"",""load_ms""]",5,b1351a421ba8dcfd,"[{""nation"":""INDIA"",""revenue_1e4"":5368625879995},{""nation"":""CHINA"",""revenue_1e4"":5353508299282},{""nation"":""VIETNAM"",""revenue_1e4"":5322693887176},{""nation"":""JAPAN"",""revenue_1e4"":5267668371444},{""nation"":""INDONESIA"",""revenue_1e4"":5231768523189}]",expected_hash_match,,2991.296583,,0.0,209.626125,0.0,0.0,0.0,3200.928967,45105.45006394386,59986052,72985,59986052,0,0,0,0,3630559232,,18740200.928676218,logs/arrow-acero-t08.stdout.jsonl,logs/arrow-acero-t08.stderr.txt,2026-07-14T07:01:27.022926Z,2026-07-14T07:02:12.128385Z,arrow-acero-t08,3c3e4d92-c40f-4c87-adf9-88bb82ce01a6,resident,fixed,2907.461788,0.10729,0.0,2592242759,0,0,"{""cpu_scan_ms"":""measured"",""d2h_bytes"":""measured"",""d2h_ms"":""measured"",""dataset_load_ms"":""measured"",""gpu_kernel_ms"":""measured"",""h2d_bytes"":""measured"",""h2d_ms"":""measured"",""host_prepare_ms"":""unavailable"",""load_ms"":""unavailable"",""mapped_remote_read_bytes"":""measured"",""overlap_wall_ms"":""measured"",""plan_build_ms"":""measured"",""query_total_ms"":""measured"",""resident_gpu_bytes"":""measured"",""resident_host_bytes"":""measured"",""resident_pinned_bytes"":""measured"",""session_setup_ms"":""measured"",""throughput_rows_per_second"":""measured"",""tune_ms"":""measured""}",1.0,,4,measured,unavailable,
2,v7-formal-sf10-resident,cfff4fae-66d6-4b9f-842f-a674f25879cd,ok,,0,arrow-acero,resident,10,ASIA,1994-01-01,2,False,8,1.0,0.0,0,process_tree,"{""sweep"":""threads""}","[""host_prepare_ms"",""load_ms""]",5,b1351a421ba8dcfd,"[{""nation"":""INDIA"",""revenue_1e4"":5368625879995},{""nation"":""CHINA"",""revenue_1e4"":5353508299282},{""nation"":""VIETNAM"",""revenue_1e4"":5322693887176},{""nation"":""JAPAN"",""revenue_1e4"":5267668371444},{""nation"":""INDONESIA"",""revenue_1e4"":5231768523189}]",expected_hash_match,,2994.426803,,0.0,180.003063,0.0,0.0,0.0,3174.436086,45105.45006394386,59986052,72985,59986052,0,0,0,0,3630559232,,18896600.963097796,logs/arrow-acero-t08.stdout.jsonl,logs/arrow-acero-t08.stderr.txt,2026-07-14T07:01:27.022926Z,2026-07-14T07:02:12.128385Z,arrow-acero-t08,3c3e4d92-c40f-4c87-adf9-88bb82ce01a6,resident,fixed,2907.461788,0.10729,0.0,2592242759,0,0,"{""cpu_scan_ms"":""measured"",""d2h_bytes"":""measured"",""d2h_ms"":""measured"",""dataset_load_ms"":""measured"",""gpu_kernel_ms"":""measured"",""h2d_bytes"":""measured"",""h2d_ms"":""measured"",""host_prepare_ms"":""unavailable"",""load_ms"":""unavailable"",""mapped_remote_read_bytes"":""measured"",""overlap_wall_ms"":""measured"",""plan_build_ms"":""measured"",""query_total_ms"":""measured"",""resident_gpu_bytes"":""measured"",""resident_host_bytes"":""measured"",""resident_pinned_bytes"":""measured"",""session_setup_ms"":""measured"",""throughput_rows_per_second"":""measured"",""tune_ms"":""measured""}",1.0,,5,measured,unavailable,
2,v7-formal-sf10-resident,6b9a58f1-376b-4540-9d66-633cd3f60b77,ok,,0,arrow-acero,resident,10,ASIA,1994-01-01,3,False,8,1.0,0.0,0,process_tree,"{""sweep"":""threads""}","[""host_prepare_ms"",""load_ms""]",5,b1351a421ba8dcfd,"[{""nation"":""INDIA"",""revenue_1e4"":5368625879995},{""nation"":""CHINA"",""revenue_1e4"":5353508299282},{""nation"":""VIETNAM"",""revenue_1e4"":5322693887176},{""nation"":""JAPAN"",""revenue_1e4"":5267668371444},{""nation"":""INDONESIA"",""revenue_1e4"":5231768523189}]",expected_hash_match,,3019.151681,,0.0,209.253479,0.0,0.0,0.0,3228.4121,45105.45006394386,59986052,72985,59986052,0,0,0,0,3630559232,,18580667.567191932,logs/arrow-acero-t08.stdout.jsonl,logs/arrow-acero-t08.stderr.txt,2026-07-14T07:01:27.022926Z,2026-07-14T07:02:12.128385Z,arrow-acero-t08,3c3e4d92-c40f-4c87-adf9-88bb82ce01a6,resident,fixed,2907.461788,0.10729,0.0,2592242759,0,0,"{""cpu_scan_ms"":""measured"",""d2h_bytes"":""measured"",""d2h_ms"":""measured"",""dataset_load_ms"":""measured"",""gpu_kernel_ms"":""measured"",""h2d_bytes"":""measured"",""h2d_ms"":""measured"",""host_prepare_ms"":""unavailable"",""load_ms"":""unavailable"",""mapped_remote_read_bytes"":""measured"",""overlap_wall_ms"":""measured"",""plan_build_ms"":""measured"",""query_total_ms"":""measured"",""resident_gpu_bytes"":""measured"",""resident_host_bytes"":""measured"",""resident_pinned_bytes"":""measured"",""session_setup_ms"":""measured"",""throughput_rows_per_second"":""measured"",""tune_ms"":""measured""}",1.0,,6,measured,unavailable,
2,v7-formal-sf10-resident,385a3759-d11b-47af-80e2-ec8a3bd8840c,ok,,0,arrow-acero,resident,10,ASIA,1994-01-01,4,False,8,1.0,0.0,0,process_tree,"{""sweep"":""threads""}","[""host_prepare_ms"",""load_ms""]",5,b1351a421ba8dcfd,"[{""nation"":""INDIA"",""revenue_1e4"":5368625879995},{""nation"":""CHINA"",""revenue_1e4"":5353508299282},{""nation"":""VIETNAM"",""revenue_1e4"":5322693887176},{""nation"":""JAPAN"",""revenue_1e4"":5267668371444},{""nation"":""INDONESIA"",""revenue_1e4"":5231768523189}]",expected_hash_match,,2942.166718,,0.0,169.35359,0.0,0.0,0.0,3111.526237,45105.45006394386,59986052,72985,59986052,0,0,0,0,3630559232,,19278658.584552374,logs/arrow-acero-t08.stdout.jsonl,logs/arrow-acero-t08.stderr.txt,2026-07-14T07:01:27.022926Z,2026-07-14T07:02:12.128385Z,arrow-acero-t08,3c3e4d92-c40f-4c87-adf9-88bb82ce01a6,resident,fixed,2907.461788,0.10729,0.0,2592242759,0,0,"{""cpu_scan_ms"":""measured"",""d2h_bytes"":""measured"",""d2h_ms"":""measured"",""dataset_load_ms"":""measured"",""gpu_kernel_ms"":""measured"",""h2d_bytes"":""measured"",""h2d_ms"":""measured"",""host_prepare_ms"":""unavailable"",""load_ms"":""unavailable"",""mapped_remote_read_bytes"":""measured"",""overlap_wall_ms"":""measured"",""plan_build_ms"":""measured"",""query_total_ms"":""measured"",""resident_gpu_bytes"":""measured"",""resident_host_bytes"":""measured"",""resident_pinned_bytes"":""measured"",""session_setup_ms"":""measured"",""throughput_rows_per_second"":""measured"",""tune_ms"":""measured""}",1.0,,7,measured,unavailable,
2,v7-formal-sf10-resident,683950cd-0311-4e15-b3ed-119011b6b80f,ok,,0,arrow-acero,resident,10,ASIA,1994-01-01,5,False,8,1.0,0.0,0,process_tree,"{""sweep"":""threads""}","[""host_prepare_ms"",""load_ms""]",5,b1351a421ba8dcfd,"[{""nation"":""INDIA"",""revenue_1e4"":5368625879995},{""nation"":""CHINA"",""revenue_1e4"":5353508299282},{""nation"":""VIETNAM"",""revenue_1e4"":5322693887176},{""nation"":""JAPAN"",""revenue_1e4"":5267668371444},{""nation"":""INDONESIA"",""revenue_1e4"":5231768523189}]",expected_hash_match,,3000.553787,,0.0,207.27518,0.0,0.0,0.0,3207.835487,45105.45006394386,59986052,72985,59986052,0,0,0,0,3630559232,,18699852.98282848,logs/arrow-acero-t08.stdout.jsonl,logs/arrow-acero-t08.stderr.txt,2026-07-14T07:01:27.022926Z,2026-07-14T07:02:12.128385Z,arrow-acero-t08,3c3e4d92-c40f-4c87-adf9-88bb82ce01a6,resident,fixed,2907.461788,0.10729,0.0,2592242759,0,0,"{""cpu_scan_ms"":""measured"",""d2h_bytes"":""measured"",""d2h_ms"":""measured"",""dataset_load_ms"":""measured"",""gpu_kernel_ms"":""measured"",""h2d_bytes"":""measured"",""h2d_ms"":""measured"",""host_prepare_ms"":""unavailable"",""load_ms"":""unavailable"",""mapped_remote_read_bytes"":""measured"",""overlap_wall_ms"":""measured"",""plan_build_ms"":""measured"",""query_total_ms"":""measured"",""resident_gpu_bytes"":""measured"",""resident_host_bytes"":""measured"",""resident_pinned_bytes"":""measured"",""session_setup_ms"":""measured"",""throughput_rows_per_second"":""measured"",""tune_ms"":""measured""}",1.0,,8,measured,unavailable,
2,v7-formal-sf10-resident,60f6f0f5-f0f6-4b5d-8179-a03ddba49e14,ok,,0,arrow-acero,resident,10,ASIA,1994-01-01,6,False,8,1.0,0.0,0,process_tree,"{""sweep"":""threads""}","[""host_prepare_ms"",""load_ms""]",5,b1351a421ba8dcfd,"[{""nation"":""INDIA"",""revenue_1e4"":5368625879995},{""nation"":""CHINA"",""revenue_1e4"":5353508299282},{""nation"":""VIETNAM"",""revenue_1e4"":5322693887176},{""nation"":""JAPAN"",""revenue_1e4"":5267668371444},{""nation"":""INDONESIA"",""revenue_1e4"":5231768523189}]",expected_hash_match,,3017.915064,,0.0,171.232335,0.0,0.0,0.0,3189.153989,45105.45006394386,59986052,72985,59986052,0,0,0,0,3630559232,,18809393.40242062,logs/arrow-acero-t08.stdout.jsonl,logs/arrow-acero-t08.stderr.txt,2026-07-14T07:01:27.022926Z,2026-07-14T07:02:12.128385Z,arrow-acero-t08,3c3e4d92-c40f-4c87-adf9-88bb82ce01a6,resident,fixed,2907.461788,0.10729,0.0,2592242759,0,0,"{""cpu_scan_ms"":""measured"",""d2h_bytes"":""measured"",""d2h_ms"":""measured"",""dataset_load_ms"":""measured"",""gpu_kernel_ms"":""measured"",""h2d_bytes"":""measured"",""h2d_ms"":""measured"",""host_prepare_ms"":""unavailable"",""load_ms"":""unavailable"",""mapped_remote_read_bytes"":""measured"",""overlap_wall_ms"":""measured"",""plan_build_ms"":""measured"",""query_total_ms"":""measured"",""resident_gpu_bytes"":""measured"",""resident_host_bytes"":""measured"",""resident_pinned_bytes"":""measured"",""session_setup_ms"":""measured"",""throughput_rows_per_second"":""measured"",""tune_ms"":""measured""}",1.0,,9,measured,unavailable,
2,v7-formal-sf10-resident,5fe54dcd-37a5-4960-aa4c-b81c977e76b1,ok,,0,arrow-acero,resident,10,ASIA,1994-01-01,7,False,8,1.0,0.0,0,process_tree,"{""sweep"":""threads""}","[""host_prepare_ms"",""load_ms""]",5,b1351a421ba8dcfd,"[{""nation"":""INDIA"",""revenue_1e4"":5368625879995},{""nation"":""CHINA"",""revenue_1e4"":5353508299282},{""nation"":""VIETNAM"",""revenue_1e4"":5322693887176},{""nation"":""JAPAN"",""revenue_1e4"":5267668371444},{""nation"":""INDONESIA"",""revenue_1e4"":5231768523189}]",expected_hash_match,,3018.958295,,0.0,208.836865,0.0,0.0,0.0,3227.801471,45105.45006394386,59986052,72985,59986052,0,0,0,0,3630559232,,18584182.62056737,logs/arrow-acero-t08.stdout.jsonl,logs/arrow-acero-t08.stderr.txt,2026-07-14T07:01:27.022926Z,2026-07-14T07:02:12.128385Z,arrow-acero-t08,3c3e4d92-c40f-4c87-adf9-88bb82ce01a6,resident,fixed,2907.461788,0.10729,0.0,2592242759,0,0,"{""cpu_scan_ms"":""measured"",""d2h_bytes"":""measured"",""d2h_ms"":""measured"",""dataset_load_ms"":""measured"",""gpu_kernel_ms"":""measured"",""h2d_bytes"":""measured"",""h2d_ms"":""measured"",""host_prepare_ms"":""unavailable"",""load_ms"":""unavailable"",""mapped_remote_read_bytes"":""measured"",""overlap_wall_ms"":""measured"",""plan_build_ms"":""measured"",""query_total_ms"":""measured"",""resident_gpu_bytes"":""measured"",""resident_host_bytes"":""measured"",""resident_pinned_bytes"":""measured"",""session_setup_ms"":""measured"",""throughput_rows_per_second"":""measured"",""tune_ms"":""measured""}",1.0,,10,measured,unavailable,
2,v7-formal-sf10-resident,4699f0d0-e920-4464-be08-cd99438a2eb1,ok,,0,arrow-acero,resident,10,ASIA,1994-01-01,8,False,8,1.0,0.0,0,process_tree,"{""sweep"":""threads""}","[""host_prepare_ms"",""load_ms""]",5,b1351a421ba8dcfd,"[{""nation"":""INDIA"",""revenue_1e4"":5368625879995},{""nation"":""CHINA"",""revenue_1e4"":5353508299282},{""nation"":""VIETNAM"",""revenue_1e4"":5322693887176},{""nation"":""JAPAN"",""revenue_1e4"":5267668371444},{""nation"":""INDONESIA"",""revenue_1e4"":5231768523189}]",expected_hash_match,,3065.407206,,0.0,165.32402,0.0,0.0,0.0,3230.737586,45105.45006394386,59986052,72985,59986052,0,0,0,0,3630559232,,18567293.196433563,logs/arrow-acero-t08.stdout.jsonl,logs/arrow-acero-t08.stderr.txt,2026-07-14T07:01:27.022926Z,2026-07-14T07:02:12.128385Z,arrow-acero-t08,3c3e4d92-c40f-4c87-adf9-88bb82ce01a6,resident,fixed,2907.461788,0.10729,0.0,2592242759,0,0,"{""cpu_scan_ms"":""measured"",""d2h_bytes"":""measured"",""d2h_ms"":""measured"",""dataset_load_ms"":""measured"",""gpu_kernel_ms"":""measured"",""h2d_bytes"":""measured"",""h2d_ms"":""measured"",""host_prepare_ms"":""unavailable"",""load_ms"":""unavailable"",""mapped_remote_read_bytes"":""measured"",""overlap_wall_ms"":""measured"",""plan_build_ms"":""measured"",""query_total_ms"":""measured"",""resident_gpu_bytes"":""measured"",""resident_host_bytes"":""measured"",""resident_pinned_bytes"":""measured"",""session_setup_ms"":""measured"",""throughput_rows_per_second"":""measured"",""tune_ms"":""measured""}",1.0,,11,measured,unavailable,
2,v7-formal-sf10-resident,f318095e-e45f-4fa7-99aa-95cae12e15c0,ok,,0,arrow-acero,resident,10,ASIA,1994-01-01,9,False,8,1.0,0.0,0,process_tree,"{""sweep"":""threads""}","[""host_prepare_ms"",""load_ms""]",5,b1351a421ba8dcfd,"[{""nation"":""INDIA"",""revenue_1e4"":5368625879995},{""nation"":""CHINA"",""revenue_1e4"":5353508299282},{""nation"":""VIETNAM"",""revenue_1e4"":5322693887176},{""nation"":""JAPAN"",""revenue_1e4"":5267668371444},{""nation"":""INDONESIA"",""revenue_1e4"":5231768523189}]",expected_hash_match,,3054.600226,,0.0,219.244694,0.0,0.0,0.0,3273.85152,45105.45006394386,59986052,72985,59986052,0,0,0,0,3630559232,,18322777.20401932,logs/arrow-acero-t08.stdout.jsonl,logs/arrow-acero-t08.stderr.txt,2026-07-14T07:01:27.022926Z,2026-07-14T07:02:12.128385Z,arrow-acero-t08,3c3e4d92-c40f-4c87-adf9-88bb82ce01a6,resident,fixed,2907.461788,0.10729,0.0,2592242759,0,0,"{""cpu_scan_ms"":""measured"",""d2h_bytes"":""measured"",""d2h_ms"":""measured"",""dataset_load_ms"":""measured"",""gpu_kernel_ms"":""measured"",""h2d_bytes"":""measured"",""h2d_ms"":""measured"",""host_prepare_ms"":""unavailable"",""load_ms"":""unavailable"",""mapped_remote_read_bytes"":""measured"",""overlap_wall_ms"":""measured"",""plan_build_ms"":""measured"",""query_total_ms"":""measured"",""resident_gpu_bytes"":""measured"",""resident_host_bytes"":""measured"",""resident_pinned_bytes"":""measured"",""session_setup_ms"":""measured"",""throughput_rows_per_second"":""measured"",""tune_ms"":""measured""}",1.0,,12,measured,unavailable,
2,v7-formal-sf10-resident,6d0e61b9-bb29-48c4-88be-bee68bb73f31,ok,,0,arrow-acero,resident,10,ASIA,1994-01-01,0,False,16,1.0,0.0,0,process_tree,"{""sweep"":""threads""}","[""host_prepare_ms"",""load_ms""]",5,b1351a421ba8dcfd,"[{""nation"":""INDIA"",""revenue_1e4"":5368625879995},{""nation"":""CHINA"",""revenue_1e4"":5353508299282},{""nation"":""VIETNAM"",""revenue_1e4"":5322693887176},{""nation"":""JAPAN"",""revenue_1e4"":5267668371444},{""nation"":""INDONESIA"",""revenue_1e4"":5231768523189}]",expected_hash_match,,3011.617226,,0.0,112.249627,0.0,0.0,0.0,3123.873203,44585.362639743835,59986052,72985,59986052,0,0,0,0,3604328448,,19202460.5679874,logs/arrow-acero-t16.stdout.jsonl,logs/arrow-acero-t16.stderr.txt,2026-07-14T07:02:12.131114Z,2026-07-14T07:02:56.716487Z,arrow-acero-t16,bc83850f-56ac-4cbd-a587-6af678a5ee06,resident,fixed,2911.394155,0.111025,0.0,2592242759,0,0,"{""cpu_scan_ms"":""measured"",""d2h_bytes"":""measured"",""d2h_ms"":""measured"",""dataset_load_ms"":""measured"",""gpu_kernel_ms"":""measured"",""h2d_bytes"":""measured"",""h2d_ms"":""measured"",""host_prepare_ms"":""unavailable"",""load_ms"":""unavailable"",""mapped_remote_read_bytes"":""measured"",""overlap_wall_ms"":""measured"",""plan_build_ms"":""measured"",""query_total_ms"":""measured"",""resident_gpu_bytes"":""measured"",""resident_host_bytes"":""measured"",""resident_pinned_bytes"":""measured"",""session_setup_ms"":""measured"",""throughput_rows_per_second"":""measured"",""tune_ms"":""measured""}",1.0,,3,measured,unavailable,
2,v7-formal-sf10-resident,6bd08988-c02c-454a-9755-2c5fe1f7fd2c,ok,,0,arrow-acero,resident,10,ASIA,1994-01-01,1,False,16,1.0,0.0,0,process_tree,"{""sweep"":""threads""}","[""host_prepare_ms"",""load_ms""]",5,b1351a421ba8dcfd,"[{""nation"":""INDIA"",""revenue_1e4"":5368625879995},{""nation"":""CHINA"",""revenue_1e4"":5353508299282},{""nation"":""VIETNAM"",""revenue_1e4"":5322693887176},{""nation"":""JAPAN"",""revenue_1e4"":5267668371444},{""nation"":""INDONESIA"",""revenue_1e4"":5231768523189}]",expected_hash_match,,3032.320594,,0.0,142.500623,0.0,0.0,0.0,3174.827536,44585.362639743835,59986052,72985,59986052,0,0,0,0,3604328448,,18894271.049310945,logs/arrow-acero-t16.stdout.jsonl,logs/arrow-acero-t16.stderr.txt,2026-07-14T07:02:12.131114Z,2026-07-14T07:02:56.716487Z,arrow-acero-t16,bc83850f-56ac-4cbd-a587-6af678a5ee06,resident,fixed,2911.394155,0.111025,0.0,2592242759,0,0,"{""cpu_scan_ms"":""measured"",""d2h_bytes"":""measured"",""d2h_ms"":""measured"",""dataset_load_ms"":""measured"",""gpu_kernel_ms"":""measured"",""h2d_bytes"":""measured"",""h2d_ms"":""measured"",""host_prepare_ms"":""unavailable"",""load_ms"":""unavailable"",""mapped_remote_read_bytes"":""measured"",""overlap_wall_ms"":""measured"",""plan_build_ms"":""measured"",""query_total_ms"":""measured"",""resident_gpu_bytes"":""measured"",""resident_host_bytes"":""measured"",""resident_pinned_bytes"":""measured"",""session_setup_ms"":""measured"",""throughput_rows_per_second"":""measured"",""tune_ms"":""measured""}",1.0,,4,measured,unavailable,
2,v7-formal-sf10-resident,2f2b0f96-9f82-4889-b824-f1c75152070a,ok,,0,arrow-acero,resident,10,ASIA,1994-01-01,2,False,16,1.0,0.0,0,process_tree,"{""sweep"":""threads""}","[""host_prepare_ms"",""load_ms""]",5,b1351a421ba8dcfd,"[{""nation"":""INDIA"",""revenue_1e4"":5368625879995},{""nation"":""CHINA"",""revenue_1e4"":5353508299282},{""nation"":""VIETNAM"",""revenue_1e4"":5322693887176},{""nation"":""JAPAN"",""revenue_1e4"":5267668371444},{""nation"":""INDONESIA"",""revenue_1e4"":5231768523189}]",expected_hash_match,,3062.112356,,0.0,113.837409,0.0,0.0,0.0,3175.956014,44585.362639743835,59986052,72985,59986052,0,0,0,0,3604328448,,18887557.552930266,logs/arrow-acero-t16.stdout.jsonl,logs/arrow-acero-t16.stderr.txt,2026-07-14T07:02:12.131114Z,2026-07-14T07:02:56.716487Z,arrow-acero-t16,bc83850f-56ac-4cbd-a587-6af678a5ee06,resident,fixed,2911.394155,0.111025,0.0,2592242759,0,0,"{""cpu_scan_ms"":""measured"",""d2h_bytes"":""measured"",""d2h_ms"":""measured"",""dataset_load_ms"":""measured"",""gpu_kernel_ms"":""measured"",""h2d_bytes"":""measured"",""h2d_ms"":""measured"",""host_prepare_ms"":""unavailable"",""load_ms"":""unavailable"",""mapped_remote_read_bytes"":""measured"",""overlap_wall_ms"":""measured"",""plan_build_ms"":""measured"",""query_total_ms"":""measured"",""resident_gpu_bytes"":""measured"",""resident_host_bytes"":""measured"",""resident_pinned_bytes"":""measured"",""session_setup_ms"":""measured"",""throughput_rows_per_second"":""measured"",""tune_ms"":""measured""}",1.0,,5,measured,unavailable,
2,v7-formal-sf10-resident,3c8723d0-b65d-439b-8c56-cfcc904bdf75,ok,,0,arrow-acero,resident,10,ASIA,1994-01-01,3,False,16,1.0,0.0,0,process_tree,"{""sweep"":""threads""}","[""host_prepare_ms"",""load_ms""]",5,b1351a421ba8dcfd,"[{""nation"":""INDIA"",""revenue_1e4"":5368625879995},{""nation"":""CHINA"",""revenue_1e4"":5353508299282},{""nation"":""VIETNAM"",""revenue_1e4"":5322693887176},{""nation"":""JAPAN"",""revenue_1e4"":5267668371444},{""nation"":""INDONESIA"",""revenue_1e4"":5231768523189}]",expected_hash_match,,3044.637221,,0.0,139.72039,0.0,0.0,0.0,3184.363719,44585.362639743835,59986052,72985,59986052,0,0,0,0,3604328448,,18837688.55991039,logs/arrow-acero-t16.stdout.jsonl,logs/arrow-acero-t16.stderr.txt,2026-07-14T07:02:12.131114Z,2026-07-14T07:02:56.716487Z,arrow-acero-t16,bc83850f-56ac-4cbd-a587-6af678a5ee06,resident,fixed,2911.394155,0.111025,0.0,2592242759,0,0,"{""cpu_scan_ms"":""measured"",""d2h_bytes"":""measured"",""d2h_ms"":""measured"",""dataset_load_ms"":""measured"",""gpu_kernel_ms"":""measured"",""h2d_bytes"":""measured"",""h2d_ms"":""measured"",""host_prepare_ms"":""unavailable"",""load_ms"":""unavailable"",""mapped_remote_read_bytes"":""measured"",""overlap_wall_ms"":""measured"",""plan_build_ms"":""measured"",""query_total_ms"":""measured"",""resident_gpu_bytes"":""measured"",""resident_host_bytes"":""measured"",""resident_pinned_bytes"":""measured"",""session_setup_ms"":""measured"",""throughput_rows_per_second"":""measured"",""tune_ms"":""measured""}",1.0,,6,measured,unavailable,
2,v7-formal-sf10-resident,06c576bb-5666-45e7-8284-807c85d50947,ok,,0,arrow-acero,resident,10,ASIA,1994-01-01,4,False,16,1.0,0.0,0,process_tree,"{""sweep"":""threads""}","[""host_prepare_ms"",""load_ms""]",5,b1351a421ba8dcfd,"[{""nation"":""INDIA"",""revenue_1e4"":5368625879995},{""nation"":""CHINA"",""revenue_1e4"":5353508299282},{""nation"":""VIETNAM"",""revenue_1e4"":5322693887176},{""nation"":""JAPAN"",""revenue_1e4"":5267668371444},{""nation"":""INDONESIA"",""revenue_1e4"":5231768523189}]",expected_hash_match,,3007.289056,,0.0,110.337575,0.0,0.0,0.0,3117.633241,44585.362639743835,59986052,72985,59986052,0,0,0,0,3604328448,,19240894.410260748,logs/arrow-acero-t16.stdout.jsonl,logs/arrow-acero-t16.stderr.txt,2026-07-14T07:02:12.131114Z,2026-07-14T07:02:56.716487Z,arrow-acero-t16,bc83850f-56ac-4cbd-a587-6af678a5ee06,resident,fixed,2911.394155,0.111025,0.0,2592242759,0,0,"{""cpu_scan_ms"":""measured"",""d2h_bytes"":""measured"",""d2h_ms"":""measured"",""dataset_load_ms"":""measured"",""gpu_kernel_ms"":""measured"",""h2d_bytes"":""measured"",""h2d_ms"":""measured"",""host_prepare_ms"":""unavailable"",""load_ms"":""unavailable"",""mapped_remote_read_bytes"":""measured"",""overlap_wall_ms"":""measured"",""plan_build_ms"":""measured"",""query_total_ms"":""measured"",""resident_gpu_bytes"":""measured"",""resident_host_bytes"":""measured"",""resident_pinned_bytes"":""measured"",""session_setup_ms"":""measured"",""throughput_rows_per_second"":""measured"",""tune_ms"":""measured""}",1.0,,7,measured,unavailable,
2,v7-formal-sf10-resident,4a29c928-ecac-4180-9d61-c03055fa4134,ok,,0,arrow-acero,resident,10,ASIA,1994-01-01,5,False,16,1.0,0.0,0,process_tree,"{""sweep"":""threads""}","[""host_prepare_ms"",""load_ms""]",5,b1351a421ba8dcfd,"[{""nation"":""INDIA"",""revenue_1e4"":5368625879995},{""nation"":""CHINA"",""revenue_1e4"":5353508299282},{""nation"":""VIETNAM"",""revenue_1e4"":5322693887176},{""nation"":""JAPAN"",""revenue_1e4"":5267668371444},{""nation"":""INDONESIA"",""revenue_1e4"":5231768523189}]",expected_hash_match,,3036.26049,,0.0,135.411116,0.0,0.0,0.0,3171.678186,44585.362639743835,59986052,72985,59986052,0,0,0,0,3604328448,,18913032.3072443,logs/arrow-acero-t16.stdout.jsonl,logs/arrow-acero-t16.stderr.txt,2026-07-14T07:02:12.131114Z,2026-07-14T07:02:56.716487Z,arrow-acero-t16,bc83850f-56ac-4cbd-a587-6af678a5ee06,resident,fixed,2911.394155,0.111025,0.0,2592242759,0,0,"{""cpu_scan_ms"":""measured"",""d2h_bytes"":""measured"",""d2h_ms"":""measured"",""dataset_load_ms"":""measured"",""gpu_kernel_ms"":""measured"",""h2d_bytes"":""measured"",""h2d_ms"":""measured"",""host_prepare_ms"":""unavailable"",""load_ms"":""unavailable"",""mapped_remote_read_bytes"":""measured"",""overlap_wall_ms"":""measured"",""plan_build_ms"":""measured"",""query_total_ms"":""measured"",""resident_gpu_bytes"":""measured"",""resident_host_bytes"":""measured"",""resident_pinned_bytes"":""measured"",""session_setup_ms"":""measured"",""throughput_rows_per_second"":""measured"",""tune_ms"":""measured""}",1.0,,8,measured,unavailable,
2,v7-formal-sf10-resident,0faf36e0-f78a-4695-9cb9-ecd9ec953310,ok,,0,arrow-acero,resident,10,ASIA,1994-01-01,6,False,16,1.0,0.0,0,process_tree,"{""sweep"":""threads""}","[""host_prepare_ms"",""load_ms""]",5,b1351a421ba8dcfd,"[{""nation"":""INDIA"",""revenue_1e4"":5368625879995},{""nation"":""CHINA"",""revenue_1e4"":5353508299282},{""nation"":""VIETNAM"",""revenue_1e4"":5322693887176},{""nation"":""JAPAN"",""revenue_1e4"":5267668371444},{""nation"":""INDONESIA"",""revenue_1e4"":5231768523189}]",expected_hash_match,,3051.017099,,0.0,107.48903,0.0,0.0,0.0,3158.512288,44585.362639743835,59986052,72985,59986052,0,0,0,0,3604328448,,18991869.123923447,logs/arrow-acero-t16.stdout.jsonl,logs/arrow-acero-t16.stderr.txt,2026-07-14T07:02:12.131114Z,2026-07-14T07:02:56.716487Z,arrow-acero-t16,bc83850f-56ac-4cbd-a587-6af678a5ee06,resident,fixed,2911.394155,0.111025,0.0,2592242759,0,0,"{""cpu_scan_ms"":""measured"",""d2h_bytes"":""measured"",""d2h_ms"":""measured"",""dataset_load_ms"":""measured"",""gpu_kernel_ms"":""measured"",""h2d_bytes"":""measured"",""h2d_ms"":""measured"",""host_prepare_ms"":""unavailable"",""load_ms"":""unavailable"",""mapped_remote_read_bytes"":""measured"",""overlap_wall_ms"":""measured"",""plan_build_ms"":""measured"",""query_total_ms"":""measured"",""resident_gpu_bytes"":""measured"",""resident_host_bytes"":""measured"",""resident_pinned_bytes"":""measured"",""session_setup_ms"":""measured"",""throughput_rows_per_second"":""measured"",""tune_ms"":""measured""}",1.0,,9,measured,unavailable,
2,v7-formal-sf10-resident,bd2df3be-07f7-4cea-b60a-616488d72cb4,ok,,0,arrow-acero,resident,10,ASIA,1994-01-01,7,False,16,1.0,0.0,0,process_tree,"{""sweep"":""threads""}","[""host_prepare_ms"",""load_ms""]",5,b1351a421ba8dcfd,"[{""nation"":""INDIA"",""revenue_1e4"":5368625879995},{""nation"":""CHINA"",""revenue_1e4"":5353508299282},{""nation"":""VIETNAM"",""revenue_1e4"":5322693887176},{""nation"":""JAPAN"",""revenue_1e4"":5267668371444},{""nation"":""INDONESIA"",""revenue_1e4"":5231768523189}]",expected_hash_match,,3029.536202,,0.0,139.345301,0.0,0.0,0.0,3168.888134,44585.362639743835,59986052,72985,59986052,0,0,0,0,3604328448,,18929684.31305313,logs/arrow-acero-t16.stdout.jsonl,logs/arrow-acero-t16.stderr.txt,2026-07-14T07:02:12.131114Z,2026-07-14T07:02:56.716487Z,arrow-acero-t16,bc83850f-56ac-4cbd-a587-6af678a5ee06,resident,fixed,2911.394155,0.111025,0.0,2592242759,0,0,"{""cpu_scan_ms"":""measured"",""d2h_bytes"":""measured"",""d2h_ms"":""measured"",""dataset_load_ms"":""measured"",""gpu_kernel_ms"":""measured"",""h2d_bytes"":""measured"",""h2d_ms"":""measured"",""host_prepare_ms"":""unavailable"",""load_ms"":""unavailable"",""mapped_remote_read_bytes"":""measured"",""overlap_wall_ms"":""measured"",""plan_build_ms"":""measured"",""query_total_ms"":""measured"",""resident_gpu_bytes"":""measured"",""resident_host_bytes"":""measured"",""resident_pinned_bytes"":""measured"",""session_setup_ms"":""measured"",""throughput_rows_per_second"":""measured"",""tune_ms"":""measured""}",1.0,,10,measured,unavailable,
2,v7-formal-sf10-resident,6691333c-dbb7-4878-acfe-4981fdd92824,ok,,0,arrow-acero,resident,10,ASIA,1994-01-01,8,False,16,1.0,0.0,0,process_tree,"{""sweep"":""threads""}","[""host_prepare_ms"",""load_ms""]",5,b1351a421ba8dcfd,"[{""nation"":""INDIA"",""revenue_1e4"":5368625879995},{""nation"":""CHINA"",""revenue_1e4"":5353508299282},{""nation"":""VIETNAM"",""revenue_1e4"":5322693887176},{""nation"":""JAPAN"",""revenue_1e4"":5267668371444},{""nation"":""INDONESIA"",""revenue_1e4"":5231768523189}]",expected_hash_match,,3015.60182,,0.0,111.22498,0.0,0.0,0.0,3126.83325,44585.362639743835,59986052,72985,59986052,0,0,0,0,3604328448,,19184282.372588944,logs/arrow-acero-t16.stdout.jsonl,logs/arrow-acero-t16.stderr.txt,2026-07-14T07:02:12.131114Z,2026-07-14T07:02:56.716487Z,arrow-acero-t16,bc83850f-56ac-4cbd-a587-6af678a5ee06,resident,fixed,2911.394155,0.111025,0.0,2592242759,0,0,"{""cpu_scan_ms"":""measured"",""d2h_bytes"":""measured"",""d2h_ms"":""measured"",""dataset_load_ms"":""measured"",""gpu_kernel_ms"":""measured"",""h2d_bytes"":""measured"",""h2d_ms"":""measured"",""host_prepare_ms"":""unavailable"",""load_ms"":""unavailable"",""mapped_remote_read_bytes"":""measured"",""overlap_wall_ms"":""measured"",""plan_build_ms"":""measured"",""query_total_ms"":""measured"",""resident_gpu_bytes"":""measured"",""resident_host_bytes"":""measured"",""resident_pinned_bytes"":""measured"",""session_setup_ms"":""measured"",""throughput_rows_per_second"":""measured"",""tune_ms"":""measured""}",1.0,,11,measured,unavailable,
2,v7-formal-sf10-resident,d97966f6-9728-4d4d-93b3-24072bc73556,ok,,0,arrow-acero,resident,10,ASIA,1994-01-01,9,False,16,1.0,0.0,0,process_tree,"{""sweep"":""threads""}","[""host_prepare_ms"",""load_ms""]",5,b1351a421ba8dcfd,"[{""nation"":""INDIA"",""revenue_1e4"":5368625879995},{""nation"":""CHINA"",""revenue_1e4"":5353508299282},{""nation"":""VIETNAM"",""revenue_1e4"":5322693887176},{""nation"":""JAPAN"",""revenue_1e4"":5267668371444},{""nation"":""INDONESIA"",""revenue_1e4"":5231768523189}]",expected_hash_match,,3038.875054,,0.0,145.170756,0.0,0.0,0.0,3184.05194,44585.362639743835,59986052,72985,59986052,0,0,0,0,3604328448,,18839533.126460243,logs/arrow-acero-t16.stdout.jsonl,logs/arrow-acero-t16.stderr.txt,2026-07-14T07:02:12.131114Z,2026-07-14T07:02:56.716487Z,arrow-acero-t16,bc83850f-56ac-4cbd-a587-6af678a5ee06,resident,fixed,2911.394155,0.111025,0.0,2592242759,0,0,"{""cpu_scan_ms"":""measured"",""d2h_bytes"":""measured"",""d2h_ms"":""measured"",""dataset_load_ms"":""measured"",""gpu_kernel_ms"":""measured"",""h2d_bytes"":""measured"",""h2d_ms"":""measured"",""host_prepare_ms"":""unavailable"",""load_ms"":""unavailable"",""mapped_remote_read_bytes"":""measured"",""overlap_wall_ms"":""measured"",""plan_build_ms"":""measured"",""query_total_ms"":""measured"",""resident_gpu_bytes"":""measured"",""resident_host_bytes"":""measured"",""resident_pinned_bytes"":""measured"",""session_setup_ms"":""measured"",""throughput_rows_per_second"":""measured"",""tune_ms"":""measured""}",1.0,,12,measured,unavailable,
2,v7-formal-sf10-resident,f88315b6-5e98-45c8-9f8a-e7e698601226,ok,,0,arrow-acero,resident,10,ASIA,1994-01-01,0,False,32,1.0,0.0,0,process_tree,"{""sweep"":""threads""}","[""host_prepare_ms"",""load_ms""]",5,b1351a421ba8dcfd,"[{""nation"":""INDIA"",""revenue_1e4"":5368625879995},{""nation"":""CHINA"",""revenue_1e4"":5353508299282},{""nation"":""VIETNAM"",""revenue_1e4"":5322693887176},{""nation"":""JAPAN"",""revenue_1e4"":5267668371444},{""nation"":""INDONESIA"",""revenue_1e4"":5231768523189}]",expected_hash_match,,2992.11501,,0.0,88.645502,0.0,0.0,0.0,3080.764859,44164.929788094014,59986052,72985,59986052,0,0,0,0,3718721536,,19471155.620578963,logs/arrow-acero-t32.stdout.jsonl,logs/arrow-acero-t32.stderr.txt,2026-07-14T07:02:56.719289Z,2026-07-14T07:03:40.884270Z,arrow-acero-t32,3e8e8ea0-e46e-40a6-99de-e0925854f769,resident,fixed,2820.848699,0.107049,0.0,2592242759,0,0,"{""cpu_scan_ms"":""measured"",""d2h_bytes"":""measured"",""d2h_ms"":""measured"",""dataset_load_ms"":""measured"",""gpu_kernel_ms"":""measured"",""h2d_bytes"":""measured"",""h2d_ms"":""measured"",""host_prepare_ms"":""unavailable"",""load_ms"":""unavailable"",""mapped_remote_read_bytes"":""measured"",""overlap_wall_ms"":""measured"",""plan_build_ms"":""measured"",""query_total_ms"":""measured"",""resident_gpu_bytes"":""measured"",""resident_host_bytes"":""measured"",""resident_pinned_bytes"":""measured"",""session_setup_ms"":""measured"",""throughput_rows_per_second"":""measured"",""tune_ms"":""measured""}",1.0,,3,measured,unavailable,
2,v7-formal-sf10-resident,ae03d414-ca9a-43b7-a2c4-1e463f25e179,ok,,0,arrow-acero,resident,10,ASIA,1994-01-01,1,False,32,1.0,0.0,0,process_tree,"{""sweep"":""threads""}","[""host_prepare_ms"",""load_ms""]",5,b1351a421ba8dcfd,"[{""nation"":""INDIA"",""revenue_1e4"":5368625879995},{""nation"":""CHINA"",""revenue_1e4"":5353508299282},{""nation"":""VIETNAM"",""revenue_1e4"":5322693887176},{""nation"":""JAPAN"",""revenue_1e4"":5267668371444},{""nation"":""INDONESIA"",""revenue_1e4"":5231768523189}]",expected_hash_match,,3006.246329,,0.0,106.519435,0.0,0.0,0.0,3112.770581,44164.929788094014,59986052,72985,59986052,0,0,0,0,3718721536,,19270951.854321703,logs/arrow-acero-t32.stdout.jsonl,logs/arrow-acero-t32.stderr.txt,2026-07-14T07:02:56.719289Z,2026-07-14T07:03:40.884270Z,arrow-acero-t32,3e8e8ea0-e46e-40a6-99de-e0925854f769,resident,fixed,2820.848699,0.107049,0.0,2592242759,0,0,"{""cpu_scan_ms"":""measured"",""d2h_bytes"":""measured"",""d2h_ms"":""measured"",""dataset_load_ms"":""measured"",""gpu_kernel_ms"":""measured"",""h2d_bytes"":""measured"",""h2d_ms"":""measured"",""host_prepare_ms"":""unavailable"",""load_ms"":""unavailable"",""mapped_remote_read_bytes"":""measured"",""overlap_wall_ms"":""measured"",""plan_build_ms"":""measured"",""query_total_ms"":""measured"",""resident_gpu_bytes"":""measured"",""resident_host_bytes"":""measured"",""resident_pinned_bytes"":""measured"",""session_setup_ms"":""measured"",""throughput_rows_per_second"":""measured"",""tune_ms"":""measured""}",1.0,,4,measured,unavailable,
2,v7-formal-sf10-resident,3f18b312-7bee-4cd1-a7bc-b95619dd6356,ok,,0,arrow-acero,resident,10,ASIA,1994-01-01,2,False,32,1.0,0.0,0,process_tree,"{""sweep"":""threads""}","[""host_prepare_ms"",""load_ms""]",5,b1351a421ba8dcfd,"[{""nation"":""INDIA"",""revenue_1e4"":5368625879995},{""nation"":""CHINA"",""revenue_1e4"":5353508299282},{""nation"":""VIETNAM"",""revenue_1e4"":5322693887176},{""nation"":""JAPAN"",""revenue_1e4"":5267668371444},{""nation"":""INDONESIA"",""revenue_1e4"":5231768523189}]",expected_hash_match,,3100.884866,,0.0,81.937113,0.0,0.0,0.0,3182.826506,44164.929788094014,59986052,72985,59986052,0,0,0,0,3718721536,,18846786.61778117,logs/arrow-acero-t32.stdout.jsonl,logs/arrow-acero-t32.stderr.txt,2026-07-14T07:02:56.719289Z,2026-07-14T07:03:40.884270Z,arrow-acero-t32,3e8e8ea0-e46e-40a6-99de-e0925854f769,resident,fixed,2820.848699,0.107049,0.0,2592242759,0,0,"{""cpu_scan_ms"":""measured"",""d2h_bytes"":""measured"",""d2h_ms"":""measured"",""dataset_load_ms"":""measured"",""gpu_kernel_ms"":""measured"",""h2d_bytes"":""measured"",""h2d_ms"":""measured"",""host_prepare_ms"":""unavailable"",""load_ms"":""unavailable"",""mapped_remote_read_bytes"":""measured"",""overlap_wall_ms"":""measured"",""plan_build_ms"":""measured"",""query_total_ms"":""measured"",""resident_gpu_bytes"":""measured"",""resident_host_bytes"":""measured"",""resident_pinned_bytes"":""measured"",""session_setup_ms"":""measured"",""throughput_rows_per_second"":""measured"",""tune_ms"":""measured""}",1.0,,5,measured,unavailable,
2,v7-formal-sf10-resident,2f667666-438f-4d74-9eae-cd585fde81ed,ok,,0,arrow-acero,resident,10,ASIA,1994-01-01,3,False,32,1.0,0.0,0,process_tree,"{""sweep"":""threads""}","[""host_prepare_ms"",""load_ms""]",5,b1351a421ba8dcfd,"[{""nation"":""INDIA"",""revenue_1e4"":5368625879995},{""nation"":""CHINA"",""revenue_1e4"":5353508299282},{""nation"":""VIETNAM"",""revenue_1e4"":5322693887176},{""nation"":""JAPAN"",""revenue_1e4"":5267668371444},{""nation"":""INDONESIA"",""revenue_1e4"":5231768523189}]",expected_hash_match,,3034.85426,,0.0,102.508261,0.0,0.0,0.0,3137.367399,44164.929788094014,59986052,72985,59986052,0,0,0,0,3718721536,,19119868.466511082,logs/arrow-acero-t32.stdout.jsonl,logs/arrow-acero-t32.stderr.txt,2026-07-14T07:02:56.719289Z,2026-07-14T07:03:40.884270Z,arrow-acero-t32,3e8e8ea0-e46e-40a6-99de-e0925854f769,resident,fixed,2820.848699,0.107049,0.0,2592242759,0,0,"{""cpu_scan_ms"":""measured"",""d2h_bytes"":""measured"",""d2h_ms"":""measured"",""dataset_load_ms"":""measured"",""gpu_kernel_ms"":""measured"",""h2d_bytes"":""measured"",""h2d_ms"":""measured"",""host_prepare_ms"":""unavailable"",""load_ms"":""unavailable"",""mapped_remote_read_bytes"":""measured"",""overlap_wall_ms"":""measured"",""plan_build_ms"":""measured"",""query_total_ms"":""measured"",""resident_gpu_bytes"":""measured"",""resident_host_bytes"":""measured"",""resident_pinned_bytes"":""measured"",""session_setup_ms"":""measured"",""throughput_rows_per_second"":""measured"",""tune_ms"":""measured""}",1.0,,6,measured,unavailable,
2,v7-formal-sf10-resident,bd006881-666e-457c-abac-a509d055ad3b,ok,,0,arrow-acero,resident,10,ASIA,1994-01-01,4,False,32,1.0,0.0,0,process_tree,"{""sweep"":""threads""}","[""host_prepare_ms"",""load_ms""]",5,b1351a421ba8dcfd,"[{""nation"":""INDIA"",""revenue_1e4"":5368625879995},{""nation"":""CHINA"",""revenue_1e4"":5353508299282},{""nation"":""VIETNAM"",""revenue_1e4"":5322693887176},{""nation"":""JAPAN"",""revenue_1e4"":5267668371444},{""nation"":""INDONESIA"",""revenue_1e4"":5231768523189}]",expected_hash_match,,3036.742609,,0.0,82.594361,0.0,0.0,0.0,3119.341936,44164.929788094014,59986052,72985,59986052,0,0,0,0,3718721536,,19230354.74492464,logs/arrow-acero-t32.stdout.jsonl,logs/arrow-acero-t32.stderr.txt,2026-07-14T07:02:56.719289Z,2026-07-14T07:03:40.884270Z,arrow-acero-t32,3e8e8ea0-e46e-40a6-99de-e0925854f769,resident,fixed,2820.848699,0.107049,0.0,2592242759,0,0,"{""cpu_scan_ms"":""measured"",""d2h_bytes"":""measured"",""d2h_ms"":""measured"",""dataset_load_ms"":""measured"",""gpu_kernel_ms"":""measured"",""h2d_bytes"":""measured"",""h2d_ms"":""measured"",""host_prepare_ms"":""unavailable"",""load_ms"":""unavailable"",""mapped_remote_read_bytes"":""measured"",""overlap_wall_ms"":""measured"",""plan_build_ms"":""measured"",""query_total_ms"":""measured"",""resident_gpu_bytes"":""measured"",""resident_host_bytes"":""measured"",""resident_pinned_bytes"":""measured"",""session_setup_ms"":""measured"",""throughput_rows_per_second"":""measured"",""tune_ms"":""measured""}",1.0,,7,measured,unavailable,
2,v7-formal-sf10-resident,879aa9e7-3be8-44f3-a1d2-27ddab32bae2,ok,,0,arrow-acero,resident,10,ASIA,1994-01-01,5,False,32,1.0,0.0,0,process_tree,"{""sweep"":""threads""}","[""host_prepare_ms"",""load_ms""]",5,b1351a421ba8dcfd,"[{""nation"":""INDIA"",""revenue_1e4"":5368625879995},{""nation"":""CHINA"",""revenue_1e4"":5353508299282},{""nation"":""VIETNAM"",""revenue_1e4"":5322693887176},{""nation"":""JAPAN"",""revenue_1e4"":5267668371444},{""nation"":""INDONESIA"",""revenue_1e4"":5231768523189}]",expected_hash_match,,3023.496733,,0.0,105.237026,0.0,0.0,0.0,3128.738807,44164.929788094014,59986052,72985,59986052,0,0,0,0,3718721536,,19172598.19381273,logs/arrow-acero-t32.stdout.jsonl,logs/arrow-acero-t32.stderr.txt,2026-07-14T07:02:56.719289Z,2026-07-14T07:03:40.884270Z,arrow-acero-t32,3e8e8ea0-e46e-40a6-99de-e0925854f769,resident,fixed,2820.848699,0.107049,0.0,2592242759,0,0,"{""cpu_scan_ms"":""measured"",""d2h_bytes"":""measured"",""d2h_ms"":""measured"",""dataset_load_ms"":""measured"",""gpu_kernel_ms"":""measured"",""h2d_bytes"":""measured"",""h2d_ms"":""measured"",""host_prepare_ms"":""unavailable"",""load_ms"":""unavailable"",""mapped_remote_read_bytes"":""measured"",""overlap_wall_ms"":""measured"",""plan_build_ms"":""measured"",""query_total_ms"":""measured"",""resident_gpu_bytes"":""measured"",""resident_host_bytes"":""measured"",""resident_pinned_bytes"":""measured"",""session_setup_ms"":""measured"",""throughput_rows_per_second"":""measured"",""tune_ms"":""measured""}",1.0,,8,measured,unavailable,
2,v7-formal-sf10-resident,76b04e1b-8695-477e-8fef-727bb62286e4,ok,,0,arrow-acero,resident,10,ASIA,1994-01-01,6,False,32,1.0,0.0,0,process_tree,"{""sweep"":""threads""}","[""host_prepare_ms"",""load_ms""]",5,b1351a421ba8dcfd,"[{""nation"":""INDIA"",""revenue_1e4"":5368625879995},{""nation"":""CHINA"",""revenue_1e4"":5353508299282},{""nation"":""VIETNAM"",""revenue_1e4"":5322693887176},{""nation"":""JAPAN"",""revenue_1e4"":5267668371444},{""nation"":""INDONESIA"",""revenue_1e4"":5231768523189}]",expected_hash_match,,3103.383128,,0.0,77.150119,0.0,0.0,0.0,3180.537633,44164.929788094014,59986052,72985,59986052,0,0,0,0,3718721536,,18860349.702392597,logs/arrow-acero-t32.stdout.jsonl,logs/arrow-acero-t32.stderr.txt,2026-07-14T07:02:56.719289Z,2026-07-14T07:03:40.884270Z,arrow-acero-t32,3e8e8ea0-e46e-40a6-99de-e0925854f769,resident,fixed,2820.848699,0.107049,0.0,2592242759,0,0,"{""cpu_scan_ms"":""measured"",""d2h_bytes"":""measured"",""d2h_ms"":""measured"",""dataset_load_ms"":""measured"",""gpu_kernel_ms"":""measured"",""h2d_bytes"":""measured"",""h2d_ms"":""measured"",""host_prepare_ms"":""unavailable"",""load_ms"":""unavailable"",""mapped_remote_read_bytes"":""measured"",""overlap_wall_ms"":""measured"",""plan_build_ms"":""measured"",""query_total_ms"":""measured"",""resident_gpu_bytes"":""measured"",""resident_host_bytes"":""measured"",""resident_pinned_bytes"":""measured"",""session_setup_ms"":""measured"",""throughput_rows_per_second"":""measured"",""tune_ms"":""measured""}",1.0,,9,measured,unavailable,
2,v7-formal-sf10-resident,c944e640-18aa-485d-9810-9c749ebbd780,ok,,0,arrow-acero,resident,10,ASIA,1994-01-01,7,False,32,1.0,0.0,0,process_tree,"{""sweep"":""threads""}","[""host_prepare_ms"",""load_ms""]",5,b1351a421ba8dcfd,"[{""nation"":""INDIA"",""revenue_1e4"":5368625879995},{""nation"":""CHINA"",""revenue_1e4"":5353508299282},{""nation"":""VIETNAM"",""revenue_1e4"":5322693887176},{""nation"":""JAPAN"",""revenue_1e4"":5267668371444},{""nation"":""INDONESIA"",""revenue_1e4"":5231768523189}]",expected_hash_match,,3131.608169,,0.0,111.988936,0.0,0.0,0.0,3243.602143,44164.929788094014,59986052,72985,59986052,0,0,0,0,3718721536,,18493652.845018484,logs/arrow-acero-t32.stdout.jsonl,logs/arrow-acero-t32.stderr.txt,2026-07-14T07:02:56.719289Z,2026-07-14T07:03:40.884270Z,arrow-acero-t32,3e8e8ea0-e46e-40a6-99de-e0925854f769,resident,fixed,2820.848699,0.107049,0.0,2592242759,0,0,"{""cpu_scan_ms"":""measured"",""d2h_bytes"":""measured"",""d2h_ms"":""measured"",""dataset_load_ms"":""measured"",""gpu_kernel_ms"":""measured"",""h2d_bytes"":""measured"",""h2d_ms"":""measured"",""host_prepare_ms"":""unavailable"",""load_ms"":""unavailable"",""mapped_remote_read_bytes"":""measured"",""overlap_wall_ms"":""measured"",""plan_build_ms"":""measured"",""query_total_ms"":""measured"",""resident_gpu_bytes"":""measured"",""resident_host_bytes"":""measured"",""resident_pinned_bytes"":""measured"",""session_setup_ms"":""measured"",""throughput_rows_per_second"":""measured"",""tune_ms"":""measured""}",1.0,,10,measured,unavailable,
2,v7-formal-sf10-resident,e4469d95-8e64-43f5-bdb9-9ded8dc08bcc,ok,,0,arrow-acero,resident,10,ASIA,1994-01-01,8,False,32,1.0,0.0,0,process_tree,"{""sweep"":""threads""}","[""host_prepare_ms"",""load_ms""]",5,b1351a421ba8dcfd,"[{""nation"":""INDIA"",""revenue_1e4"":5368625879995},{""nation"":""CHINA"",""revenue_1e4"":5353508299282},{""nation"":""VIETNAM"",""revenue_1e4"":5322693887176},{""nation"":""JAPAN"",""revenue_1e4"":5267668371444},{""nation"":""INDONESIA"",""revenue_1e4"":5231768523189}]",expected_hash_match,,3020.594285,,0.0,86.187451,0.0,0.0,0.0,3106.786584,44164.929788094014,59986052,72985,59986052,0,0,0,0,3718721536,,19308069.72996765,logs/arrow-acero-t32.stdout.jsonl,logs/arrow-acero-t32.stderr.txt,2026-07-14T07:02:56.719289Z,2026-07-14T07:03:40.884270Z,arrow-acero-t32,3e8e8ea0-e46e-40a6-99de-e0925854f769,resident,fixed,2820.848699,0.107049,0.0,2592242759,0,0,"{""cpu_scan_ms"":""measured"",""d2h_bytes"":""measured"",""d2h_ms"":""measured"",""dataset_load_ms"":""measured"",""gpu_kernel_ms"":""measured"",""h2d_bytes"":""measured"",""h2d_ms"":""measured"",""host_prepare_ms"":""unavailable"",""load_ms"":""unavailable"",""mapped_remote_read_bytes"":""measured"",""overlap_wall_ms"":""measured"",""plan_build_ms"":""measured"",""query_total_ms"":""measured"",""resident_gpu_bytes"":""measured"",""resident_host_bytes"":""measured"",""resident_pinned_bytes"":""measured"",""session_setup_ms"":""measured"",""throughput_rows_per_second"":""measured"",""tune_ms"":""measured""}",1.0,,11,measured,unavailable,
2,v7-formal-sf10-resident,8433e55f-8706-4c37-a5e0-21f7ed2e108b,ok,,0,arrow-acero,resident,10,ASIA,1994-01-01,9,False,32,1.0,0.0,0,process_tree,"{""sweep"":""threads""}","[""host_prepare_ms"",""load_ms""]",5,b1351a421ba8dcfd,"[{""nation"":""INDIA"",""revenue_1e4"":5368625879995},{""nation"":""CHINA"",""revenue_1e4"":5353508299282},{""nation"":""VIETNAM"",""revenue_1e4"":5322693887176},{""nation"":""JAPAN"",""revenue_1e4"":5267668371444},{""nation"":""INDONESIA"",""revenue_1e4"":5231768523189}]",expected_hash_match,,3016.805142,,0.0,103.226467,0.0,0.0,0.0,3120.036996,44164.929788094014,59986052,72985,59986052,0,0,0,0,3718721536,,19226070.741117585,logs/arrow-acero-t32.stdout.jsonl,logs/arrow-acero-t32.stderr.txt,2026-07-14T07:02:56.719289Z,2026-07-14T07:03:40.884270Z,arrow-acero-t32,3e8e8ea0-e46e-40a6-99de-e0925854f769,resident,fixed,2820.848699,0.107049,0.0,2592242759,0,0,"{""cpu_scan_ms"":""measured"",""d2h_bytes"":""measured"",""d2h_ms"":""measured"",""dataset_load_ms"":""measured"",""gpu_kernel_ms"":""measured"",""h2d_bytes"":""measured"",""h2d_ms"":""measured"",""host_prepare_ms"":""unavailable"",""load_ms"":""unavailable"",""mapped_remote_read_bytes"":""measured"",""overlap_wall_ms"":""measured"",""plan_build_ms"":""measured"",""query_total_ms"":""measured"",""resident_gpu_bytes"":""measured"",""resident_host_bytes"":""measured"",""resident_pinned_bytes"":""measured"",""session_setup_ms"":""measured"",""throughput_rows_per_second"":""measured"",""tune_ms"":""measured""}",1.0,,12,measured,unavailable,
2,v7-formal-sf10-resident,f06895ca-3aaa-4ab0-9625-eaa53bb057e3,ok,,0,gpu-copy,resident,10,ASIA,1994-01-01,0,False,1,0.0,1.0,0,process_tree,"{""memory_mode"":""copy""}","[""host_prepare_ms"",""load_ms""]",5,b1351a421ba8dcfd,"[{""nation"":""INDIA"",""revenue_1e4"":5368625879995},{""nation"":""CHINA"",""revenue_1e4"":5353508299282},{""nation"":""VIETNAM"",""revenue_1e4"":5322693887176},{""nation"":""JAPAN"",""revenue_1e4"":5267668371444},{""nation"":""INDONESIA"",""revenue_1e4"":5231768523189}]",expected_hash_match,,0.0,,0.0,0.0,15.315967559814453,0.020927999168634415,0.0,15.358368,5707.23005477339,59986052,72985,0,59986052,0,212,0,4173279232,,3905756913.7554197,logs/gpu-copy.stdout.jsonl,logs/gpu-copy.stderr.txt,2026-07-14T07:03:40.889258Z,2026-07-14T07:03:46.596496Z,gpu-copy,51b79dbb-7a4b-4aae-a04e-6cc0c35103f2,resident,fixed,2835.281304,2081.013884,0.0,1440121437,1440121260,0,"{""cpu_scan_ms"":""measured"",""d2h_bytes"":""measured"",""d2h_ms"":""measured"",""dataset_load_ms"":""measured"",""gpu_kernel_ms"":""measured"",""h2d_bytes"":""measured"",""h2d_ms"":""measured"",""host_prepare_ms"":""unavailable"",""load_ms"":""unavailable"",""mapped_remote_read_bytes"":""measured"",""overlap_wall_ms"":""measured"",""plan_build_ms"":""measured"",""query_total_ms"":""measured"",""resident_gpu_bytes"":""measured"",""resident_host_bytes"":""measured"",""resident_pinned_bytes"":""measured"",""session_setup_ms"":""measured"",""throughput_rows_per_second"":""measured"",""tune_ms"":""measured""}",0.0,,3,measured,unavailable,
2,v7-formal-sf10-resident,e1a9f04a-47bc-4218-84db-1934f048ecb3,ok,,0,gpu-copy,resident,10,ASIA,1994-01-01,1,False,1,0.0,1.0,0,process_tree,"{""memory_mode"":""copy""}","[""host_prepare_ms"",""load_ms""]",5,b1351a421ba8dcfd,"[{""nation"":""INDIA"",""revenue_1e4"":5368625879995},{""nation"":""CHINA"",""revenue_1e4"":5353508299282},{""nation"":""VIETNAM"",""revenue_1e4"":5322693887176},{""nation"":""JAPAN"",""revenue_1e4"":5267668371444},{""nation"":""INDONESIA"",""revenue_1e4"":5231768523189}]",expected_hash_match,,0.0,,0.0,0.0,15.38150405883789,0.021983999758958817,0.0,15.424857,5707.23005477339,59986052,72985,0,59986052,0,212,0,4173279232,,3888921109.60899,logs/gpu-copy.stdout.jsonl,logs/gpu-copy.stderr.txt,2026-07-14T07:03:40.889258Z,2026-07-14T07:03:46.596496Z,gpu-copy,51b79dbb-7a4b-4aae-a04e-6cc0c35103f2,resident,fixed,2835.281304,2081.013884,0.0,1440121437,1440121260,0,"{""cpu_scan_ms"":""measured"",""d2h_bytes"":""measured"",""d2h_ms"":""measured"",""dataset_load_ms"":""measured"",""gpu_kernel_ms"":""measured"",""h2d_bytes"":""measured"",""h2d_ms"":""measured"",""host_prepare_ms"":""unavailable"",""load_ms"":""unavailable"",""mapped_remote_read_bytes"":""measured"",""overlap_wall_ms"":""measured"",""plan_build_ms"":""measured"",""query_total_ms"":""measured"",""resident_gpu_bytes"":""measured"",""resident_host_bytes"":""measured"",""resident_pinned_bytes"":""measured"",""session_setup_ms"":""measured"",""throughput_rows_per_second"":""measured"",""tune_ms"":""measured""}",0.0,,4,measured,unavailable,
2,v7-formal-sf10-resident,f6d2fedd-b54e-4e10-afe4-7770360fd51e,ok,,0,gpu-copy,resident,10,ASIA,1994-01-01,2,False,1,0.0,1.0,0,process_tree,"{""memory_mode"":""copy""}","[""host_prepare_ms"",""load_ms""]",5,b1351a421ba8dcfd,"[{""nation"":""INDIA"",""revenue_1e4"":5368625879995},{""nation"":""CHINA"",""revenue_1e4"":5353508299282},{""nation"":""VIETNAM"",""revenue_1e4"":5322693887176},{""nation"":""JAPAN"",""revenue_1e4"":5267668371444},{""nation"":""INDONESIA"",""revenue_1e4"":5231768523189}]",expected_hash_match,,0.0,,0.0,0.0,15.384575843811035,0.019551999866962433,0.0,15.427892,5707.23005477339,59986052,72985,0,59986052,0,212,0,4173279232,,3888156074.7249203,logs/gpu-copy.stdout.jsonl,logs/gpu-copy.stderr.txt,2026-07-14T07:03:40.889258Z,2026-07-14T07:03:46.596496Z,gpu-copy,51b79dbb-7a4b-4aae-a04e-6cc0c35103f2,resident,fixed,2835.281304,2081.013884,0.0,1440121437,1440121260,0,"{""cpu_scan_ms"":""measured"",""d2h_bytes"":""measured"",""d2h_ms"":""measured"",""dataset_load_ms"":""measured"",""gpu_kernel_ms"":""measured"",""h2d_bytes"":""measured"",""h2d_ms"":""measured"",""host_prepare_ms"":""unavailable"",""load_ms"":""unavailable"",""mapped_remote_read_bytes"":""measured"",""overlap_wall_ms"":""measured"",""plan_build_ms"":""measured"",""query_total_ms"":""measured"",""resident_gpu_bytes"":""measured"",""resident_host_bytes"":""measured"",""resident_pinned_bytes"":""measured"",""session_setup_ms"":""measured"",""throughput_rows_per_second"":""measured"",""tune_ms"":""measured""}",0.0,,5,measured,unavailable,
2,v7-formal-sf10-resident,02f64b01-3216-401c-9034-38011101839c,ok,,0,gpu-copy,resident,10,ASIA,1994-01-01,3,False,1,0.0,1.0,0,process_tree,"{""memory_mode"":""copy""}","[""host_prepare_ms"",""load_ms""]",5,b1351a421ba8dcfd,"[{""nation"":""INDIA"",""revenue_1e4"":5368625879995},{""nation"":""CHINA"",""revenue_1e4"":5353508299282},{""nation"":""VIETNAM"",""revenue_1e4"":5322693887176},{""nation"":""JAPAN"",""revenue_1e4"":5267668371444},{""nation"":""INDONESIA"",""revenue_1e4"":5231768523189}]",expected_hash_match,,0.0,,0.0,0.0,15.327232360839844,0.020031999796628952,0.0,15.36632,5707.23005477339,59986052,72985,0,59986052,0,212,0,4173279232,,3903735702.49741,logs/gpu-copy.stdout.jsonl,logs/gpu-copy.stderr.txt,2026-07-14T07:03:40.889258Z,2026-07-14T07:03:46.596496Z,gpu-copy,51b79dbb-7a4b-4aae-a04e-6cc0c35103f2,resident,fixed,2835.281304,2081.013884,0.0,1440121437,1440121260,0,"{""cpu_scan_ms"":""measured"",""d2h_bytes"":""measured"",""d2h_ms"":""measured"",""dataset_load_ms"":""measured"",""gpu_kernel_ms"":""measured"",""h2d_bytes"":""measured"",""h2d_ms"":""measured"",""host_prepare_ms"":""unavailable"",""load_ms"":""unavailable"",""mapped_remote_read_bytes"":""measured"",""overlap_wall_ms"":""measured"",""plan_build_ms"":""measured"",""query_total_ms"":""measured"",""resident_gpu_bytes"":""measured"",""resident_host_bytes"":""measured"",""resident_pinned_bytes"":""measured"",""session_setup_ms"":""measured"",""throughput_rows_per_second"":""measured"",""tune_ms"":""measured""}",0.0,,6,measured,unavailable,
2,v7-formal-sf10-resident,2a323f0a-993d-4a0d-b9c8-d84b98c7ac35,ok,,0,gpu-copy,resident,10,ASIA,1994-01-01,4,False,1,0.0,1.0,0,process_tree,"{""memory_mode"":""copy""}","[""host_prepare_ms"",""load_ms""]",5,b1351a421ba8dcfd,"[{""nation"":""INDIA"",""revenue_1e4"":5368625879995},{""nation"":""CHINA"",""revenue_1e4"":5353508299282},{""nation"":""VIETNAM"",""revenue_1e4"":5322693887176},{""nation"":""JAPAN"",""revenue_1e4"":5267668371444},{""nation"":""INDONESIA"",""revenue_1e4"":5231768523189}]",expected_hash_match,,0.0,,0.0,0.0,15.321087837219238,0.021056000143289566,0.0,15.363096,5707.23005477339,59986052,72985,0,59986052,0,212,0,4173279232,,3904554915.2332315,logs/gpu-copy.stdout.jsonl,logs/gpu-copy.stderr.txt,2026-07-14T07:03:40.889258Z,2026-07-14T07:03:46.596496Z,gpu-copy,51b79dbb-7a4b-4aae-a04e-6cc0c35103f2,resident,fixed,2835.281304,2081.013884,0.0,1440121437,1440121260,0,"{""cpu_scan_ms"":""measured"",""d2h_bytes"":""measured"",""d2h_ms"":""measured"",""dataset_load_ms"":""measured"",""gpu_kernel_ms"":""measured"",""h2d_bytes"":""measured"",""h2d_ms"":""measured"",""host_prepare_ms"":""unavailable"",""load_ms"":""unavailable"",""mapped_remote_read_bytes"":""measured"",""overlap_wall_ms"":""measured"",""plan_build_ms"":""measured"",""query_total_ms"":""measured"",""resident_gpu_bytes"":""measured"",""resident_host_bytes"":""measured"",""resident_pinned_bytes"":""measured"",""session_setup_ms"":""measured"",""throughput_rows_per_second"":""measured"",""tune_ms"":""measured""}",0.0,,7,measured,unavailable,
2,v7-formal-sf10-resident,24ca9559-0898-4e19-9a75-8af6e4e50cb3,ok,,0,gpu-copy,resident,10,ASIA,1994-01-01,5,False,1,0.0,1.0,0,process_tree,"{""memory_mode"":""copy""}","[""host_prepare_ms"",""load_ms""]",5,b1351a421ba8dcfd,"[{""nation"":""INDIA"",""revenue_1e4"":5368625879995},{""nation"":""CHINA"",""revenue_1e4"":5353508299282},{""nation"":""VIETNAM"",""revenue_1e4"":5322693887176},{""nation"":""JAPAN"",""revenue_1e4"":5267668371444},{""nation"":""INDONESIA"",""revenue_1e4"":5231768523189}]",expected_hash_match,,0.0,,0.0,0.0,15.384575843811035,0.01990400068461895,0.0,15.424747,5707.23005477339,59986052,72985,0,59986052,0,212,0,4173279232,,3888948843.050716,logs/gpu-copy.stdout.jsonl,logs/gpu-copy.stderr.txt,2026-07-14T07:03:40.889258Z,2026-07-14T07:03:46.596496Z,gpu-copy,51b79dbb-7a4b-4aae-a04e-6cc0c35103f2,resident,fixed,2835.281304,2081.013884,0.0,1440121437,1440121260,0,"{""cpu_scan_ms"":""measured"",""d2h_bytes"":""measured"",""d2h_ms"":""measured"",""dataset_load_ms"":""measured"",""gpu_kernel_ms"":""measured"",""h2d_bytes"":""measured"",""h2d_ms"":""measured"",""host_prepare_ms"":""unavailable"",""load_ms"":""unavailable"",""mapped_remote_read_bytes"":""measured"",""overlap_wall_ms"":""measured"",""plan_build_ms"":""measured"",""query_total_ms"":""measured"",""resident_gpu_bytes"":""measured"",""resident_host_bytes"":""measured"",""resident_pinned_bytes"":""measured"",""session_setup_ms"":""measured"",""throughput_rows_per_second"":""measured"",""tune_ms"":""measured""}",0.0,,8,measured,unavailable,
2,v7-formal-sf10-resident,c0a8eae0-80f2-4e3a-abe6-e4ad91e6034f,ok,,0,gpu-copy,resident,10,ASIA,1994-01-01,6,False,1,0.0,1.0,0,process_tree,"{""memory_mode"":""copy""}","[""host_prepare_ms"",""load_ms""]",5,b1351a421ba8dcfd,"[{""nation"":""INDIA"",""revenue_1e4"":5368625879995},{""nation"":""CHINA"",""revenue_1e4"":5353508299282},{""nation"":""VIETNAM"",""revenue_1e4"":5322693887176},{""nation"":""JAPAN"",""revenue_1e4"":5267668371444},{""nation"":""INDONESIA"",""revenue_1e4"":5231768523189}]",expected_hash_match,,0.0,,0.0,0.0,15.375359535217285,0.02115200087428093,0.0,15.417666,5707.23005477339,59986052,72985,0,59986052,0,212,0,4173279232,,3890734953.007803,logs/gpu-copy.stdout.jsonl,logs/gpu-copy.stderr.txt,2026-07-14T07:03:40.889258Z,2026-07-14T07:03:46.596496Z,gpu-copy,51b79dbb-7a4b-4aae-a04e-6cc0c35103f2,resident,fixed,2835.281304,2081.013884,0.0,1440121437,1440121260,0,"{""cpu_scan_ms"":""measured"",""d2h_bytes"":""measured"",""d2h_ms"":""measured"",""dataset_load_ms"":""measured"",""gpu_kernel_ms"":""measured"",""h2d_bytes"":""measured"",""h2d_ms"":""measured"",""host_prepare_ms"":""unavailable"",""load_ms"":""unavailable"",""mapped_remote_read_bytes"":""measured"",""overlap_wall_ms"":""measured"",""plan_build_ms"":""measured"",""query_total_ms"":""measured"",""resident_gpu_bytes"":""measured"",""resident_host_bytes"":""measured"",""resident_pinned_bytes"":""measured"",""session_setup_ms"":""measured"",""throughput_rows_per_second"":""measured"",""tune_ms"":""measured""}",0.0,,9,measured,unavailable,
2,v7-formal-sf10-resident,65543474-e6fe-4262-901e-fe441783b753,ok,,0,gpu-copy,resident,10,ASIA,1994-01-01,7,False,1,0.0,1.0,0,process_tree,"{""memory_mode"":""copy""}","[""host_prepare_ms"",""load_ms""]",5,b1351a421ba8dcfd,"[{""nation"":""INDIA"",""revenue_1e4"":5368625879995},{""nation"":""CHINA"",""revenue_1e4"":5353508299282},{""nation"":""VIETNAM"",""revenue_1e4"":5322693887176},{""nation"":""JAPAN"",""revenue_1e4"":5267668371444},{""nation"":""INDONESIA"",""revenue_1e4"":5231768523189}]",expected_hash_match,,0.0,,0.0,0.0,15.374336242675781,0.019711999222636223,0.0,15.414332,5707.23005477339,59986052,72985,0,59986052,0,212,0,4173279232,,3891576488.685984,logs/gpu-copy.stdout.jsonl,logs/gpu-copy.stderr.txt,2026-07-14T07:03:40.889258Z,2026-07-14T07:03:46.596496Z,gpu-copy,51b79dbb-7a4b-4aae-a04e-6cc0c35103f2,resident,fixed,2835.281304,2081.013884,0.0,1440121437,1440121260,0,"{""cpu_scan_ms"":""measured"",""d2h_bytes"":""measured"",""d2h_ms"":""measured"",""dataset_load_ms"":""measured"",""gpu_kernel_ms"":""measured"",""h2d_bytes"":""measured"",""h2d_ms"":""measured"",""host_prepare_ms"":""unavailable"",""load_ms"":""unavailable"",""mapped_remote_read_bytes"":""measured"",""overlap_wall_ms"":""measured"",""plan_build_ms"":""measured"",""query_total_ms"":""measured"",""resident_gpu_bytes"":""measured"",""resident_host_bytes"":""measured"",""resident_pinned_bytes"":""measured"",""session_setup_ms"":""measured"",""throughput_rows_per_second"":""measured"",""tune_ms"":""measured""}",0.0,,10,measured,unavailable,
2,v7-formal-sf10-resident,afe6a532-a9de-4f7c-aaf2-464168114b80,ok,,0,gpu-copy,resident,10,ASIA,1994-01-01,8,False,1,0.0,1.0,0,process_tree,"{""memory_mode"":""copy""}","[""host_prepare_ms"",""load_ms""]",5,b1351a421ba8dcfd,"[{""nation"":""INDIA"",""revenue_1e4"":5368625879995},{""nation"":""CHINA"",""revenue_1e4"":5353508299282},{""nation"":""VIETNAM"",""revenue_1e4"":5322693887176},{""nation"":""JAPAN"",""revenue_1e4"":5267668371444},{""nation"":""INDONESIA"",""revenue_1e4"":5231768523189}]",expected_hash_match,,0.0,,0.0,0.0,15.388671875,0.019840000197291374,0.0,15.430205,5707.23005477339,59986052,72985,0,59986052,0,212,0,4173279232,,3887573237.037356,logs/gpu-copy.stdout.jsonl,logs/gpu-copy.stderr.txt,2026-07-14T07:03:40.889258Z,2026-07-14T07:03:46.596496Z,gpu-copy,51b79dbb-7a4b-4aae-a04e-6cc0c35103f2,resident,fixed,2835.281304,2081.013884,0.0,1440121437,1440121260,0,"{""cpu_scan_ms"":""measured"",""d2h_bytes"":""measured"",""d2h_ms"":""measured"",""dataset_load_ms"":""measured"",""gpu_kernel_ms"":""measured"",""h2d_bytes"":""measured"",""h2d_ms"":""measured"",""host_prepare_ms"":""unavailable"",""load_ms"":""unavailable"",""mapped_remote_read_bytes"":""measured"",""overlap_wall_ms"":""measured"",""plan_build_ms"":""measured"",""query_total_ms"":""measured"",""resident_gpu_bytes"":""measured"",""resident_host_bytes"":""measured"",""resident_pinned_bytes"":""measured"",""session_setup_ms"":""measured"",""throughput_rows_per_second"":""measured"",""tune_ms"":""measured""}",0.0,,11,measured,unavailable,
2,v7-formal-sf10-resident,ea3d545f-a4ae-4f1f-a441-445838a5cdf1,ok,,0,gpu-copy,resident,10,ASIA,1994-01-01,9,False,1,0.0,1.0,0,process_tree,"{""memory_mode"":""copy""}","[""host_prepare_ms"",""load_ms""]",5,b1351a421ba8dcfd,"[{""nation"":""INDIA"",""revenue_1e4"":5368625879995},{""nation"":""CHINA"",""revenue_1e4"":5353508299282},{""nation"":""VIETNAM"",""revenue_1e4"":5322693887176},{""nation"":""JAPAN"",""revenue_1e4"":5267668371444},{""nation"":""INDONESIA"",""revenue_1e4"":5231768523189}]",expected_hash_match,,0.0,,0.0,0.0,15.116288185119629,0.020479999482631683,0.0,15.1577,5707.23005477339,59986052,72985,0,59986052,0,212,0,4173279232,,3957463995.1971602,logs/gpu-copy.stdout.jsonl,logs/gpu-copy.stderr.txt,2026-07-14T07:03:40.889258Z,2026-07-14T07:03:46.596496Z,gpu-copy,51b79dbb-7a4b-4aae-a04e-6cc0c35103f2,resident,fixed,2835.281304,2081.013884,0.0,1440121437,1440121260,0,"{""cpu_scan_ms"":""measured"",""d2h_bytes"":""measured"",""d2h_ms"":""measured"",""dataset_load_ms"":""measured"",""gpu_kernel_ms"":""measured"",""h2d_bytes"":""measured"",""h2d_ms"":""measured"",""host_prepare_ms"":""unavailable"",""load_ms"":""unavailable"",""mapped_remote_read_bytes"":""measured"",""overlap_wall_ms"":""measured"",""plan_build_ms"":""measured"",""query_total_ms"":""measured"",""resident_gpu_bytes"":""measured"",""resident_host_bytes"":""measured"",""resident_pinned_bytes"":""measured"",""session_setup_ms"":""measured"",""throughput_rows_per_second"":""measured"",""tune_ms"":""measured""}",0.0,,12,measured,unavailable,
2,v7-formal-sf10-resident,f871d200-2fba-43d9-be0d-7a084561b146,ok,,0,gpu-managed,resident,10,ASIA,1994-01-01,0,False,1,0.0,1.0,0,process_tree,"{""memory_mode"":""managed""}","[""host_prepare_ms"",""load_ms""]",5,b1351a421ba8dcfd,"[{""nation"":""INDIA"",""revenue_1e4"":5368625879995},{""nation"":""CHINA"",""revenue_1e4"":5353508299282},{""nation"":""VIETNAM"",""revenue_1e4"":5322693887176},{""nation"":""JAPAN"",""revenue_1e4"":5267668371444},{""nation"":""INDONESIA"",""revenue_1e4"":5231768523189}]",expected_hash_match,,0.0,,0.0942080020904541,0.0,15.766624450683594,0.11747200042009354,0.0,16.009946,6179.580318275839,59986052,72985,0,59986052,212,212,0,5214797824,,3746799145.98088,logs/gpu-managed.stdout.jsonl,logs/gpu-managed.stderr.txt,2026-07-14T07:03:46.599309Z,2026-07-14T07:03:52.778899Z,gpu-managed,5b9255e3-ff90-4b47-80d4-568901e71edd,resident,fixed,2833.084614,2507.994737,0.0,1440121437,1440121260,0,"{""cpu_scan_ms"":""measured"",""d2h_bytes"":""measured"",""d2h_ms"":""measured"",""dataset_load_ms"":""measured"",""gpu_kernel_ms"":""measured"",""h2d_bytes"":""measured"",""h2d_ms"":""measured"",""host_prepare_ms"":""unavailable"",""load_ms"":""unavailable"",""mapped_remote_read_bytes"":""measured"",""overlap_wall_ms"":""measured"",""plan_build_ms"":""measured"",""query_total_ms"":""measured"",""resident_gpu_bytes"":""measured"",""resident_host_bytes"":""measured"",""resident_pinned_bytes"":""measured"",""session_setup_ms"":""measured"",""throughput_rows_per_second"":""measured"",""tune_ms"":""measured""}",0.0,,3,measured,unavailable,
2,v7-formal-sf10-resident,9570d61b-c281-4f7f-b13a-19b54380a75f,ok,,0,gpu-managed,resident,10,ASIA,1994-01-01,1,False,1,0.0,1.0,0,process_tree,"{""memory_mode"":""managed""}","[""host_prepare_ms"",""load_ms""]",5,b1351a421ba8dcfd,"[{""nation"":""INDIA"",""revenue_1e4"":5368625879995},{""nation"":""CHINA"",""revenue_1e4"":5353508299282},{""nation"":""VIETNAM"",""revenue_1e4"":5322693887176},{""nation"":""JAPAN"",""revenue_1e4"":5267668371444},{""nation"":""INDONESIA"",""revenue_1e4"":5231768523189}]",expected_hash_match,,0.0,,0.10339199751615524,0.0,14.824447631835938,0.11673600226640701,0.0,15.07646,6179.580318275839,59986052,72985,0,59986052,212,212,0,5214797824,,3978788919.9453983,logs/gpu-managed.stdout.jsonl,logs/gpu-managed.stderr.txt,2026-07-14T07:03:46.599309Z,2026-07-14T07:03:52.778899Z,gpu-managed,5b9255e3-ff90-4b47-80d4-568901e71edd,resident,fixed,2833.084614,2507.994737,0.0,1440121437,1440121260,0,"{""cpu_scan_ms"":""measured"",""d2h_bytes"":""measured"",""d2h_ms"":""measured"",""dataset_load_ms"":""measured"",""gpu_kernel_ms"":""measured"",""h2d_bytes"":""measured"",""h2d_ms"":""measured"",""host_prepare_ms"":""unavailable"",""load_ms"":""unavailable"",""mapped_remote_read_bytes"":""measured"",""overlap_wall_ms"":""measured"",""plan_build_ms"":""measured"",""query_total_ms"":""measured"",""resident_gpu_bytes"":""measured"",""resident_host_bytes"":""measured"",""resident_pinned_bytes"":""measured"",""session_setup_ms"":""measured"",""throughput_rows_per_second"":""measured"",""tune_ms"":""measured""}",0.0,,4,measured,unavailable,
2,v7-formal-sf10-resident,d44efba8-94c2-42ed-808d-5469934a3280,ok,,0,gpu-managed,resident,10,ASIA,1994-01-01,2,False,1,0.0,1.0,0,process_tree,"{""memory_mode"":""managed""}","[""host_prepare_ms"",""load_ms""]",5,b1351a421ba8dcfd,"[{""nation"":""INDIA"",""revenue_1e4"":5368625879995},{""nation"":""CHINA"",""revenue_1e4"":5353508299282},{""nation"":""VIETNAM"",""revenue_1e4"":5322693887176},{""nation"":""JAPAN"",""revenue_1e4"":5267668371444},{""nation"":""INDONESIA"",""revenue_1e4"":5231768523189}]",expected_hash_match,,0.0,,0.09318400174379349,0.0,14.804960250854492,0.11769600212574005,0.0,15.045985,6179.580318275839,59986052,72985,0,59986052,212,212,0,5214797824,,3986847786.9677525,logs/gpu-managed.stdout.jsonl,logs/gpu-managed.stderr.txt,2026-07-14T07:03:46.599309Z,2026-07-14T07:03:52.778899Z,gpu-managed,5b9255e3-ff90-4b47-80d4-568901e71edd,resident,fixed,2833.084614,2507.994737,0.0,1440121437,1440121260,0,"{""cpu_scan_ms"":""measured"",""d2h_bytes"":""measured"",""d2h_ms"":""measured"",""dataset_load_ms"":""measured"",""gpu_kernel_ms"":""measured"",""h2d_bytes"":""measured"",""h2d_ms"":""measured"",""host_prepare_ms"":""unavailable"",""load_ms"":""unavailable"",""mapped_remote_read_bytes"":""measured"",""overlap_wall_ms"":""measured"",""plan_build_ms"":""measured"",""query_total_ms"":""measured"",""resident_gpu_bytes"":""measured"",""resident_host_bytes"":""measured"",""resident_pinned_bytes"":""measured"",""session_setup_ms"":""measured"",""throughput_rows_per_second"":""measured"",""tune_ms"":""measured""}",0.0,,5,measured,unavailable,
2,v7-formal-sf10-resident,2278715c-7628-4cc7-9a0a-298235bb174d,ok,,0,gpu-managed,resident,10,ASIA,1994-01-01,3,False,1,0.0,1.0,0,process_tree,"{""memory_mode"":""managed""}","[""host_prepare_ms"",""load_ms""]",5,b1351a421ba8dcfd,"[{""nation"":""INDIA"",""revenue_1e4"":5368625879995},{""nation"":""CHINA"",""revenue_1e4"":5353508299282},{""nation"":""VIETNAM"",""revenue_1e4"":5322693887176},{""nation"":""JAPAN"",""revenue_1e4"":5267668371444},{""nation"":""INDONESIA"",""revenue_1e4"":5231768523189}]",expected_hash_match,,0.0,,0.10444799810647964,0.0,14.838784217834473,0.12595200538635254,0.0,15.100136,6179.580318275839,59986052,72985,0,59986052,212,212,0,5214797824,,3972550445.903269,logs/gpu-managed.stdout.jsonl,logs/gpu-managed.stderr.txt,2026-07-14T07:03:46.599309Z,2026-07-14T07:03:52.778899Z,gpu-managed,5b9255e3-ff90-4b47-80d4-568901e71edd,resident,fixed,2833.084614,2507.994737,0.0,1440121437,1440121260,0,"{""cpu_scan_ms"":""measured"",""d2h_bytes"":""measured"",""d2h_ms"":""measured"",""dataset_load_ms"":""measured"",""gpu_kernel_ms"":""measured"",""h2d_bytes"":""measured"",""h2d_ms"":""measured"",""host_prepare_ms"":""unavailable"",""load_ms"":""unavailable"",""mapped_remote_read_bytes"":""measured"",""overlap_wall_ms"":""measured"",""plan_build_ms"":""measured"",""query_total_ms"":""measured"",""resident_gpu_bytes"":""measured"",""resident_host_bytes"":""measured"",""resident_pinned_bytes"":""measured"",""session_setup_ms"":""measured"",""throughput_rows_per_second"":""measured"",""tune_ms"":""measured""}",0.0,,6,measured,unavailable,
2,v7-formal-sf10-resident,fb7d4377-ec50-4e91-81ad-cb6275194157,ok,,0,gpu-managed,resident,10,ASIA,1994-01-01,4,False,1,0.0,1.0,0,process_tree,"{""memory_mode"":""managed""}","[""host_prepare_ms"",""load_ms""]",5,b1351a421ba8dcfd,"[{""nation"":""INDIA"",""revenue_1e4"":5368625879995},{""nation"":""CHINA"",""revenue_1e4"":5353508299282},{""nation"":""VIETNAM"",""revenue_1e4"":5322693887176},{""nation"":""JAPAN"",""revenue_1e4"":5267668371444},{""nation"":""INDONESIA"",""revenue_1e4"":5231768523189}]",expected_hash_match,,0.0,,0.09523200243711472,0.0,14.805760383605957,0.11644800007343292,0.0,15.053005,6179.580318275839,59986052,72985,0,59986052,212,212,0,5214797824,,3984988512.2605085,logs/gpu-managed.stdout.jsonl,logs/gpu-managed.stderr.txt,2026-07-14T07:03:46.599309Z,2026-07-14T07:03:52.778899Z,gpu-managed,5b9255e3-ff90-4b47-80d4-568901e71edd,resident,fixed,2833.084614,2507.994737,0.0,1440121437,1440121260,0,"{""cpu_scan_ms"":""measured"",""d2h_bytes"":""measured"",""d2h_ms"":""measured"",""dataset_load_ms"":""measured"",""gpu_kernel_ms"":""measured"",""h2d_bytes"":""measured"",""h2d_ms"":""measured"",""host_prepare_ms"":""unavailable"",""load_ms"":""unavailable"",""mapped_remote_read_bytes"":""measured"",""overlap_wall_ms"":""measured"",""plan_build_ms"":""measured"",""query_total_ms"":""measured"",""resident_gpu_bytes"":""measured"",""resident_host_bytes"":""measured"",""resident_pinned_bytes"":""measured"",""session_setup_ms"":""measured"",""throughput_rows_per_second"":""measured"",""tune_ms"":""measured""}",0.0,,7,measured,unavailable,
2,v7-formal-sf10-resident,7e054511-830b-480a-b12d-63dc1d271cbe,ok,,0,gpu-managed,resident,10,ASIA,1994-01-01,5,False,1,0.0,1.0,0,process_tree,"{""memory_mode"":""managed""}","[""host_prepare_ms"",""load_ms""]",5,b1351a421ba8dcfd,"[{""nation"":""INDIA"",""revenue_1e4"":5368625879995},{""nation"":""CHINA"",""revenue_1e4"":5353508299282},{""nation"":""VIETNAM"",""revenue_1e4"":5322693887176},{""nation"":""JAPAN"",""revenue_1e4"":5267668371444},{""nation"":""INDONESIA"",""revenue_1e4"":5231768523189}]",expected_hash_match,,0.0,,0.10531199723482132,0.0,14.809087753295898,0.1186240017414093,0.0,15.064642,6179.580318275839,59986052,72985,0,59986052,212,212,0,5214797824,,3981910223.9535465,logs/gpu-managed.stdout.jsonl,logs/gpu-managed.stderr.txt,2026-07-14T07:03:46.599309Z,2026-07-14T07:03:52.778899Z,gpu-managed,5b9255e3-ff90-4b47-80d4-568901e71edd,resident,fixed,2833.084614,2507.994737,0.0,1440121437,1440121260,0,"{""cpu_scan_ms"":""measured"",""d2h_bytes"":""measured"",""d2h_ms"":""measured"",""dataset_load_ms"":""measured"",""gpu_kernel_ms"":""measured"",""h2d_bytes"":""measured"",""h2d_ms"":""measured"",""host_prepare_ms"":""unavailable"",""load_ms"":""unavailable"",""mapped_remote_read_bytes"":""measured"",""overlap_wall_ms"":""measured"",""plan_build_ms"":""measured"",""query_total_ms"":""measured"",""resident_gpu_bytes"":""measured"",""resident_host_bytes"":""measured"",""resident_pinned_bytes"":""measured"",""session_setup_ms"":""measured"",""throughput_rows_per_second"":""measured"",""tune_ms"":""measured""}",0.0,,8,measured,unavailable,
2,v7-formal-sf10-resident,406c407b-8a40-430d-a520-5c751d5c3add,ok,,0,gpu-managed,resident,10,ASIA,1994-01-01,6,False,1,0.0,1.0,0,process_tree,"{""memory_mode"":""managed""}","[""host_prepare_ms"",""load_ms""]",5,b1351a421ba8dcfd,"[{""nation"":""INDIA"",""revenue_1e4"":5368625879995},{""nation"":""CHINA"",""revenue_1e4"":5353508299282},{""nation"":""VIETNAM"",""revenue_1e4"":5322693887176},{""nation"":""JAPAN"",""revenue_1e4"":5267668371444},{""nation"":""INDONESIA"",""revenue_1e4"":5231768523189}]",expected_hash_match,,0.0,,0.0942080020904541,0.0,14.80396842956543,0.11564800143241882,0.0,15.044553,6179.580318275839,59986052,72985,0,59986052,212,212,0,5214797824,,3987227270.893326,logs/gpu-managed.stdout.jsonl,logs/gpu-managed.stderr.txt,2026-07-14T07:03:46.599309Z,2026-07-14T07:03:52.778899Z,gpu-managed,5b9255e3-ff90-4b47-80d4-568901e71edd,resident,fixed,2833.084614,2507.994737,0.0,1440121437,1440121260,0,"{""cpu_scan_ms"":""measured"",""d2h_bytes"":""measured"",""d2h_ms"":""measured"",""dataset_load_ms"":""measured"",""gpu_kernel_ms"":""measured"",""h2d_bytes"":""measured"",""h2d_ms"":""measured"",""host_prepare_ms"":""unavailable"",""load_ms"":""unavailable"",""mapped_remote_read_bytes"":""measured"",""overlap_wall_ms"":""measured"",""plan_build_ms"":""measured"",""query_total_ms"":""measured"",""resident_gpu_bytes"":""measured"",""resident_host_bytes"":""measured"",""resident_pinned_bytes"":""measured"",""session_setup_ms"":""measured"",""throughput_rows_per_second"":""measured"",""tune_ms"":""measured""}",0.0,,9,measured,unavailable,
2,v7-formal-sf10-resident,0971ac14-5f93-41cf-9e87-b2ed59dba8d6,ok,,0,gpu-managed,resident,10,ASIA,1994-01-01,7,False,1,0.0,1.0,0,process_tree,"{""memory_mode"":""managed""}","[""host_prepare_ms"",""load_ms""]",5,b1351a421ba8dcfd,"[{""nation"":""INDIA"",""revenue_1e4"":5368625879995},{""nation"":""CHINA"",""revenue_1e4"":5353508299282},{""nation"":""VIETNAM"",""revenue_1e4"":5322693887176},{""nation"":""JAPAN"",""revenue_1e4"":5267668371444},{""nation"":""INDONESIA"",""revenue_1e4"":5231768523189}]",expected_hash_match,,0.0,,0.11231999844312668,0.0,14.806015968322754,0.12595200538635254,0.0,15.076009,6179.580318275839,59986052,72985,0,59986052,212,212,0,5214797824,,3978907945.7301993,logs/gpu-managed.stdout.jsonl,logs/gpu-managed.stderr.txt,2026-07-14T07:03:46.599309Z,2026-07-14T07:03:52.778899Z,gpu-managed,5b9255e3-ff90-4b47-80d4-568901e71edd,resident,fixed,2833.084614,2507.994737,0.0,1440121437,1440121260,0,"{""cpu_scan_ms"":""measured"",""d2h_bytes"":""measured"",""d2h_ms"":""measured"",""dataset_load_ms"":""measured"",""gpu_kernel_ms"":""measured"",""h2d_bytes"":""measured"",""h2d_ms"":""measured"",""host_prepare_ms"":""unavailable"",""load_ms"":""unavailable"",""mapped_remote_read_bytes"":""measured"",""overlap_wall_ms"":""measured"",""plan_build_ms"":""measured"",""query_total_ms"":""measured"",""resident_gpu_bytes"":""measured"",""resident_host_bytes"":""measured"",""resident_pinned_bytes"":""measured"",""session_setup_ms"":""measured"",""throughput_rows_per_second"":""measured"",""tune_ms"":""measured""}",0.0,,10,measured,unavailable,
2,v7-formal-sf10-resident,2812a755-38ea-4095-ae38-70b4cd9269b4,ok,,0,gpu-managed,resident,10,ASIA,1994-01-01,8,False,1,0.0,1.0,0,process_tree,"{""memory_mode"":""managed""}","[""host_prepare_ms"",""load_ms""]",5,b1351a421ba8dcfd,"[{""nation"":""INDIA"",""revenue_1e4"":5368625879995},{""nation"":""CHINA"",""revenue_1e4"":5353508299282},{""nation"":""VIETNAM"",""revenue_1e4"":5322693887176},{""nation"":""JAPAN"",""revenue_1e4"":5267668371444},{""nation"":""INDONESIA"",""revenue_1e4"":5231768523189}]",expected_hash_match,,0.0,,0.09523200243711472,0.0,14.797823905944824,0.13516800105571747,0.0,15.060897,6179.580318275839,59986052,72985,0,59986052,212,212,0,5214797824,,3982900354.474239,logs/gpu-managed.stdout.jsonl,logs/gpu-managed.stderr.txt,2026-07-14T07:03:46.599309Z,2026-07-14T07:03:52.778899Z,gpu-managed,5b9255e3-ff90-4b47-80d4-568901e71edd,resident,fixed,2833.084614,2507.994737,0.0,1440121437,1440121260,0,"{""cpu_scan_ms"":""measured"",""d2h_bytes"":""measured"",""d2h_ms"":""measured"",""dataset_load_ms"":""measured"",""gpu_kernel_ms"":""measured"",""h2d_bytes"":""measured"",""h2d_ms"":""measured"",""host_prepare_ms"":""unavailable"",""load_ms"":""unavailable"",""mapped_remote_read_bytes"":""measured"",""overlap_wall_ms"":""measured"",""plan_build_ms"":""measured"",""query_total_ms"":""measured"",""resident_gpu_bytes"":""measured"",""resident_host_bytes"":""measured"",""resident_pinned_bytes"":""measured"",""session_setup_ms"":""measured"",""throughput_rows_per_second"":""measured"",""tune_ms"":""measured""}",0.0,,11,measured,unavailable,
2,v7-formal-sf10-resident,f81fa23b-b7b1-4b49-b5e3-bb17514cc628,ok,,0,gpu-managed,resident,10,ASIA,1994-01-01,9,False,1,0.0,1.0,0,process_tree,"{""memory_mode"":""managed""}","[""host_prepare_ms"",""load_ms""]",5,b1351a421ba8dcfd,"[{""nation"":""INDIA"",""revenue_1e4"":5368625879995},{""nation"":""CHINA"",""revenue_1e4"":5353508299282},{""nation"":""VIETNAM"",""revenue_1e4"":5322693887176},{""nation"":""JAPAN"",""revenue_1e4"":5267668371444},{""nation"":""INDONESIA"",""revenue_1e4"":5231768523189}]",expected_hash_match,,0.0,,0.10547199845314026,0.0,14.807040214538574,0.12569600343704224,0.0,15.067006,6179.580318275839,59986052,72985,0,59986052,212,212,0,5214797824,,3981285465.7388473,logs/gpu-managed.stdout.jsonl,logs/gpu-managed.stderr.txt,2026-07-14T07:03:46.599309Z,2026-07-14T07:03:52.778899Z,gpu-managed,5b9255e3-ff90-4b47-80d4-568901e71edd,resident,fixed,2833.084614,2507.994737,0.0,1440121437,1440121260,0,"{""cpu_scan_ms"":""measured"",""d2h_bytes"":""measured"",""d2h_ms"":""measured"",""dataset_load_ms"":""measured"",""gpu_kernel_ms"":""measured"",""h2d_bytes"":""measured"",""h2d_ms"":""measured"",""host_prepare_ms"":""unavailable"",""load_ms"":""unavailable"",""mapped_remote_read_bytes"":""measured"",""overlap_wall_ms"":""measured"",""plan_build_ms"":""measured"",""query_total_ms"":""measured"",""resident_gpu_bytes"":""measured"",""resident_host_bytes"":""measured"",""resident_pinned_bytes"":""measured"",""session_setup_ms"":""measured"",""throughput_rows_per_second"":""measured"",""tune_ms"":""measured""}",0.0,,12,measured,unavailable,
2,v7-formal-sf10-resident,54644ea3-eced-4e5f-915e-0791474b3c1c,ok,,0,gpu-mapped,resident,10,ASIA,1994-01-01,0,False,1,0.0,1.0,0,process_tree,"{""memory_mode"":""mapped""}","[""host_prepare_ms"",""load_ms""]",5,b1351a421ba8dcfd,"[{""nation"":""INDIA"",""revenue_1e4"":5368625879995},{""nation"":""CHINA"",""revenue_1e4"":5353508299282},{""nation"":""VIETNAM"",""revenue_1e4"":5322693887176},{""nation"":""JAPAN"",""revenue_1e4"":5267668371444},{""nation"":""INDONESIA"",""revenue_1e4"":5231768523189}]",expected_hash_match,,0.0,,0.0,0.0,130.4330291748047,0.03465599939227104,0.0,358.578187,11115.349852945656,59986052,72985,0,59986052,0,212,960652652,5615075328,,167288625.3953869,logs/gpu-mapped.stdout.jsonl,logs/gpu-mapped.stderr.txt,2026-07-14T07:03:52.781718Z,2026-07-14T07:04:03.897079Z,gpu-mapped,26559175-408c-411b-a2bb-1aca6367bc20,resident,fixed,2826.781089,2795.604292,0.0,1440121437,212,1440121048,"{""cpu_scan_ms"":""measured"",""d2h_bytes"":""measured"",""d2h_ms"":""measured"",""dataset_load_ms"":""measured"",""gpu_kernel_ms"":""measured"",""h2d_bytes"":""measured"",""h2d_ms"":""measured"",""host_prepare_ms"":""unavailable"",""load_ms"":""unavailable"",""mapped_remote_read_bytes"":""measured"",""overlap_wall_ms"":""measured"",""plan_build_ms"":""measured"",""query_total_ms"":""measured"",""resident_gpu_bytes"":""measured"",""resident_host_bytes"":""measured"",""resident_pinned_bytes"":""measured"",""session_setup_ms"":""measured"",""throughput_rows_per_second"":""measured"",""tune_ms"":""measured""}",0.0,,3,measured,unavailable,
2,v7-formal-sf10-resident,a8f8feb9-ae97-49d0-a86a-658377071137,ok,,0,gpu-mapped,resident,10,ASIA,1994-01-01,1,False,1,0.0,1.0,0,process_tree,"{""memory_mode"":""mapped""}","[""host_prepare_ms"",""load_ms""]",5,b1351a421ba8dcfd,"[{""nation"":""INDIA"",""revenue_1e4"":5368625879995},{""nation"":""CHINA"",""revenue_1e4"":5353508299282},{""nation"":""VIETNAM"",""revenue_1e4"":5322693887176},{""nation"":""JAPAN"",""revenue_1e4"":5267668371444},{""nation"":""INDONESIA"",""revenue_1e4"":5231768523189}]",expected_hash_match,,0.0,,0.0,0.0,130.41049194335938,0.035551998764276505,0.0,358.514564,11115.349852945656,59986052,72985,0,59986052,0,212,960652652,5615075328,,167318312.90401915,logs/gpu-mapped.stdout.jsonl,logs/gpu-mapped.stderr.txt,2026-07-14T07:03:52.781718Z,2026-07-14T07:04:03.897079Z,gpu-mapped,26559175-408c-411b-a2bb-1aca6367bc20,resident,fixed,2826.781089,2795.604292,0.0,1440121437,212,1440121048,"{""cpu_scan_ms"":""measured"",""d2h_bytes"":""measured"",""d2h_ms"":""measured"",""dataset_load_ms"":""measured"",""gpu_kernel_ms"":""measured"",""h2d_bytes"":""measured"",""h2d_ms"":""measured"",""host_prepare_ms"":""unavailable"",""load_ms"":""unavailable"",""mapped_remote_read_bytes"":""measured"",""overlap_wall_ms"":""measured"",""plan_build_ms"":""measured"",""query_total_ms"":""measured"",""resident_gpu_bytes"":""measured"",""resident_host_bytes"":""measured"",""resident_pinned_bytes"":""measured"",""session_setup_ms"":""measured"",""throughput_rows_per_second"":""measured"",""tune_ms"":""measured""}",0.0,,4,measured,unavailable,
2,v7-formal-sf10-resident,8a2be3af-4660-44cb-8aa3-3e936d48f33c,ok,,0,gpu-mapped,resident,10,ASIA,1994-01-01,2,False,1,0.0,1.0,0,process_tree,"{""memory_mode"":""mapped""}","[""host_prepare_ms"",""load_ms""]",5,b1351a421ba8dcfd,"[{""nation"":""INDIA"",""revenue_1e4"":5368625879995},{""nation"":""CHINA"",""revenue_1e4"":5353508299282},{""nation"":""VIETNAM"",""revenue_1e4"":5322693887176},{""nation"":""JAPAN"",""revenue_1e4"":5267668371444},{""nation"":""INDONESIA"",""revenue_1e4"":5231768523189}]",expected_hash_match,,0.0,,0.0,0.0,130.4320068359375,0.034752000123262405,0.0,367.31895,11115.349852945656,59986052,72985,0,59986052,0,212,960652652,5615075328,,163307806.47173256,logs/gpu-mapped.stdout.jsonl,logs/gpu-mapped.stderr.txt,2026-07-14T07:03:52.781718Z,2026-07-14T07:04:03.897079Z,gpu-mapped,26559175-408c-411b-a2bb-1aca6367bc20,resident,fixed,2826.781089,2795.604292,0.0,1440121437,212,1440121048,"{""cpu_scan_ms"":""measured"",""d2h_bytes"":""measured"",""d2h_ms"":""measured"",""dataset_load_ms"":""measured"",""gpu_kernel_ms"":""measured"",""h2d_bytes"":""measured"",""h2d_ms"":""measured"",""host_prepare_ms"":""unavailable"",""load_ms"":""unavailable"",""mapped_remote_read_bytes"":""measured"",""overlap_wall_ms"":""measured"",""plan_build_ms"":""measured"",""query_total_ms"":""measured"",""resident_gpu_bytes"":""measured"",""resident_host_bytes"":""measured"",""resident_pinned_bytes"":""measured"",""session_setup_ms"":""measured"",""throughput_rows_per_second"":""measured"",""tune_ms"":""measured""}",0.0,,5,measured,unavailable,
2,v7-formal-sf10-resident,aefe6f3b-318f-4285-8828-18b4d2ede540,ok,,0,gpu-mapped,resident,10,ASIA,1994-01-01,3,False,1,0.0,1.0,0,process_tree,"{""memory_mode"":""mapped""}","[""host_prepare_ms"",""load_ms""]",5,b1351a421ba8dcfd,"[{""nation"":""INDIA"",""revenue_1e4"":5368625879995},{""nation"":""CHINA"",""revenue_1e4"":5353508299282},{""nation"":""VIETNAM"",""revenue_1e4"":5322693887176},{""nation"":""JAPAN"",""revenue_1e4"":5267668371444},{""nation"":""INDONESIA"",""revenue_1e4"":5231768523189}]",expected_hash_match,,0.0,,0.0,0.0,130.5332489013672,0.03680000081658363,0.0,358.316961,11115.349852945656,59986052,72985,0,59986052,0,212,960652652,5615075328,,167410584.84250763,logs/gpu-mapped.stdout.jsonl,logs/gpu-mapped.stderr.txt,2026-07-14T07:03:52.781718Z,2026-07-14T07:04:03.897079Z,gpu-mapped,26559175-408c-411b-a2bb-1aca6367bc20,resident,fixed,2826.781089,2795.604292,0.0,1440121437,212,1440121048,"{""cpu_scan_ms"":""measured"",""d2h_bytes"":""measured"",""d2h_ms"":""measured"",""dataset_load_ms"":""measured"",""gpu_kernel_ms"":""measured"",""h2d_bytes"":""measured"",""h2d_ms"":""measured"",""host_prepare_ms"":""unavailable"",""load_ms"":""unavailable"",""mapped_remote_read_bytes"":""measured"",""overlap_wall_ms"":""measured"",""plan_build_ms"":""measured"",""query_total_ms"":""measured"",""resident_gpu_bytes"":""measured"",""resident_host_bytes"":""measured"",""resident_pinned_bytes"":""measured"",""session_setup_ms"":""measured"",""throughput_rows_per_second"":""measured"",""tune_ms"":""measured""}",0.0,,6,measured,unavailable,
2,v7-formal-sf10-resident,993a5aea-8382-4878-984c-d78d08fa70e5,ok,,0,gpu-mapped,resident,10,ASIA,1994-01-01,4,False,1,0.0,1.0,0,process_tree,"{""memory_mode"":""mapped""}","[""host_prepare_ms"",""load_ms""]",5,b1351a421ba8dcfd,"[{""nation"":""INDIA"",""revenue_1e4"":5368625879995},{""nation"":""CHINA"",""revenue_1e4"":5353508299282},{""nation"":""VIETNAM"",""revenue_1e4"":5322693887176},{""nation"":""JAPAN"",""revenue_1e4"":5267668371444},{""nation"":""INDONESIA"",""revenue_1e4"":5231768523189}]",expected_hash_match,,0.0,,0.0,0.0,130.45846557617188,0.033215999603271484,0.0,358.554696,11115.349852945656,59986052,72985,0,59986052,0,212,960652652,5615075328,,167299585.44455937,logs/gpu-mapped.stdout.jsonl,logs/gpu-mapped.stderr.txt,2026-07-14T07:03:52.781718Z,2026-07-14T07:04:03.897079Z,gpu-mapped,26559175-408c-411b-a2bb-1aca6367bc20,resident,fixed,2826.781089,2795.604292,0.0,1440121437,212,1440121048,"{""cpu_scan_ms"":""measured"",""d2h_bytes"":""measured"",""d2h_ms"":""measured"",""dataset_load_ms"":""measured"",""gpu_kernel_ms"":""measured"",""h2d_bytes"":""measured"",""h2d_ms"":""measured"",""host_prepare_ms"":""unavailable"",""load_ms"":""unavailable"",""mapped_remote_read_bytes"":""measured"",""overlap_wall_ms"":""measured"",""plan_build_ms"":""measured"",""query_total_ms"":""measured"",""resident_gpu_bytes"":""measured"",""resident_host_bytes"":""measured"",""resident_pinned_bytes"":""measured"",""session_setup_ms"":""measured"",""throughput_rows_per_second"":""measured"",""tune_ms"":""measured""}",0.0,,7,measured,unavailable,
2,v7-formal-sf10-resident,b1fdbf89-44cb-4865-a77f-1661113b54d9,ok,,0,gpu-mapped,resident,10,ASIA,1994-01-01,5,False,1,0.0,1.0,0,process_tree,"{""memory_mode"":""mapped""}","[""host_prepare_ms"",""load_ms""]",5,b1351a421ba8dcfd,"[{""nation"":""INDIA"",""revenue_1e4"":5368625879995},{""nation"":""CHINA"",""revenue_1e4"":5353508299282},{""nation"":""VIETNAM"",""revenue_1e4"":5322693887176},{""nation"":""JAPAN"",""revenue_1e4"":5267668371444},{""nation"":""INDONESIA"",""revenue_1e4"":5231768523189}]",expected_hash_match,,0.0,,0.0,0.0,130.46176147460938,0.035551998764276505,0.0,358.763946,11115.349852945656,59986052,72985,0,59986052,0,212,960652652,5615075328,,167202007.52837077,logs/gpu-mapped.stdout.jsonl,logs/gpu-mapped.stderr.txt,2026-07-14T07:03:52.781718Z,2026-07-14T07:04:03.897079Z,gpu-mapped,26559175-408c-411b-a2bb-1aca6367bc20,resident,fixed,2826.781089,2795.604292,0.0,1440121437,212,1440121048,"{""cpu_scan_ms"":""measured"",""d2h_bytes"":""measured"",""d2h_ms"":""measured"",""dataset_load_ms"":""measured"",""gpu_kernel_ms"":""measured"",""h2d_bytes"":""measured"",""h2d_ms"":""measured"",""host_prepare_ms"":""unavailable"",""load_ms"":""unavailable"",""mapped_remote_read_bytes"":""measured"",""overlap_wall_ms"":""measured"",""plan_build_ms"":""measured"",""query_total_ms"":""measured"",""resident_gpu_bytes"":""measured"",""resident_host_bytes"":""measured"",""resident_pinned_bytes"":""measured"",""session_setup_ms"":""measured"",""throughput_rows_per_second"":""measured"",""tune_ms"":""measured""}",0.0,,8,measured,unavailable,
2,v7-formal-sf10-resident,56885fef-cab2-4ed5-8615-197c644703be,ok,,0,gpu-mapped,resident,10,ASIA,1994-01-01,6,False,1,0.0,1.0,0,process_tree,"{""memory_mode"":""mapped""}","[""host_prepare_ms"",""load_ms""]",5,b1351a421ba8dcfd,"[{""nation"":""INDIA"",""revenue_1e4"":5368625879995},{""nation"":""CHINA"",""revenue_1e4"":5353508299282},{""nation"":""VIETNAM"",""revenue_1e4"":5322693887176},{""nation"":""JAPAN"",""revenue_1e4"":5267668371444},{""nation"":""INDONESIA"",""revenue_1e4"":5231768523189}]",expected_hash_match,,0.0,,0.0,0.0,130.463623046875,0.03590400144457817,0.0,358.625261,11115.349852945656,59986052,72985,0,59986052,0,212,960652652,5615075328,,167266666.6947368,logs/gpu-mapped.stdout.jsonl,logs/gpu-mapped.stderr.txt,2026-07-14T07:03:52.781718Z,2026-07-14T07:04:03.897079Z,gpu-mapped,26559175-408c-411b-a2bb-1aca6367bc20,resident,fixed,2826.781089,2795.604292,0.0,1440121437,212,1440121048,"{""cpu_scan_ms"":""measured"",""d2h_bytes"":""measured"",""d2h_ms"":""measured"",""dataset_load_ms"":""measured"",""gpu_kernel_ms"":""measured"",""h2d_bytes"":""measured"",""h2d_ms"":""measured"",""host_prepare_ms"":""unavailable"",""load_ms"":""unavailable"",""mapped_remote_read_bytes"":""measured"",""overlap_wall_ms"":""measured"",""plan_build_ms"":""measured"",""query_total_ms"":""measured"",""resident_gpu_bytes"":""measured"",""resident_host_bytes"":""measured"",""resident_pinned_bytes"":""measured"",""session_setup_ms"":""measured"",""throughput_rows_per_second"":""measured"",""tune_ms"":""measured""}",0.0,,9,measured,unavailable,
2,v7-formal-sf10-resident,cb6e4637-a613-4696-a03e-0bf2e606511e,ok,,0,gpu-mapped,resident,10,ASIA,1994-01-01,7,False,1,0.0,1.0,0,process_tree,"{""memory_mode"":""mapped""}","[""host_prepare_ms"",""load_ms""]",5,b1351a421ba8dcfd,"[{""nation"":""INDIA"",""revenue_1e4"":5368625879995},{""nation"":""CHINA"",""revenue_1e4"":5353508299282},{""nation"":""VIETNAM"",""revenue_1e4"":5322693887176},{""nation"":""JAPAN"",""revenue_1e4"":5267668371444},{""nation"":""INDONESIA"",""revenue_1e4"":5231768523189}]",expected_hash_match,,0.0,,0.0,0.0,130.42279052734375,0.033663999289274216,0.0,358.471623,11115.349852945656,59986052,72985,0,59986052,0,212,960652652,5615075328,,167338355.81735852,logs/gpu-mapped.stdout.jsonl,logs/gpu-mapped.stderr.txt,2026-07-14T07:03:52.781718Z,2026-07-14T07:04:03.897079Z,gpu-mapped,26559175-408c-411b-a2bb-1aca6367bc20,resident,fixed,2826.781089,2795.604292,0.0,1440121437,212,1440121048,"{""cpu_scan_ms"":""measured"",""d2h_bytes"":""measured"",""d2h_ms"":""measured"",""dataset_load_ms"":""measured"",""gpu_kernel_ms"":""measured"",""h2d_bytes"":""measured"",""h2d_ms"":""measured"",""host_prepare_ms"":""unavailable"",""load_ms"":""unavailable"",""mapped_remote_read_bytes"":""measured"",""overlap_wall_ms"":""measured"",""plan_build_ms"":""measured"",""query_total_ms"":""measured"",""resident_gpu_bytes"":""measured"",""resident_host_bytes"":""measured"",""resident_pinned_bytes"":""measured"",""session_setup_ms"":""measured"",""throughput_rows_per_second"":""measured"",""tune_ms"":""measured""}",0.0,,10,measured,unavailable,
2,v7-formal-sf10-resident,20c17b52-eaaa-4d0a-9563-a9697b8f0460,ok,,0,gpu-mapped,resident,10,ASIA,1994-01-01,8,False,1,0.0,1.0,0,process_tree,"{""memory_mode"":""mapped""}","[""host_prepare_ms"",""load_ms""]",5,b1351a421ba8dcfd,"[{""nation"":""INDIA"",""revenue_1e4"":5368625879995},{""nation"":""CHINA"",""revenue_1e4"":5353508299282},{""nation"":""VIETNAM"",""revenue_1e4"":5322693887176},{""nation"":""JAPAN"",""revenue_1e4"":5267668371444},{""nation"":""INDONESIA"",""revenue_1e4"":5231768523189}]",expected_hash_match,,0.0,,0.0,0.0,130.46873474121094,0.03392000123858452,0.0,358.586003,11115.349852945656,59986052,72985,0,59986052,0,212,960652652,5615075328,,167284979.05145505,logs/gpu-mapped.stdout.jsonl,logs/gpu-mapped.stderr.txt,2026-07-14T07:03:52.781718Z,2026-07-14T07:04:03.897079Z,gpu-mapped,26559175-408c-411b-a2bb-1aca6367bc20,resident,fixed,2826.781089,2795.604292,0.0,1440121437,212,1440121048,"{""cpu_scan_ms"":""measured"",""d2h_bytes"":""measured"",""d2h_ms"":""measured"",""dataset_load_ms"":""measured"",""gpu_kernel_ms"":""measured"",""h2d_bytes"":""measured"",""h2d_ms"":""measured"",""host_prepare_ms"":""unavailable"",""load_ms"":""unavailable"",""mapped_remote_read_bytes"":""measured"",""overlap_wall_ms"":""measured"",""plan_build_ms"":""measured"",""query_total_ms"":""measured"",""resident_gpu_bytes"":""measured"",""resident_host_bytes"":""measured"",""resident_pinned_bytes"":""measured"",""session_setup_ms"":""measured"",""throughput_rows_per_second"":""measured"",""tune_ms"":""measured""}",0.0,,11,measured,unavailable,
2,v7-formal-sf10-resident,6c2ab421-8833-4261-b280-3f10607cdcaf,ok,,0,gpu-mapped,resident,10,ASIA,1994-01-01,9,False,1,0.0,1.0,0,process_tree,"{""memory_mode"":""mapped""}","[""host_prepare_ms"",""load_ms""]",5,b1351a421ba8dcfd,"[{""nation"":""INDIA"",""revenue_1e4"":5368625879995},{""nation"":""CHINA"",""revenue_1e4"":5353508299282},{""nation"":""VIETNAM"",""revenue_1e4"":5322693887176},{""nation"":""JAPAN"",""revenue_1e4"":5267668371444},{""nation"":""INDONESIA"",""revenue_1e4"":5231768523189}]",expected_hash_match,,0.0,,0.0,0.0,130.43589782714844,0.0342399999499321,0.0,365.387986,11115.349852945656,59986052,72985,0,59986052,0,212,960652652,5615075328,,164170838.39204282,logs/gpu-mapped.stdout.jsonl,logs/gpu-mapped.stderr.txt,2026-07-14T07:03:52.781718Z,2026-07-14T07:04:03.897079Z,gpu-mapped,26559175-408c-411b-a2bb-1aca6367bc20,resident,fixed,2826.781089,2795.604292,0.0,1440121437,212,1440121048,"{""cpu_scan_ms"":""measured"",""d2h_bytes"":""measured"",""d2h_ms"":""measured"",""dataset_load_ms"":""measured"",""gpu_kernel_ms"":""measured"",""h2d_bytes"":""measured"",""h2d_ms"":""measured"",""host_prepare_ms"":""unavailable"",""load_ms"":""unavailable"",""mapped_remote_read_bytes"":""measured"",""overlap_wall_ms"":""measured"",""plan_build_ms"":""measured"",""query_total_ms"":""measured"",""resident_gpu_bytes"":""measured"",""resident_host_bytes"":""measured"",""resident_pinned_bytes"":""measured"",""session_setup_ms"":""measured"",""throughput_rows_per_second"":""measured"",""tune_ms"":""measured""}",0.0,,12,measured,unavailable,
2,v7-formal-sf10-resident,c344552d-c362-4ffa-b38c-ca46b77130c6,ok,,0,cudf,resident,10,ASIA,1994-01-01,0,False,1,0.0,1.0,0,process_tree,"{""framework"":""cudf""}","[""cpu_scan_ms"",""d2h_bytes"",""d2h_ms"",""gpu_kernel_ms"",""h2d_bytes"",""h2d_ms"",""host_prepare_ms"",""load_ms"",""mapped_remote_read_bytes"",""overlap_wall_ms"",""plan_build_ms""]",5,b1351a421ba8dcfd,"[{""nation"":""INDIA"",""revenue_1e4"":5368625879995},{""nation"":""CHINA"",""revenue_1e4"":5353508299282},{""nation"":""VIETNAM"",""revenue_1e4"":5322693887176},{""nation"":""JAPAN"",""revenue_1e4"":5267668371444},{""nation"":""INDONESIA"",""revenue_1e4"":5231768523189}]",expected_hash_match,,,,,,,,,29.570078011602163,12018.289802130312,59986052,72985,0,59986052,,,,5763895296,,2028606484.449036,logs/cudf.stdout.jsonl,logs/cudf.stderr.txt,2026-07-14T07:04:03.899908Z,2026-07-14T07:04:15.918207Z,cudf,4bea3537-6fd4-4e2e-8725-7a3fc01a2fc0,resident,fixed,8523.075194098055,557.3238865472376,0.0,0,1452521599,0,"{""cpu_scan_ms"":""unavailable"",""d2h_bytes"":""unavailable"",""d2h_ms"":""unavailable"",""dataset_load_ms"":""measured"",""gpu_kernel_ms"":""unavailable"",""h2d_bytes"":""unavailable"",""h2d_ms"":""unavailable"",""host_prepare_ms"":""unavailable"",""load_ms"":""unavailable"",""mapped_remote_read_bytes"":""unavailable"",""overlap_wall_ms"":""unavailable"",""plan_build_ms"":""unavailable"",""query_total_ms"":""measured"",""resident_gpu_bytes"":""measured"",""resident_host_bytes"":""measured"",""resident_pinned_bytes"":""measured"",""session_setup_ms"":""measured"",""throughput_rows_per_second"":""measured"",""tune_ms"":""measured""}",0.0,,3,measured,unavailable,
2,v7-formal-sf10-resident,feef2bb8-aa22-43d1-80bc-6a09cdc589cc,ok,,0,cudf,resident,10,ASIA,1994-01-01,1,False,1,0.0,1.0,0,process_tree,"{""framework"":""cudf""}","[""cpu_scan_ms"",""d2h_bytes"",""d2h_ms"",""gpu_kernel_ms"",""h2d_bytes"",""h2d_ms"",""host_prepare_ms"",""load_ms"",""mapped_remote_read_bytes"",""overlap_wall_ms"",""plan_build_ms""]",5,b1351a421ba8dcfd,"[{""nation"":""INDIA"",""revenue_1e4"":5368625879995},{""nation"":""CHINA"",""revenue_1e4"":5353508299282},{""nation"":""VIETNAM"",""revenue_1e4"":5322693887176},{""nation"":""JAPAN"",""revenue_1e4"":5267668371444},{""nation"":""INDONESIA"",""revenue_1e4"":5231768523189}]",expected_hash_match,,,,,,,,,28.374812100082636,12018.289802130312,59986052,72985,0,59986052,,,,5763895296,,2114059884.8168337,logs/cudf.stdout.jsonl,logs/cudf.stderr.txt,2026-07-14T07:04:03.899908Z,2026-07-14T07:04:15.918207Z,cudf,4bea3537-6fd4-4e2e-8725-7a3fc01a2fc0,resident,fixed,8523.075194098055,557.3238865472376,0.0,0,1452521599,0,"{""cpu_scan_ms"":""unavailable"",""d2h_bytes"":""unavailable"",""d2h_ms"":""unavailable"",""dataset_load_ms"":""measured"",""gpu_kernel_ms"":""unavailable"",""h2d_bytes"":""unavailable"",""h2d_ms"":""unavailable"",""host_prepare_ms"":""unavailable"",""load_ms"":""unavailable"",""mapped_remote_read_bytes"":""unavailable"",""overlap_wall_ms"":""unavailable"",""plan_build_ms"":""unavailable"",""query_total_ms"":""measured"",""resident_gpu_bytes"":""measured"",""resident_host_bytes"":""measured"",""resident_pinned_bytes"":""measured"",""session_setup_ms"":""measured"",""throughput_rows_per_second"":""measured"",""tune_ms"":""measured""}",0.0,,4,measured,unavailable,
2,v7-formal-sf10-resident,3b4250c1-ecae-49ea-8be7-d5a8ac4a8f1f,ok,,0,cudf,resident,10,ASIA,1994-01-01,2,False,1,0.0,1.0,0,process_tree,"{""framework"":""cudf""}","[""cpu_scan_ms"",""d2h_bytes"",""d2h_ms"",""gpu_kernel_ms"",""h2d_bytes"",""h2d_ms"",""host_prepare_ms"",""load_ms"",""mapped_remote_read_bytes"",""overlap_wall_ms"",""plan_build_ms""]",5,b1351a421ba8dcfd,"[{""nation"":""INDIA"",""revenue_1e4"":5368625879995},{""nation"":""CHINA"",""revenue_1e4"":5353508299282},{""nation"":""VIETNAM"",""revenue_1e4"":5322693887176},{""nation"":""JAPAN"",""revenue_1e4"":5267668371444},{""nation"":""INDONESIA"",""revenue_1e4"":5231768523189}]",expected_hash_match,,,,,,,,,28.380070347338915,12018.289802130312,59986052,72985,0,59986052,,,,5763895296,,2113668192.7085023,logs/cudf.stdout.jsonl,logs/cudf.stderr.txt,2026-07-14T07:04:03.899908Z,2026-07-14T07:04:15.918207Z,cudf,4bea3537-6fd4-4e2e-8725-7a3fc01a2fc0,resident,fixed,8523.075194098055,557.3238865472376,0.0,0,1452521599,0,"{""cpu_scan_ms"":""unavailable"",""d2h_bytes"":""unavailable"",""d2h_ms"":""unavailable"",""dataset_load_ms"":""measured"",""gpu_kernel_ms"":""unavailable"",""h2d_bytes"":""unavailable"",""h2d_ms"":""unavailable"",""host_prepare_ms"":""unavailable"",""load_ms"":""unavailable"",""mapped_remote_read_bytes"":""unavailable"",""overlap_wall_ms"":""unavailable"",""plan_build_ms"":""unavailable"",""query_total_ms"":""measured"",""resident_gpu_bytes"":""measured"",""resident_host_bytes"":""measured"",""resident_pinned_bytes"":""measured"",""session_setup_ms"":""measured"",""throughput_rows_per_second"":""measured"",""tune_ms"":""measured""}",0.0,,5,measured,unavailable,
2,v7-formal-sf10-resident,68000390-a3f5-44ee-8c42-1240efbe9340,ok,,0,cudf,resident,10,ASIA,1994-01-01,3,False,1,0.0,1.0,0,process_tree,"{""framework"":""cudf""}","[""cpu_scan_ms"",""d2h_bytes"",""d2h_ms"",""gpu_kernel_ms"",""h2d_bytes"",""h2d_ms"",""host_prepare_ms"",""load_ms"",""mapped_remote_read_bytes"",""overlap_wall_ms"",""plan_build_ms""]",5,b1351a421ba8dcfd,"[{""nation"":""INDIA"",""revenue_1e4"":5368625879995},{""nation"":""CHINA"",""revenue_1e4"":5353508299282},{""nation"":""VIETNAM"",""revenue_1e4"":5322693887176},{""nation"":""JAPAN"",""revenue_1e4"":5267668371444},{""nation"":""INDONESIA"",""revenue_1e4"":5231768523189}]",expected_hash_match,,,,,,,,,28.19280233234167,12018.289802130312,59986052,72985,0,59986052,,,,5763895296,,2127708033.1665492,logs/cudf.stdout.jsonl,logs/cudf.stderr.txt,2026-07-14T07:04:03.899908Z,2026-07-14T07:04:15.918207Z,cudf,4bea3537-6fd4-4e2e-8725-7a3fc01a2fc0,resident,fixed,8523.075194098055,557.3238865472376,0.0,0,1452521599,0,"{""cpu_scan_ms"":""unavailable"",""d2h_bytes"":""unavailable"",""d2h_ms"":""unavailable"",""dataset_load_ms"":""measured"",""gpu_kernel_ms"":""unavailable"",""h2d_bytes"":""unavailable"",""h2d_ms"":""unavailable"",""host_prepare_ms"":""unavailable"",""load_ms"":""unavailable"",""mapped_remote_read_bytes"":""unavailable"",""overlap_wall_ms"":""unavailable"",""plan_build_ms"":""unavailable"",""query_total_ms"":""measured"",""resident_gpu_bytes"":""measured"",""resident_host_bytes"":""measured"",""resident_pinned_bytes"":""measured"",""session_setup_ms"":""measured"",""throughput_rows_per_second"":""measured"",""tune_ms"":""measured""}",0.0,,6,measured,unavailable,
2,v7-formal-sf10-resident,9973cb20-9e18-411b-9335-1f9e41681096,ok,,0,cudf,resident,10,ASIA,1994-01-01,4,False,1,0.0,1.0,0,process_tree,"{""framework"":""cudf""}","[""cpu_scan_ms"",""d2h_bytes"",""d2h_ms"",""gpu_kernel_ms"",""h2d_bytes"",""h2d_ms"",""host_prepare_ms"",""load_ms"",""mapped_remote_read_bytes"",""overlap_wall_ms"",""plan_build_ms""]",5,b1351a421ba8dcfd,"[{""nation"":""INDIA"",""revenue_1e4"":5368625879995},{""nation"":""CHINA"",""revenue_1e4"":5353508299282},{""nation"":""VIETNAM"",""revenue_1e4"":5322693887176},{""nation"":""JAPAN"",""revenue_1e4"":5267668371444},{""nation"":""INDONESIA"",""revenue_1e4"":5231768523189}]",expected_hash_match,,,,,,,,,27.80925203114748,12018.289802130312,59986052,72985,0,59986052,,,,5763895296,,2157053772.3493323,logs/cudf.stdout.jsonl,logs/cudf.stderr.txt,2026-07-14T07:04:03.899908Z,2026-07-14T07:04:15.918207Z,cudf,4bea3537-6fd4-4e2e-8725-7a3fc01a2fc0,resident,fixed,8523.075194098055,557.3238865472376,0.0,0,1452521599,0,"{""cpu_scan_ms"":""unavailable"",""d2h_bytes"":""unavailable"",""d2h_ms"":""unavailable"",""dataset_load_ms"":""measured"",""gpu_kernel_ms"":""unavailable"",""h2d_bytes"":""unavailable"",""h2d_ms"":""unavailable"",""host_prepare_ms"":""unavailable"",""load_ms"":""unavailable"",""mapped_remote_read_bytes"":""unavailable"",""overlap_wall_ms"":""unavailable"",""plan_build_ms"":""unavailable"",""query_total_ms"":""measured"",""resident_gpu_bytes"":""measured"",""resident_host_bytes"":""measured"",""resident_pinned_bytes"":""measured"",""session_setup_ms"":""measured"",""throughput_rows_per_second"":""measured"",""tune_ms"":""measured""}",0.0,,7,measured,unavailable,
2,v7-formal-sf10-resident,3544dfa7-59f4-4b17-92cd-336d14b5e0e6,ok,,0,cudf,resident,10,ASIA,1994-01-01,5,False,1,0.0,1.0,0,process_tree,"{""framework"":""cudf""}","[""cpu_scan_ms"",""d2h_bytes"",""d2h_ms"",""gpu_kernel_ms"",""h2d_bytes"",""h2d_ms"",""host_prepare_ms"",""load_ms"",""mapped_remote_read_bytes"",""overlap_wall_ms"",""plan_build_ms""]",5,b1351a421ba8dcfd,"[{""nation"":""INDIA"",""revenue_1e4"":5368625879995},{""nation"":""CHINA"",""revenue_1e4"":5353508299282},{""nation"":""VIETNAM"",""revenue_1e4"":5322693887176},{""nation"":""JAPAN"",""revenue_1e4"":5267668371444},{""nation"":""INDONESIA"",""revenue_1e4"":5231768523189}]",expected_hash_match,,,,,,,,,27.924333233386278,12018.289802130312,59986052,72985,0,59986052,,,,5763895296,,2148164165.591635,logs/cudf.stdout.jsonl,logs/cudf.stderr.txt,2026-07-14T07:04:03.899908Z,2026-07-14T07:04:15.918207Z,cudf,4bea3537-6fd4-4e2e-8725-7a3fc01a2fc0,resident,fixed,8523.075194098055,557.3238865472376,0.0,0,1452521599,0,"{""cpu_scan_ms"":""unavailable"",""d2h_bytes"":""unavailable"",""d2h_ms"":""unavailable"",""dataset_load_ms"":""measured"",""gpu_kernel_ms"":""unavailable"",""h2d_bytes"":""unavailable"",""h2d_ms"":""unavailable"",""host_prepare_ms"":""unavailable"",""load_ms"":""unavailable"",""mapped_remote_read_bytes"":""unavailable"",""overlap_wall_ms"":""unavailable"",""plan_build_ms"":""unavailable"",""query_total_ms"":""measured"",""resident_gpu_bytes"":""measured"",""resident_host_bytes"":""measured"",""resident_pinned_bytes"":""measured"",""session_setup_ms"":""measured"",""throughput_rows_per_second"":""measured"",""tune_ms"":""measured""}",0.0,,8,measured,unavailable,
2,v7-formal-sf10-resident,c056c10c-9a2a-4e95-9f78-3771b56a2386,ok,,0,cudf,resident,10,ASIA,1994-01-01,6,False,1,0.0,1.0,0,process_tree,"{""framework"":""cudf""}","[""cpu_scan_ms"",""d2h_bytes"",""d2h_ms"",""gpu_kernel_ms"",""h2d_bytes"",""h2d_ms"",""host_prepare_ms"",""load_ms"",""mapped_remote_read_bytes"",""overlap_wall_ms"",""plan_build_ms""]",5,b1351a421ba8dcfd,"[{""nation"":""INDIA"",""revenue_1e4"":5368625879995},{""nation"":""CHINA"",""revenue_1e4"":5353508299282},{""nation"":""VIETNAM"",""revenue_1e4"":5322693887176},{""nation"":""JAPAN"",""revenue_1e4"":5267668371444},{""nation"":""INDONESIA"",""revenue_1e4"":5231768523189}]",expected_hash_match,,,,,,,,,27.797675225883722,12018.289802130312,59986052,72985,0,59986052,,,,5763895296,,2157952113.35314,logs/cudf.stdout.jsonl,logs/cudf.stderr.txt,2026-07-14T07:04:03.899908Z,2026-07-14T07:04:15.918207Z,cudf,4bea3537-6fd4-4e2e-8725-7a3fc01a2fc0,resident,fixed,8523.075194098055,557.3238865472376,0.0,0,1452521599,0,"{""cpu_scan_ms"":""unavailable"",""d2h_bytes"":""unavailable"",""d2h_ms"":""unavailable"",""dataset_load_ms"":""measured"",""gpu_kernel_ms"":""unavailable"",""h2d_bytes"":""unavailable"",""h2d_ms"":""unavailable"",""host_prepare_ms"":""unavailable"",""load_ms"":""unavailable"",""mapped_remote_read_bytes"":""unavailable"",""overlap_wall_ms"":""unavailable"",""plan_build_ms"":""unavailable"",""query_total_ms"":""measured"",""resident_gpu_bytes"":""measured"",""resident_host_bytes"":""measured"",""resident_pinned_bytes"":""measured"",""session_setup_ms"":""measured"",""throughput_rows_per_second"":""measured"",""tune_ms"":""measured""}",0.0,,9,measured,unavailable,
2,v7-formal-sf10-resident,cf048d6d-d46d-4f15-b4e3-0f8fd330ce23,ok,,0,cudf,resident,10,ASIA,1994-01-01,7,False,1,0.0,1.0,0,process_tree,"{""framework"":""cudf""}","[""cpu_scan_ms"",""d2h_bytes"",""d2h_ms"",""gpu_kernel_ms"",""h2d_bytes"",""h2d_ms"",""host_prepare_ms"",""load_ms"",""mapped_remote_read_bytes"",""overlap_wall_ms"",""plan_build_ms""]",5,b1351a421ba8dcfd,"[{""nation"":""INDIA"",""revenue_1e4"":5368625879995},{""nation"":""CHINA"",""revenue_1e4"":5353508299282},{""nation"":""VIETNAM"",""revenue_1e4"":5322693887176},{""nation"":""JAPAN"",""revenue_1e4"":5267668371444},{""nation"":""INDONESIA"",""revenue_1e4"":5231768523189}]",expected_hash_match,,,,,,,,,27.887749020010233,12018.289802130312,59986052,72985,0,59986052,,,,5763895296,,2150982209.319165,logs/cudf.stdout.jsonl,logs/cudf.stderr.txt,2026-07-14T07:04:03.899908Z,2026-07-14T07:04:15.918207Z,cudf,4bea3537-6fd4-4e2e-8725-7a3fc01a2fc0,resident,fixed,8523.075194098055,557.3238865472376,0.0,0,1452521599,0,"{""cpu_scan_ms"":""unavailable"",""d2h_bytes"":""unavailable"",""d2h_ms"":""unavailable"",""dataset_load_ms"":""measured"",""gpu_kernel_ms"":""unavailable"",""h2d_bytes"":""unavailable"",""h2d_ms"":""unavailable"",""host_prepare_ms"":""unavailable"",""load_ms"":""unavailable"",""mapped_remote_read_bytes"":""unavailable"",""overlap_wall_ms"":""unavailable"",""plan_build_ms"":""unavailable"",""query_total_ms"":""measured"",""resident_gpu_bytes"":""measured"",""resident_host_bytes"":""measured"",""resident_pinned_bytes"":""measured"",""session_setup_ms"":""measured"",""throughput_rows_per_second"":""measured"",""tune_ms"":""measured""}",0.0,,10,measured,unavailable,
2,v7-formal-sf10-resident,f5867193-2c57-4fab-a57e-3a69eb40db40,ok,,0,cudf,resident,10,ASIA,1994-01-01,8,False,1,0.0,1.0,0,process_tree,"{""framework"":""cudf""}","[""cpu_scan_ms"",""d2h_bytes"",""d2h_ms"",""gpu_kernel_ms"",""h2d_bytes"",""h2d_ms"",""host_prepare_ms"",""load_ms"",""mapped_remote_read_bytes"",""overlap_wall_ms"",""plan_build_ms""]",5,b1351a421ba8dcfd,"[{""nation"":""INDIA"",""revenue_1e4"":5368625879995},{""nation"":""CHINA"",""revenue_1e4"":5353508299282},{""nation"":""VIETNAM"",""revenue_1e4"":5322693887176},{""nation"":""JAPAN"",""revenue_1e4"":5267668371444},{""nation"":""INDONESIA"",""revenue_1e4"":5231768523189}]",expected_hash_match,,,,,,,,,27.722854167222977,12018.289802130312,59986052,72985,0,59986052,,,,5763895296,,2163776198.445041,logs/cudf.stdout.jsonl,logs/cudf.stderr.txt,2026-07-14T07:04:03.899908Z,2026-07-14T07:04:15.918207Z,cudf,4bea3537-6fd4-4e2e-8725-7a3fc01a2fc0,resident,fixed,8523.075194098055,557.3238865472376,0.0,0,1452521599,0,"{""cpu_scan_ms"":""unavailable"",""d2h_bytes"":""unavailable"",""d2h_ms"":""unavailable"",""dataset_load_ms"":""measured"",""gpu_kernel_ms"":""unavailable"",""h2d_bytes"":""unavailable"",""h2d_ms"":""unavailable"",""host_prepare_ms"":""unavailable"",""load_ms"":""unavailable"",""mapped_remote_read_bytes"":""unavailable"",""overlap_wall_ms"":""unavailable"",""plan_build_ms"":""unavailable"",""query_total_ms"":""measured"",""resident_gpu_bytes"":""measured"",""resident_host_bytes"":""measured"",""resident_pinned_bytes"":""measured"",""session_setup_ms"":""measured"",""throughput_rows_per_second"":""measured"",""tune_ms"":""measured""}",0.0,,11,measured,unavailable,
2,v7-formal-sf10-resident,3c053fa3-627e-4cf3-b1d1-0eaddf9be6c6,ok,,0,cudf,resident,10,ASIA,1994-01-01,9,False,1,0.0,1.0,0,process_tree,"{""framework"":""cudf""}","[""cpu_scan_ms"",""d2h_bytes"",""d2h_ms"",""gpu_kernel_ms"",""h2d_bytes"",""h2d_ms"",""host_prepare_ms"",""load_ms"",""mapped_remote_read_bytes"",""overlap_wall_ms"",""plan_build_ms""]",5,b1351a421ba8dcfd,"[{""nation"":""INDIA"",""revenue_1e4"":5368625879995},{""nation"":""CHINA"",""revenue_1e4"":5353508299282},{""nation"":""VIETNAM"",""revenue_1e4"":5322693887176},{""nation"":""JAPAN"",""revenue_1e4"":5267668371444},{""nation"":""INDONESIA"",""revenue_1e4"":5231768523189}]",expected_hash_match,,,,,,,,,27.80798077583313,12018.289802130312,59986052,72985,0,59986052,,,,5763895296,,2157152383.1076446,logs/cudf.stdout.jsonl,logs/cudf.stderr.txt,2026-07-14T07:04:03.899908Z,2026-07-14T07:04:15.918207Z,cudf,4bea3537-6fd4-4e2e-8725-7a3fc01a2fc0,resident,fixed,8523.075194098055,557.3238865472376,0.0,0,1452521599,0,"{""cpu_scan_ms"":""unavailable"",""d2h_bytes"":""unavailable"",""d2h_ms"":""unavailable"",""dataset_load_ms"":""measured"",""gpu_kernel_ms"":""unavailable"",""h2d_bytes"":""unavailable"",""h2d_ms"":""unavailable"",""host_prepare_ms"":""unavailable"",""load_ms"":""unavailable"",""mapped_remote_read_bytes"":""unavailable"",""overlap_wall_ms"":""unavailable"",""plan_build_ms"":""unavailable"",""query_total_ms"":""measured"",""resident_gpu_bytes"":""measured"",""resident_host_bytes"":""measured"",""resident_pinned_bytes"":""measured"",""session_setup_ms"":""measured"",""throughput_rows_per_second"":""measured"",""tune_ms"":""measured""}",0.0,,12,measured,unavailable,
2,v7-formal-sf10-resident,dd9738a8-421a-4840-b7e3-2942ef725637,ok,,0,hybrid-arrow,resident,10,ASIA,1994-01-01,0,False,16,0.125,0.875,0,process_tree,"{""partition"":""fixed"",""selection"":""fixed"",""sweep"":""diagnostic""}","[""host_prepare_ms"",""load_ms""]",5,b1351a421ba8dcfd,"[{""nation"":""INDIA"",""revenue_1e4"":5368625879995},{""nation"":""CHINA"",""revenue_1e4"":5353508299282},{""nation"":""VIETNAM"",""revenue_1e4"":5322693887176},{""nation"":""JAPAN"",""revenue_1e4"":5267668371444},{""nation"":""INDONESIA"",""revenue_1e4"":5231768523189}]",expected_hash_match,,0.0,,0.0,3.937919,13.26591968536377,0.033695999532938004,3.8179809999999996,13.485439,6105.606224853545,59986052,72985,7498257,52487795,0,212,0,4265299968,,4448209064.6066475,logs/hybrid-fixed-r0125-t16.stdout.jsonl,logs/hybrid-fixed-r0125-t16.stderr.txt,2026-07-14T07:04:15.921032Z,2026-07-14T07:04:22.026647Z,hybrid-fixed-r0125-t16,935d825c-b3b5-4ad0-bc93-1f36cc610cf7,resident,fixed,2829.469892,2564.859909,0.0,1834643522,1290156120,0,"{""cpu_scan_ms"":""measured"",""d2h_bytes"":""measured"",""d2h_ms"":""measured"",""dataset_load_ms"":""measured"",""gpu_kernel_ms"":""measured"",""h2d_bytes"":""measured"",""h2d_ms"":""measured"",""host_prepare_ms"":""unavailable"",""load_ms"":""unavailable"",""mapped_remote_read_bytes"":""measured"",""overlap_wall_ms"":""measured"",""plan_build_ms"":""measured"",""query_total_ms"":""measured"",""resident_gpu_bytes"":""measured"",""resident_host_bytes"":""measured"",""resident_pinned_bytes"":""measured"",""session_setup_ms"":""measured"",""throughput_rows_per_second"":""measured"",""tune_ms"":""measured""}",0.125,,3,measured,unavailable,
2,v7-formal-sf10-resident,d3f044f8-e188-4381-8cf1-0cd7f0ae722f,ok,,0,hybrid-arrow,resident,10,ASIA,1994-01-01,1,False,16,0.125,0.875,0,process_tree,"{""partition"":""fixed"",""selection"":""fixed"",""sweep"":""diagnostic""}","[""host_prepare_ms"",""load_ms""]",5,b1351a421ba8dcfd,"[{""nation"":""INDIA"",""revenue_1e4"":5368625879995},{""nation"":""CHINA"",""revenue_1e4"":5353508299282},{""nation"":""VIETNAM"",""revenue_1e4"":5322693887176},{""nation"":""JAPAN"",""revenue_1e4"":5267668371444},{""nation"":""INDONESIA"",""revenue_1e4"":5231768523189}]",expected_hash_match,,0.0,,0.0,3.812102,13.187999725341797,0.026815999299287796,3.695238,13.369096,6105.606224853545,59986052,72985,7498257,52487795,0,212,0,4265299968,,4486919085.628527,logs/hybrid-fixed-r0125-t16.stdout.jsonl,logs/hybrid-fixed-r0125-t16.stderr.txt,2026-07-14T07:04:15.921032Z,2026-07-14T07:04:22.026647Z,hybrid-fixed-r0125-t16,935d825c-b3b5-4ad0-bc93-1f36cc610cf7,resident,fixed,2829.469892,2564.859909,0.0,1834643522,1290156120,0,"{""cpu_scan_ms"":""measured"",""d2h_bytes"":""measured"",""d2h_ms"":""measured"",""dataset_load_ms"":""measured"",""gpu_kernel_ms"":""measured"",""h2d_bytes"":""measured"",""h2d_ms"":""measured"",""host_prepare_ms"":""unavailable"",""load_ms"":""unavailable"",""mapped_remote_read_bytes"":""measured"",""overlap_wall_ms"":""measured"",""plan_build_ms"":""measured"",""query_total_ms"":""measured"",""resident_gpu_bytes"":""measured"",""resident_host_bytes"":""measured"",""resident_pinned_bytes"":""measured"",""session_setup_ms"":""measured"",""throughput_rows_per_second"":""measured"",""tune_ms"":""measured""}",0.125,,4,measured,unavailable,
2,v7-formal-sf10-resident,1f8ddbfb-8eec-46cb-b386-e3ea5c609db9,ok,,0,hybrid-arrow,resident,10,ASIA,1994-01-01,2,False,16,0.125,0.875,0,process_tree,"{""partition"":""fixed"",""selection"":""fixed"",""sweep"":""diagnostic""}","[""host_prepare_ms"",""load_ms""]",5,b1351a421ba8dcfd,"[{""nation"":""INDIA"",""revenue_1e4"":5368625879995},{""nation"":""CHINA"",""revenue_1e4"":5353508299282},{""nation"":""VIETNAM"",""revenue_1e4"":5322693887176},{""nation"":""JAPAN"",""revenue_1e4"":5267668371444},{""nation"":""INDONESIA"",""revenue_1e4"":5231768523189}]",expected_hash_match,,0.0,,0.0,3.877599,13.31379222869873,0.028736000880599022,3.7622479999999996,13.505569,6105.606224853545,59986052,72985,7498257,52487795,0,212,0,4265299968,,4441579025.659711,logs/hybrid-fixed-r0125-t16.stdout.jsonl,logs/hybrid-fixed-r0125-t16.stderr.txt,2026-07-14T07:04:15.921032Z,2026-07-14T07:04:22.026647Z,hybrid-fixed-r0125-t16,935d825c-b3b5-4ad0-bc93-1f36cc610cf7,resident,fixed,2829.469892,2564.859909,0.0,1834643522,1290156120,0,"{""cpu_scan_ms"":""measured"",""d2h_bytes"":""measured"",""d2h_ms"":""measured"",""dataset_load_ms"":""measured"",""gpu_kernel_ms"":""measured"",""h2d_bytes"":""measured"",""h2d_ms"":""measured"",""host_prepare_ms"":""unavailable"",""load_ms"":""unavailable"",""mapped_remote_read_bytes"":""measured"",""overlap_wall_ms"":""measured"",""plan_build_ms"":""measured"",""query_total_ms"":""measured"",""resident_gpu_bytes"":""measured"",""resident_host_bytes"":""measured"",""resident_pinned_bytes"":""measured"",""session_setup_ms"":""measured"",""throughput_rows_per_second"":""measured"",""tune_ms"":""measured""}",0.125,,5,measured,unavailable,
2,v7-formal-sf10-resident,4668fffa-4610-406a-b9eb-fe764ea25269,ok,,0,hybrid-arrow,resident,10,ASIA,1994-01-01,3,False,16,0.125,0.875,0,process_tree,"{""partition"":""fixed"",""selection"":""fixed"",""sweep"":""diagnostic""}","[""host_prepare_ms"",""load_ms""]",5,b1351a421ba8dcfd,"[{""nation"":""INDIA"",""revenue_1e4"":5368625879995},{""nation"":""CHINA"",""revenue_1e4"":5353508299282},{""nation"":""VIETNAM"",""revenue_1e4"":5322693887176},{""nation"":""JAPAN"",""revenue_1e4"":5267668371444},{""nation"":""INDONESIA"",""revenue_1e4"":5231768523189}]",expected_hash_match,,0.0,,0.0,3.750681,12.34943962097168,0.024351999163627625,3.646027,12.519314,6105.606224853545,59986052,72985,7498257,52487795,0,212,0,4265299968,,4791480747.267782,logs/hybrid-fixed-r0125-t16.stdout.jsonl,logs/hybrid-fixed-r0125-t16.stderr.txt,2026-07-14T07:04:15.921032Z,2026-07-14T07:04:22.026647Z,hybrid-fixed-r0125-t16,935d825c-b3b5-4ad0-bc93-1f36cc610cf7,resident,fixed,2829.469892,2564.859909,0.0,1834643522,1290156120,0,"{""cpu_scan_ms"":""measured"",""d2h_bytes"":""measured"",""d2h_ms"":""measured"",""dataset_load_ms"":""measured"",""gpu_kernel_ms"":""measured"",""h2d_bytes"":""measured"",""h2d_ms"":""measured"",""host_prepare_ms"":""unavailable"",""load_ms"":""unavailable"",""mapped_remote_read_bytes"":""measured"",""overlap_wall_ms"":""measured"",""plan_build_ms"":""measured"",""query_total_ms"":""measured"",""resident_gpu_bytes"":""measured"",""resident_host_bytes"":""measured"",""resident_pinned_bytes"":""measured"",""session_setup_ms"":""measured"",""throughput_rows_per_second"":""measured"",""tune_ms"":""measured""}",0.125,,6,measured,unavailable,
2,v7-formal-sf10-resident,fced4ce0-36ed-412d-a604-d17962d5c3a5,ok,,0,hybrid-arrow,resident,10,ASIA,1994-01-01,4,False,16,0.125,0.875,0,process_tree,"{""partition"":""fixed"",""selection"":""fixed"",""sweep"":""diagnostic""}","[""host_prepare_ms"",""load_ms""]",5,b1351a421ba8dcfd,"[{""nation"":""INDIA"",""revenue_1e4"":5368625879995},{""nation"":""CHINA"",""revenue_1e4"":5353508299282},{""nation"":""VIETNAM"",""revenue_1e4"":5322693887176},{""nation"":""JAPAN"",""revenue_1e4"":5267668371444},{""nation"":""INDONESIA"",""revenue_1e4"":5231768523189}]",expected_hash_match,,0.0,,0.0,3.779894,12.25830364227295,0.033535998314619064,3.6724749999999986,12.464192,6105.606224853545,59986052,72985,7498257,52487795,0,212,0,4265299968,,4812670729.077344,logs/hybrid-fixed-r0125-t16.stdout.jsonl,logs/hybrid-fixed-r0125-t16.stderr.txt,2026-07-14T07:04:15.921032Z,2026-07-14T07:04:22.026647Z,hybrid-fixed-r0125-t16,935d825c-b3b5-4ad0-bc93-1f36cc610cf7,resident,fixed,2829.469892,2564.859909,0.0,1834643522,1290156120,0,"{""cpu_scan_ms"":""measured"",""d2h_bytes"":""measured"",""d2h_ms"":""measured"",""dataset_load_ms"":""measured"",""gpu_kernel_ms"":""measured"",""h2d_bytes"":""measured"",""h2d_ms"":""measured"",""host_prepare_ms"":""unavailable"",""load_ms"":""unavailable"",""mapped_remote_read_bytes"":""measured"",""overlap_wall_ms"":""measured"",""plan_build_ms"":""measured"",""query_total_ms"":""measured"",""resident_gpu_bytes"":""measured"",""resident_host_bytes"":""measured"",""resident_pinned_bytes"":""measured"",""session_setup_ms"":""measured"",""throughput_rows_per_second"":""measured"",""tune_ms"":""measured""}",0.125,,7,measured,unavailable,
2,v7-formal-sf10-resident,68b4edde-b876-4db6-9db2-ea1239826b83,ok,,0,hybrid-arrow,resident,10,ASIA,1994-01-01,5,False,16,0.125,0.875,0,process_tree,"{""partition"":""fixed"",""selection"":""fixed"",""sweep"":""diagnostic""}","[""host_prepare_ms"",""load_ms""]",5,b1351a421ba8dcfd,"[{""nation"":""INDIA"",""revenue_1e4"":5368625879995},{""nation"":""CHINA"",""revenue_1e4"":5353508299282},{""nation"":""VIETNAM"",""revenue_1e4"":5322693887176},{""nation"":""JAPAN"",""revenue_1e4"":5267668371444},{""nation"":""INDONESIA"",""revenue_1e4"":5231768523189}]",expected_hash_match,,0.0,,0.0,3.725984,12.282879829406738,0.023871999233961105,3.6146889999999985,12.455239,6105.606224853545,59986052,72985,7498257,52487795,0,212,0,4265299968,,4816130144.110442,logs/hybrid-fixed-r0125-t16.stdout.jsonl,logs/hybrid-fixed-r0125-t16.stderr.txt,2026-07-14T07:04:15.921032Z,2026-07-14T07:04:22.026647Z,hybrid-fixed-r0125-t16,935d825c-b3b5-4ad0-bc93-1f36cc610cf7,resident,fixed,2829.469892,2564.859909,0.0,1834643522,1290156120,0,"{""cpu_scan_ms"":""measured"",""d2h_bytes"":""measured"",""d2h_ms"":""measured"",""dataset_load_ms"":""measured"",""gpu_kernel_ms"":""measured"",""h2d_bytes"":""measured"",""h2d_ms"":""measured"",""host_prepare_ms"":""unavailable"",""load_ms"":""unavailable"",""mapped_remote_read_bytes"":""measured"",""overlap_wall_ms"":""measured"",""plan_build_ms"":""measured"",""query_total_ms"":""measured"",""resident_gpu_bytes"":""measured"",""resident_host_bytes"":""measured"",""resident_pinned_bytes"":""measured"",""session_setup_ms"":""measured"",""throughput_rows_per_second"":""measured"",""tune_ms"":""measured""}",0.125,,8,measured,unavailable,
2,v7-formal-sf10-resident,3b3a5ba5-3935-45e7-a0d4-190a74dd835d,ok,,0,hybrid-arrow,resident,10,ASIA,1994-01-01,6,False,16,0.125,0.875,0,process_tree,"{""partition"":""fixed"",""selection"":""fixed"",""sweep"":""diagnostic""}","[""host_prepare_ms"",""load_ms""]",5,b1351a421ba8dcfd,"[{""nation"":""INDIA"",""revenue_1e4"":5368625879995},{""nation"":""CHINA"",""revenue_1e4"":5353508299282},{""nation"":""VIETNAM"",""revenue_1e4"":5322693887176},{""nation"":""JAPAN"",""revenue_1e4"":5267668371444},{""nation"":""INDONESIA"",""revenue_1e4"":5231768523189}]",expected_hash_match,,0.0,,0.0,3.829618,12.285951614379883,0.03280000016093254,3.706996,12.505704,6105.606224853545,59986052,72985,7498257,52487795,0,212,0,4265299968,,4796695331.986108,logs/hybrid-fixed-r0125-t16.stdout.jsonl,logs/hybrid-fixed-r0125-t16.stderr.txt,2026-07-14T07:04:15.921032Z,2026-07-14T07:04:22.026647Z,hybrid-fixed-r0125-t16,935d825c-b3b5-4ad0-bc93-1f36cc610cf7,resident,fixed,2829.469892,2564.859909,0.0,1834643522,1290156120,0,"{""cpu_scan_ms"":""measured"",""d2h_bytes"":""measured"",""d2h_ms"":""measured"",""dataset_load_ms"":""measured"",""gpu_kernel_ms"":""measured"",""h2d_bytes"":""measured"",""h2d_ms"":""measured"",""host_prepare_ms"":""unavailable"",""load_ms"":""unavailable"",""mapped_remote_read_bytes"":""measured"",""overlap_wall_ms"":""measured"",""plan_build_ms"":""measured"",""query_total_ms"":""measured"",""resident_gpu_bytes"":""measured"",""resident_host_bytes"":""measured"",""resident_pinned_bytes"":""measured"",""session_setup_ms"":""measured"",""throughput_rows_per_second"":""measured"",""tune_ms"":""measured""}",0.125,,9,measured,unavailable,
2,v7-formal-sf10-resident,1084cb84-8dc9-481c-90eb-f76259fe7a35,ok,,0,hybrid-arrow,resident,10,ASIA,1994-01-01,7,False,16,0.125,0.875,0,process_tree,"{""partition"":""fixed"",""selection"":""fixed"",""sweep"":""diagnostic""}","[""host_prepare_ms"",""load_ms""]",5,b1351a421ba8dcfd,"[{""nation"":""INDIA"",""revenue_1e4"":5368625879995},{""nation"":""CHINA"",""revenue_1e4"":5353508299282},{""nation"":""VIETNAM"",""revenue_1e4"":5322693887176},{""nation"":""JAPAN"",""revenue_1e4"":5267668371444},{""nation"":""INDONESIA"",""revenue_1e4"":5231768523189}]",expected_hash_match,,0.0,,0.0,3.881535,12.26956844329834,0.025439999997615814,3.7614670000000014,12.454537,6105.606224853545,59986052,72985,7498257,52487795,0,212,0,4265299968,,4816401605.29452,logs/hybrid-fixed-r0125-t16.stdout.jsonl,logs/hybrid-fixed-r0125-t16.stderr.txt,2026-07-14T07:04:15.921032Z,2026-07-14T07:04:22.026647Z,hybrid-fixed-r0125-t16,935d825c-b3b5-4ad0-bc93-1f36cc610cf7,resident,fixed,2829.469892,2564.859909,0.0,1834643522,1290156120,0,"{""cpu_scan_ms"":""measured"",""d2h_bytes"":""measured"",""d2h_ms"":""measured"",""dataset_load_ms"":""measured"",""gpu_kernel_ms"":""measured"",""h2d_bytes"":""measured"",""h2d_ms"":""measured"",""host_prepare_ms"":""unavailable"",""load_ms"":""unavailable"",""mapped_remote_read_bytes"":""measured"",""overlap_wall_ms"":""measured"",""plan_build_ms"":""measured"",""query_total_ms"":""measured"",""resident_gpu_bytes"":""measured"",""resident_host_bytes"":""measured"",""resident_pinned_bytes"":""measured"",""session_setup_ms"":""measured"",""throughput_rows_per_second"":""measured"",""tune_ms"":""measured""}",0.125,,10,measured,unavailable,
2,v7-formal-sf10-resident,94924164-431f-4f9f-89b8-500f86cbf6ec,ok,,0,hybrid-arrow,resident,10,ASIA,1994-01-01,8,False,16,0.125,0.875,0,process_tree,"{""partition"":""fixed"",""selection"":""fixed"",""sweep"":""diagnostic""}","[""host_prepare_ms"",""load_ms""]",5,b1351a421ba8dcfd,"[{""nation"":""INDIA"",""revenue_1e4"":5368625879995},{""nation"":""CHINA"",""revenue_1e4"":5353508299282},{""nation"":""VIETNAM"",""revenue_1e4"":5322693887176},{""nation"":""JAPAN"",""revenue_1e4"":5267668371444},{""nation"":""INDONESIA"",""revenue_1e4"":5231768523189}]",expected_hash_match,,0.0,,0.0,3.829067,12.314623832702637,0.034272000193595886,3.6826289999999986,12.560525,6105.606224853545,59986052,72985,7498257,52487795,0,212,0,4265299968,,4775759930.416922,logs/hybrid-fixed-r0125-t16.stdout.jsonl,logs/hybrid-fixed-r0125-t16.stderr.txt,2026-07-14T07:04:15.921032Z,2026-07-14T07:04:22.026647Z,hybrid-fixed-r0125-t16,935d825c-b3b5-4ad0-bc93-1f36cc610cf7,resident,fixed,2829.469892,2564.859909,0.0,1834643522,1290156120,0,"{""cpu_scan_ms"":""measured"",""d2h_bytes"":""measured"",""d2h_ms"":""measured"",""dataset_load_ms"":""measured"",""gpu_kernel_ms"":""measured"",""h2d_bytes"":""measured"",""h2d_ms"":""measured"",""host_prepare_ms"":""unavailable"",""load_ms"":""unavailable"",""mapped_remote_read_bytes"":""measured"",""overlap_wall_ms"":""measured"",""plan_build_ms"":""measured"",""query_total_ms"":""measured"",""resident_gpu_bytes"":""measured"",""resident_host_bytes"":""measured"",""resident_pinned_bytes"":""measured"",""session_setup_ms"":""measured"",""throughput_rows_per_second"":""measured"",""tune_ms"":""measured""}",0.125,,11,measured,unavailable,
2,v7-formal-sf10-resident,4fb3af0d-660f-4246-b8e6-3057bbc9d77a,ok,,0,hybrid-arrow,resident,10,ASIA,1994-01-01,9,False,16,0.125,0.875,0,process_tree,"{""partition"":""fixed"",""selection"":""fixed"",""sweep"":""diagnostic""}","[""host_prepare_ms"",""load_ms""]",5,b1351a421ba8dcfd,"[{""nation"":""INDIA"",""revenue_1e4"":5368625879995},{""nation"":""CHINA"",""revenue_1e4"":5353508299282},{""nation"":""VIETNAM"",""revenue_1e4"":5322693887176},{""nation"":""JAPAN"",""revenue_1e4"":5267668371444},{""nation"":""INDONESIA"",""revenue_1e4"":5231768523189}]",expected_hash_match,,0.0,,0.0,3.909887,12.31545639038086,0.024000000208616257,3.7837190000000014,12.512093,6105.606224853545,59986052,72985,7498257,52487795,0,212,0,4265299968,,4794246014.635601,logs/hybrid-fixed-r0125-t16.stdout.jsonl,logs/hybrid-fixed-r0125-t16.stderr.txt,2026-07-14T07:04:15.921032Z,2026-07-14T07:04:22.026647Z,hybrid-fixed-r0125-t16,935d825c-b3b5-4ad0-bc93-1f36cc610cf7,resident,fixed,2829.469892,2564.859909,0.0,1834643522,1290156120,0,"{""cpu_scan_ms"":""measured"",""d2h_bytes"":""measured"",""d2h_ms"":""measured"",""dataset_load_ms"":""measured"",""gpu_kernel_ms"":""measured"",""h2d_bytes"":""measured"",""h2d_ms"":""measured"",""host_prepare_ms"":""unavailable"",""load_ms"":""unavailable"",""mapped_remote_read_bytes"":""measured"",""overlap_wall_ms"":""measured"",""plan_build_ms"":""measured"",""query_total_ms"":""measured"",""resident_gpu_bytes"":""measured"",""resident_host_bytes"":""measured"",""resident_pinned_bytes"":""measured"",""session_setup_ms"":""measured"",""throughput_rows_per_second"":""measured"",""tune_ms"":""measured""}",0.125,,12,measured,unavailable,
2,v7-formal-sf10-resident,51841f12-c577-4efc-92c2-174bbda0303b,ok,,0,hybrid-arrow,resident,10,ASIA,1994-01-01,0,False,16,0.25,0.75,0,process_tree,"{""partition"":""fixed"",""selection"":""fixed"",""sweep"":""core""}","[""host_prepare_ms"",""load_ms""]",5,b1351a421ba8dcfd,"[{""nation"":""INDIA"",""revenue_1e4"":5368625879995},{""nation"":""CHINA"",""revenue_1e4"":5353508299282},{""nation"":""VIETNAM"",""revenue_1e4"":5322693887176},{""nation"":""JAPAN"",""revenue_1e4"":5267668371444},{""nation"":""INDONESIA"",""revenue_1e4"":5231768523189}]",expected_hash_match,,0.0,,0.0,6.937384,11.313119888305664,0.0323840007185936,6.822512999999997,11.525408,5992.742808070034,59986052,72985,14996513,44989539,0,212,0,4115214336,,5204679261.679934,logs/hybrid-fixed-r0250-t16.stdout.jsonl,logs/hybrid-fixed-r0250-t16.stderr.txt,2026-07-14T07:04:22.029445Z,2026-07-14T07:04:28.022204Z,hybrid-fixed-r0250-t16,79e61a76-13cc-4de9-a8b6-9617fbea1124,resident,fixed,2830.211174,2408.895887,0.0,1988765442,1140191000,0,"{""cpu_scan_ms"":""measured"",""d2h_bytes"":""measured"",""d2h_ms"":""measured"",""dataset_load_ms"":""measured"",""gpu_kernel_ms"":""measured"",""h2d_bytes"":""measured"",""h2d_ms"":""measured"",""host_prepare_ms"":""unavailable"",""load_ms"":""unavailable"",""mapped_remote_read_bytes"":""measured"",""overlap_wall_ms"":""measured"",""plan_build_ms"":""measured"",""query_total_ms"":""measured"",""resident_gpu_bytes"":""measured"",""resident_host_bytes"":""measured"",""resident_pinned_bytes"":""measured"",""session_setup_ms"":""measured"",""throughput_rows_per_second"":""measured"",""tune_ms"":""measured""}",0.25,,3,measured,unavailable,
2,v7-formal-sf10-resident,aa91acee-ef8c-40a0-9a2e-502b43b34162,ok,,0,hybrid-arrow,resident,10,ASIA,1994-01-01,1,False,16,0.25,0.75,0,process_tree,"{""partition"":""fixed"",""selection"":""fixed"",""sweep"":""core""}","[""host_prepare_ms"",""load_ms""]",5,b1351a421ba8dcfd,"[{""nation"":""INDIA"",""revenue_1e4"":5368625879995},{""nation"":""CHINA"",""revenue_1e4"":5353508299282},{""nation"":""VIETNAM"",""revenue_1e4"":5322693887176},{""nation"":""JAPAN"",""revenue_1e4"":5267668371444},{""nation"":""INDONESIA"",""revenue_1e4"":5231768523189}]",expected_hash_match,,0.0,,0.0,6.846268,11.330400466918945,0.03200000151991844,6.726769999999998,11.541102,5992.742808070034,59986052,72985,14996513,44989539,0,212,0,4115214336,,5197601754.147914,logs/hybrid-fixed-r0250-t16.stdout.jsonl,logs/hybrid-fixed-r0250-t16.stderr.txt,2026-07-14T07:04:22.029445Z,2026-07-14T07:04:28.022204Z,hybrid-fixed-r0250-t16,79e61a76-13cc-4de9-a8b6-9617fbea1124,resident,fixed,2830.211174,2408.895887,0.0,1988765442,1140191000,0,"{""cpu_scan_ms"":""measured"",""d2h_bytes"":""measured"",""d2h_ms"":""measured"",""dataset_load_ms"":""measured"",""gpu_kernel_ms"":""measured"",""h2d_bytes"":""measured"",""h2d_ms"":""measured"",""host_prepare_ms"":""unavailable"",""load_ms"":""unavailable"",""mapped_remote_read_bytes"":""measured"",""overlap_wall_ms"":""measured"",""plan_build_ms"":""measured"",""query_total_ms"":""measured"",""resident_gpu_bytes"":""measured"",""resident_host_bytes"":""measured"",""resident_pinned_bytes"":""measured"",""session_setup_ms"":""measured"",""throughput_rows_per_second"":""measured"",""tune_ms"":""measured""}",0.25,,4,measured,unavailable,
2,v7-formal-sf10-resident,2afa30a1-111b-4763-bd03-0b5ab2a19099,ok,,0,hybrid-arrow,resident,10,ASIA,1994-01-01,2,False,16,0.25,0.75,0,process_tree,"{""partition"":""fixed"",""selection"":""fixed"",""sweep"":""core""}","[""host_prepare_ms"",""load_ms""]",5,b1351a421ba8dcfd,"[{""nation"":""INDIA"",""revenue_1e4"":5368625879995},{""nation"":""CHINA"",""revenue_1e4"":5353508299282},{""nation"":""VIETNAM"",""revenue_1e4"":5322693887176},{""nation"":""JAPAN"",""revenue_1e4"":5267668371444},{""nation"":""INDONESIA"",""revenue_1e4"":5231768523189}]",expected_hash_match,,0.0,,0.0,6.745729,11.33670425415039,0.02703999914228916,6.623958999999999,11.526731,5992.742808070034,59986052,72985,14996513,44989539,0,212,0,4115214336,,5204081885.8356285,logs/hybrid-fixed-r0250-t16.stdout.jsonl,logs/hybrid-fixed-r0250-t16.stderr.txt,2026-07-14T07:04:22.029445Z,2026-07-14T07:04:28.022204Z,hybrid-fixed-r0250-t16,79e61a76-13cc-4de9-a8b6-9617fbea1124,resident,fixed,2830.211174,2408.895887,0.0,1988765442,1140191000,0,"{""cpu_scan_ms"":""measured"",""d2h_bytes"":""measured"",""d2h_ms"":""measured"",""dataset_load_ms"":""measured"",""gpu_kernel_ms"":""measured"",""h2d_bytes"":""measured"",""h2d_ms"":""measured"",""host_prepare_ms"":""unavailable"",""load_ms"":""unavailable"",""mapped_remote_read_bytes"":""measured"",""overlap_wall_ms"":""measured"",""plan_build_ms"":""measured"",""query_total_ms"":""measured"",""resident_gpu_bytes"":""measured"",""resident_host_bytes"":""measured"",""resident_pinned_bytes"":""measured"",""session_setup_ms"":""measured"",""throughput_rows_per_second"":""measured"",""tune_ms"":""measured""}",0.25,,5,measured,unavailable,
2,v7-formal-sf10-resident,b7a65c07-66b6-43d9-8fe6-1ee17a72579e,ok,,0,hybrid-arrow,resident,10,ASIA,1994-01-01,3,False,16,0.25,0.75,0,process_tree,"{""partition"":""fixed"",""selection"":""fixed"",""sweep"":""core""}","[""host_prepare_ms"",""load_ms""]",5,b1351a421ba8dcfd,"[{""nation"":""INDIA"",""revenue_1e4"":5368625879995},{""nation"":""CHINA"",""revenue_1e4"":5353508299282},{""nation"":""VIETNAM"",""revenue_1e4"":5322693887176},{""nation"":""JAPAN"",""revenue_1e4"":5267668371444},{""nation"":""INDONESIA"",""revenue_1e4"":5231768523189}]",expected_hash_match,,0.0,,0.0,6.57812,11.309791564941406,0.028063999488949776,6.475256999999999,11.484077,5992.742808070034,59986052,72985,14996513,44989539,0,212,0,4115214336,,5223410814.817769,logs/hybrid-fixed-r0250-t16.stdout.jsonl,logs/hybrid-fixed-r0250-t16.stderr.txt,2026-07-14T07:04:22.029445Z,2026-07-14T07:04:28.022204Z,hybrid-fixed-r0250-t16,79e61a76-13cc-4de9-a8b6-9617fbea1124,resident,fixed,2830.211174,2408.895887,0.0,1988765442,1140191000,0,"{""cpu_scan_ms"":""measured"",""d2h_bytes"":""measured"",""d2h_ms"":""measured"",""dataset_load_ms"":""measured"",""gpu_kernel_ms"":""measured"",""h2d_bytes"":""measured"",""h2d_ms"":""measured"",""host_prepare_ms"":""unavailable"",""load_ms"":""unavailable"",""mapped_remote_read_bytes"":""measured"",""overlap_wall_ms"":""measured"",""plan_build_ms"":""measured"",""query_total_ms"":""measured"",""resident_gpu_bytes"":""measured"",""resident_host_bytes"":""measured"",""resident_pinned_bytes"":""measured"",""session_setup_ms"":""measured"",""throughput_rows_per_second"":""measured"",""tune_ms"":""measured""}",0.25,,6,measured,unavailable,
2,v7-formal-sf10-resident,f16b5274-1b45-4da5-a3ec-675b2ff42206,ok,,0,hybrid-arrow,resident,10,ASIA,1994-01-01,4,False,16,0.25,0.75,0,process_tree,"{""partition"":""fixed"",""selection"":""fixed"",""sweep"":""core""}","[""host_prepare_ms"",""load_ms""]",5,b1351a421ba8dcfd,"[{""nation"":""INDIA"",""revenue_1e4"":5368625879995},{""nation"":""CHINA"",""revenue_1e4"":5353508299282},{""nation"":""VIETNAM"",""revenue_1e4"":5322693887176},{""nation"":""JAPAN"",""revenue_1e4"":5267668371444},{""nation"":""INDONESIA"",""revenue_1e4"":5231768523189}]",expected_hash_match,,0.0,,0.0,6.929402,11.34182357788086,0.032896000891923904,6.819737999999999,11.549424,5992.742808070034,59986052,72985,14996513,44989539,0,212,0,4115214336,,5193856594.060449,logs/hybrid-fixed-r0250-t16.stdout.jsonl,logs/hybrid-fixed-r0250-t16.stderr.txt,2026-07-14T07:04:22.029445Z,2026-07-14T07:04:28.022204Z,hybrid-fixed-r0250-t16,79e61a76-13cc-4de9-a8b6-9617fbea1124,resident,fixed,2830.211174,2408.895887,0.0,1988765442,1140191000,0,"{""cpu_scan_ms"":""measured"",""d2h_bytes"":""measured"",""d2h_ms"":""measured"",""dataset_load_ms"":""measured"",""gpu_kernel_ms"":""measured"",""h2d_bytes"":""measured"",""h2d_ms"":""measured"",""host_prepare_ms"":""unavailable"",""load_ms"":""unavailable"",""mapped_remote_read_bytes"":""measured"",""overlap_wall_ms"":""measured"",""plan_build_ms"":""measured"",""query_total_ms"":""measured"",""resident_gpu_bytes"":""measured"",""resident_host_bytes"":""measured"",""resident_pinned_bytes"":""measured"",""session_setup_ms"":""measured"",""throughput_rows_per_second"":""measured"",""tune_ms"":""measured""}",0.25,,7,measured,unavailable,
2,v7-formal-sf10-resident,7537e528-d16e-4438-94e0-8e8e5e6115f9,ok,,0,hybrid-arrow,resident,10,ASIA,1994-01-01,5,False,16,0.25,0.75,0,process_tree,"{""partition"":""fixed"",""selection"":""fixed"",""sweep"":""core""}","[""host_prepare_ms"",""load_ms""]",5,b1351a421ba8dcfd,"[{""nation"":""INDIA"",""revenue_1e4"":5368625879995},{""nation"":""CHINA"",""revenue_1e4"":5353508299282},{""nation"":""VIETNAM"",""revenue_1e4"":5322693887176},{""nation"":""JAPAN"",""revenue_1e4"":5267668371444},{""nation"":""INDONESIA"",""revenue_1e4"":5231768523189}]",expected_hash_match,,0.0,,0.0,6.51064,11.284480094909668,0.03248000144958496,6.396441000000001,11.490977,5992.742808070034,59986052,72985,14996513,44989539,0,212,0,4115214336,,5220274307.397882,logs/hybrid-fixed-r0250-t16.stdout.jsonl,logs/hybrid-fixed-r0250-t16.stderr.txt,2026-07-14T07:04:22.029445Z,2026-07-14T07:04:28.022204Z,hybrid-fixed-r0250-t16,79e61a76-13cc-4de9-a8b6-9617fbea1124,resident,fixed,2830.211174,2408.895887,0.0,1988765442,1140191000,0,"{""cpu_scan_ms"":""measured"",""d2h_bytes"":""measured"",""d2h_ms"":""measured"",""dataset_load_ms"":""measured"",""gpu_kernel_ms"":""measured"",""h2d_bytes"":""measured"",""h2d_ms"":""measured"",""host_prepare_ms"":""unavailable"",""load_ms"":""unavailable"",""mapped_remote_read_bytes"":""measured"",""overlap_wall_ms"":""measured"",""plan_build_ms"":""measured"",""query_total_ms"":""measured"",""resident_gpu_bytes"":""measured"",""resident_host_bytes"":""measured"",""resident_pinned_bytes"":""measured"",""session_setup_ms"":""measured"",""throughput_rows_per_second"":""measured"",""tune_ms"":""measured""}",0.25,,8,measured,unavailable,
2,v7-formal-sf10-resident,39cdacfe-a858-435e-b2bd-8ee6aac3153d,ok,,0,hybrid-arrow,resident,10,ASIA,1994-01-01,6,False,16,0.25,0.75,0,process_tree,"{""partition"":""fixed"",""selection"":""fixed"",""sweep"":""core""}","[""host_prepare_ms"",""load_ms""]",5,b1351a421ba8dcfd,"[{""nation"":""INDIA"",""revenue_1e4"":5368625879995},{""nation"":""CHINA"",""revenue_1e4"":5353508299282},{""nation"":""VIETNAM"",""revenue_1e4"":5322693887176},{""nation"":""JAPAN"",""revenue_1e4"":5267668371444},{""nation"":""INDONESIA"",""revenue_1e4"":5231768523189}]",expected_hash_match,,0.0,,0.0,6.607234,11.424736022949219,0.028511999174952507,6.506153999999999,11.60096,5992.742808070034,59986052,72985,14996513,44989539,0,212,0,4115214336,,5170783452.403938,logs/hybrid-fixed-r0250-t16.stdout.jsonl,logs/hybrid-fixed-r0250-t16.stderr.txt,2026-07-14T07:04:22.029445Z,2026-07-14T07:04:28.022204Z,hybrid-fixed-r0250-t16,79e61a76-13cc-4de9-a8b6-9617fbea1124,resident,fixed,2830.211174,2408.895887,0.0,1988765442,1140191000,0,"{""cpu_scan_ms"":""measured"",""d2h_bytes"":""measured"",""d2h_ms"":""measured"",""dataset_load_ms"":""measured"",""gpu_kernel_ms"":""measured"",""h2d_bytes"":""measured"",""h2d_ms"":""measured"",""host_prepare_ms"":""unavailable"",""load_ms"":""unavailable"",""mapped_remote_read_bytes"":""measured"",""overlap_wall_ms"":""measured"",""plan_build_ms"":""measured"",""query_total_ms"":""measured"",""resident_gpu_bytes"":""measured"",""resident_host_bytes"":""measured"",""resident_pinned_bytes"":""measured"",""session_setup_ms"":""measured"",""throughput_rows_per_second"":""measured"",""tune_ms"":""measured""}",0.25,,9,measured,unavailable,
2,v7-formal-sf10-resident,12bc16e2-3b16-4471-85ab-85b37e02dab6,ok,,0,hybrid-arrow,resident,10,ASIA,1994-01-01,7,False,16,0.25,0.75,0,process_tree,"{""partition"":""fixed"",""selection"":""fixed"",""sweep"":""core""}","[""host_prepare_ms"",""load_ms""]",5,b1351a421ba8dcfd,"[{""nation"":""INDIA"",""revenue_1e4"":5368625879995},{""nation"":""CHINA"",""revenue_1e4"":5353508299282},{""nation"":""VIETNAM"",""revenue_1e4"":5322693887176},{""nation"":""JAPAN"",""revenue_1e4"":5267668371444},{""nation"":""INDONESIA"",""revenue_1e4"":5231768523189}]",expected_hash_match,,0.0,,0.0,6.819489,11.34489631652832,0.025567999109625816,6.710728999999999,11.518287,5992.742808070034,59986052,72985,14996513,44989539,0,212,0,4115214336,,5207896972.874525,logs/hybrid-fixed-r0250-t16.stdout.jsonl,logs/hybrid-fixed-r0250-t16.stderr.txt,2026-07-14T07:04:22.029445Z,2026-07-14T07:04:28.022204Z,hybrid-fixed-r0250-t16,79e61a76-13cc-4de9-a8b6-9617fbea1124,resident,fixed,2830.211174,2408.895887,0.0,1988765442,1140191000,0,"{""cpu_scan_ms"":""measured"",""d2h_bytes"":""measured"",""d2h_ms"":""measured"",""dataset_load_ms"":""measured"",""gpu_kernel_ms"":""measured"",""h2d_bytes"":""measured"",""h2d_ms"":""measured"",""host_prepare_ms"":""unavailable"",""load_ms"":""unavailable"",""mapped_remote_read_bytes"":""measured"",""overlap_wall_ms"":""measured"",""plan_build_ms"":""measured"",""query_total_ms"":""measured"",""resident_gpu_bytes"":""measured"",""resident_host_bytes"":""measured"",""resident_pinned_bytes"":""measured"",""session_setup_ms"":""measured"",""throughput_rows_per_second"":""measured"",""tune_ms"":""measured""}",0.25,,10,measured,unavailable,
2,v7-formal-sf10-resident,151c20a9-22cb-48ef-ac52-e2bda893453f,ok,,0,hybrid-arrow,resident,10,ASIA,1994-01-01,8,False,16,0.25,0.75,0,process_tree,"{""partition"":""fixed"",""selection"":""fixed"",""sweep"":""core""}","[""host_prepare_ms"",""load_ms""]",5,b1351a421ba8dcfd,"[{""nation"":""INDIA"",""revenue_1e4"":5368625879995},{""nation"":""CHINA"",""revenue_1e4"":5353508299282},{""nation"":""VIETNAM"",""revenue_1e4"":5322693887176},{""nation"":""JAPAN"",""revenue_1e4"":5267668371444},{""nation"":""INDONESIA"",""revenue_1e4"":5231768523189}]",expected_hash_match,,0.0,,0.0,6.917194,10.60860824584961,0.03308799862861633,6.808011999999998,10.816756,5992.742808070034,59986052,72985,14996513,44989539,0,212,0,4115214336,,5545660085.149374,logs/hybrid-fixed-r0250-t16.stdout.jsonl,logs/hybrid-fixed-r0250-t16.stderr.txt,2026-07-14T07:04:22.029445Z,2026-07-14T07:04:28.022204Z,hybrid-fixed-r0250-t16,79e61a76-13cc-4de9-a8b6-9617fbea1124,resident,fixed,2830.211174,2408.895887,0.0,1988765442,1140191000,0,"{""cpu_scan_ms"":""measured"",""d2h_bytes"":""measured"",""d2h_ms"":""measured"",""dataset_load_ms"":""measured"",""gpu_kernel_ms"":""measured"",""h2d_bytes"":""measured"",""h2d_ms"":""measured"",""host_prepare_ms"":""unavailable"",""load_ms"":""unavailable"",""mapped_remote_read_bytes"":""measured"",""overlap_wall_ms"":""measured"",""plan_build_ms"":""measured"",""query_total_ms"":""measured"",""resident_gpu_bytes"":""measured"",""resident_host_bytes"":""measured"",""resident_pinned_bytes"":""measured"",""session_setup_ms"":""measured"",""throughput_rows_per_second"":""measured"",""tune_ms"":""measured""}",0.25,,11,measured,unavailable,
2,v7-formal-sf10-resident,f694b74e-745d-47b1-94da-1a1a39352d74,ok,,0,hybrid-arrow,resident,10,ASIA,1994-01-01,9,False,16,0.25,0.75,0,process_tree,"{""partition"":""fixed"",""selection"":""fixed"",""sweep"":""core""}","[""host_prepare_ms"",""load_ms""]",5,b1351a421ba8dcfd,"[{""nation"":""INDIA"",""revenue_1e4"":5368625879995},{""nation"":""CHINA"",""revenue_1e4"":5353508299282},{""nation"":""VIETNAM"",""revenue_1e4"":5322693887176},{""nation"":""JAPAN"",""revenue_1e4"":5267668371444},{""nation"":""INDONESIA"",""revenue_1e4"":5231768523189}]",expected_hash_match,,0.0,,0.0,6.775413,10.51750373840332,0.03296000137925148,6.663717,10.726922,5992.742808070034,59986052,72985,14996513,44989539,0,212,0,4115214336,,5592102935.026469,logs/hybrid-fixed-r0250-t16.stdout.jsonl,logs/hybrid-fixed-r0250-t16.stderr.txt,2026-07-14T07:04:22.029445Z,2026-07-14T07:04:28.022204Z,hybrid-fixed-r0250-t16,79e61a76-13cc-4de9-a8b6-9617fbea1124,resident,fixed,2830.211174,2408.895887,0.0,1988765442,1140191000,0,"{""cpu_scan_ms"":""measured"",""d2h_bytes"":""measured"",""d2h_ms"":""measured"",""dataset_load_ms"":""measured"",""gpu_kernel_ms"":""measured"",""h2d_bytes"":""measured"",""h2d_ms"":""measured"",""host_prepare_ms"":""unavailable"",""load_ms"":""unavailable"",""mapped_remote_read_bytes"":""measured"",""overlap_wall_ms"":""measured"",""plan_build_ms"":""measured"",""query_total_ms"":""measured"",""resident_gpu_bytes"":""measured"",""resident_host_bytes"":""measured"",""resident_pinned_bytes"":""measured"",""session_setup_ms"":""measured"",""throughput_rows_per_second"":""measured"",""tune_ms"":""measured""}",0.25,,12,measured,unavailable,
2,v7-formal-sf10-resident,f979783e-3408-439e-a584-46470de9da17,ok,,0,hybrid-arrow,resident,10,ASIA,1994-01-01,0,False,16,0.375,0.625,0,process_tree,"{""partition"":""fixed"",""selection"":""fixed"",""sweep"":""diagnostic""}","[""host_prepare_ms"",""load_ms""]",5,b1351a421ba8dcfd,"[{""nation"":""INDIA"",""revenue_1e4"":5368625879995},{""nation"":""CHINA"",""revenue_1e4"":5353508299282},{""nation"":""VIETNAM"",""revenue_1e4"":5322693887176},{""nation"":""JAPAN"",""revenue_1e4"":5267668371444},{""nation"":""INDONESIA"",""revenue_1e4"":5231768523189}]",expected_hash_match,,0.0,,0.0,10.036167,9.422847747802734,0.03302399814128876,9.439191000000003,10.108193,5706.126900855452,59986052,72985,22494770,37491282,0,212,0,3964833792,,5934399155.219929,logs/hybrid-fixed-r0375-t16.stdout.jsonl,logs/hybrid-fixed-r0375-t16.stderr.txt,2026-07-14T07:04:28.024972Z,2026-07-14T07:04:33.731109Z,hybrid-fixed-r0375-t16,951eef74-b89f-4c97-80e6-6767eff041c6,resident,fixed,2837.77648,2159.521316,0.0,2132401582,990225860,0,"{""cpu_scan_ms"":""measured"",""d2h_bytes"":""measured"",""d2h_ms"":""measured"",""dataset_load_ms"":""measured"",""gpu_kernel_ms"":""measured"",""h2d_bytes"":""measured"",""h2d_ms"":""measured"",""host_prepare_ms"":""unavailable"",""load_ms"":""unavailable"",""mapped_remote_read_bytes"":""measured"",""overlap_wall_ms"":""measured"",""plan_build_ms"":""measured"",""query_total_ms"":""measured"",""resident_gpu_bytes"":""measured"",""resident_host_bytes"":""measured"",""resident_pinned_bytes"":""measured"",""session_setup_ms"":""measured"",""throughput_rows_per_second"":""measured"",""tune_ms"":""measured""}",0.375,,3,measured,unavailable,
2,v7-formal-sf10-resident,17c59144-dfbc-4229-9013-760c5e247700,ok,,0,hybrid-arrow,resident,10,ASIA,1994-01-01,1,False,16,0.375,0.625,0,process_tree,"{""partition"":""fixed"",""selection"":""fixed"",""sweep"":""diagnostic""}","[""host_prepare_ms"",""load_ms""]",5,b1351a421ba8dcfd,"[{""nation"":""INDIA"",""revenue_1e4"":5368625879995},{""nation"":""CHINA"",""revenue_1e4"":5353508299282},{""nation"":""VIETNAM"",""revenue_1e4"":5322693887176},{""nation"":""JAPAN"",""revenue_1e4"":5267668371444},{""nation"":""INDONESIA"",""revenue_1e4"":5231768523189}]",expected_hash_match,,0.0,,0.0,9.705936,9.379039764404297,0.02876799926161766,9.396246,9.772805,5706.126900855452,59986052,72985,22494770,37491282,0,212,0,3964833792,,6138058827.532116,logs/hybrid-fixed-r0375-t16.stdout.jsonl,logs/hybrid-fixed-r0375-t16.stderr.txt,2026-07-14T07:04:28.024972Z,2026-07-14T07:04:33.731109Z,hybrid-fixed-r0375-t16,951eef74-b89f-4c97-80e6-6767eff041c6,resident,fixed,2837.77648,2159.521316,0.0,2132401582,990225860,0,"{""cpu_scan_ms"":""measured"",""d2h_bytes"":""measured"",""d2h_ms"":""measured"",""dataset_load_ms"":""measured"",""gpu_kernel_ms"":""measured"",""h2d_bytes"":""measured"",""h2d_ms"":""measured"",""host_prepare_ms"":""unavailable"",""load_ms"":""unavailable"",""mapped_remote_read_bytes"":""measured"",""overlap_wall_ms"":""measured"",""plan_build_ms"":""measured"",""query_total_ms"":""measured"",""resident_gpu_bytes"":""measured"",""resident_host_bytes"":""measured"",""resident_pinned_bytes"":""measured"",""session_setup_ms"":""measured"",""throughput_rows_per_second"":""measured"",""tune_ms"":""measured""}",0.375,,4,measured,unavailable,
2,v7-formal-sf10-resident,94295da2-80ea-49b4-8ab7-16e4aed48588,ok,,0,hybrid-arrow,resident,10,ASIA,1994-01-01,2,False,16,0.375,0.625,0,process_tree,"{""partition"":""fixed"",""selection"":""fixed"",""sweep"":""diagnostic""}","[""host_prepare_ms"",""load_ms""]",5,b1351a421ba8dcfd,"[{""nation"":""INDIA"",""revenue_1e4"":5368625879995},{""nation"":""CHINA"",""revenue_1e4"":5353508299282},{""nation"":""VIETNAM"",""revenue_1e4"":5322693887176},{""nation"":""JAPAN"",""revenue_1e4"":5267668371444},{""nation"":""INDONESIA"",""revenue_1e4"":5231768523189}]",expected_hash_match,,0.0,,0.0,9.622793,9.424896240234375,0.03302399814128876,9.449957000000003,9.697483,5706.126900855452,59986052,72985,22494770,37491282,0,212,0,3964833792,,6185734174.527555,logs/hybrid-fixed-r0375-t16.stdout.jsonl,logs/hybrid-fixed-r0375-t16.stderr.txt,2026-07-14T07:04:28.024972Z,2026-07-14T07:04:33.731109Z,hybrid-fixed-r0375-t16,951eef74-b89f-4c97-80e6-6767eff041c6,resident,fixed,2837.77648,2159.521316,0.0,2132401582,990225860,0,"{""cpu_scan_ms"":""measured"",""d2h_bytes"":""measured"",""d2h_ms"":""measured"",""dataset_load_ms"":""measured"",""gpu_kernel_ms"":""measured"",""h2d_bytes"":""measured"",""h2d_ms"":""measured"",""host_prepare_ms"":""unavailable"",""load_ms"":""unavailable"",""mapped_remote_read_bytes"":""measured"",""overlap_wall_ms"":""measured"",""plan_build_ms"":""measured"",""query_total_ms"":""measured"",""resident_gpu_bytes"":""measured"",""resident_host_bytes"":""measured"",""resident_pinned_bytes"":""measured"",""session_setup_ms"":""measured"",""throughput_rows_per_second"":""measured"",""tune_ms"":""measured""}",0.375,,5,measured,unavailable,
2,v7-formal-sf10-resident,e5214957-4960-4465-8345-4114156a9cc9,ok,,0,hybrid-arrow,resident,10,ASIA,1994-01-01,3,False,16,0.375,0.625,0,process_tree,"{""partition"":""fixed"",""selection"":""fixed"",""sweep"":""diagnostic""}","[""host_prepare_ms"",""load_ms""]",5,b1351a421ba8dcfd,"[{""nation"":""INDIA"",""revenue_1e4"":5368625879995},{""nation"":""CHINA"",""revenue_1e4"":5353508299282},{""nation"":""VIETNAM"",""revenue_1e4"":5322693887176},{""nation"":""JAPAN"",""revenue_1e4"":5267668371444},{""nation"":""INDONESIA"",""revenue_1e4"":5231768523189}]",expected_hash_match,,0.0,,0.0,10.021274,9.451519966125488,0.03340800106525421,9.485006999999998,10.090558,5706.126900855452,59986052,72985,22494770,37491282,0,212,0,3964833792,,5944770546.88155,logs/hybrid-fixed-r0375-t16.stdout.jsonl,logs/hybrid-fixed-r0375-t16.stderr.txt,2026-07-14T07:04:28.024972Z,2026-07-14T07:04:33.731109Z,hybrid-fixed-r0375-t16,951eef74-b89f-4c97-80e6-6767eff041c6,resident,fixed,2837.77648,2159.521316,0.0,2132401582,990225860,0,"{""cpu_scan_ms"":""measured"",""d2h_bytes"":""measured"",""d2h_ms"":""measured"",""dataset_load_ms"":""measured"",""gpu_kernel_ms"":""measured"",""h2d_bytes"":""measured"",""h2d_ms"":""measured"",""host_prepare_ms"":""unavailable"",""load_ms"":""unavailable"",""mapped_remote_read_bytes"":""measured"",""overlap_wall_ms"":""measured"",""plan_build_ms"":""measured"",""query_total_ms"":""measured"",""resident_gpu_bytes"":""measured"",""resident_host_bytes"":""measured"",""resident_pinned_bytes"":""measured"",""session_setup_ms"":""measured"",""throughput_rows_per_second"":""measured"",""tune_ms"":""measured""}",0.375,,6,measured,unavailable,
2,v7-formal-sf10-resident,7fdfee32-cde3-471f-937a-23518ddeb56c,ok,,0,hybrid-arrow,resident,10,ASIA,1994-01-01,4,False,16,0.375,0.625,0,process_tree,"{""partition"":""fixed"",""selection"":""fixed"",""sweep"":""diagnostic""}","[""host_prepare_ms"",""load_ms""]",5,b1351a421ba8dcfd,"[{""nation"":""INDIA"",""revenue_1e4"":5368625879995},{""nation"":""CHINA"",""revenue_1e4"":5353508299282},{""nation"":""VIETNAM"",""revenue_1e4"":5322693887176},{""nation"":""JAPAN"",""revenue_1e4"":5267668371444},{""nation"":""INDONESIA"",""revenue_1e4"":5231768523189}]",expected_hash_match,,0.0,,0.0,9.95113,9.408512115478516,0.03363199904561043,9.427271,10.01798,5706.126900855452,59986052,72985,22494770,37491282,0,212,0,3964833792,,5987839065.360482,logs/hybrid-fixed-r0375-t16.stdout.jsonl,logs/hybrid-fixed-r0375-t16.stderr.txt,2026-07-14T07:04:28.024972Z,2026-07-14T07:04:33.731109Z,hybrid-fixed-r0375-t16,951eef74-b89f-4c97-80e6-6767eff041c6,resident,fixed,2837.77648,2159.521316,0.0,2132401582,990225860,0,"{""cpu_scan_ms"":""measured"",""d2h_bytes"":""measured"",""d2h_ms"":""measured"",""dataset_load_ms"":""measured"",""gpu_kernel_ms"":""measured"",""h2d_bytes"":""measured"",""h2d_ms"":""measured"",""host_prepare_ms"":""unavailable"",""load_ms"":""unavailable"",""mapped_remote_read_bytes"":""measured"",""overlap_wall_ms"":""measured"",""plan_build_ms"":""measured"",""query_total_ms"":""measured"",""resident_gpu_bytes"":""measured"",""resident_host_bytes"":""measured"",""resident_pinned_bytes"":""measured"",""session_setup_ms"":""measured"",""throughput_rows_per_second"":""measured"",""tune_ms"":""measured""}",0.375,,7,measured,unavailable,
2,v7-formal-sf10-resident,621e8bd4-c8d9-47fc-b3a5-6d8909b77030,ok,,0,hybrid-arrow,resident,10,ASIA,1994-01-01,5,False,16,0.375,0.625,0,process_tree,"{""partition"":""fixed"",""selection"":""fixed"",""sweep"":""diagnostic""}","[""host_prepare_ms"",""load_ms""]",5,b1351a421ba8dcfd,"[{""nation"":""INDIA"",""revenue_1e4"":5368625879995},{""nation"":""CHINA"",""revenue_1e4"":5353508299282},{""nation"":""VIETNAM"",""revenue_1e4"":5322693887176},{""nation"":""JAPAN"",""revenue_1e4"":5267668371444},{""nation"":""INDONESIA"",""revenue_1e4"":5231768523189}]",expected_hash_match,,0.0,,0.0,10.053973,9.512960433959961,0.03577600046992302,9.548602999999996,10.127171,5706.126900855452,59986052,72985,22494770,37491282,0,212,0,3964833792,,5923278277.813221,logs/hybrid-fixed-r0375-t16.stdout.jsonl,logs/hybrid-fixed-r0375-t16.stderr.txt,2026-07-14T07:04:28.024972Z,2026-07-14T07:04:33.731109Z,hybrid-fixed-r0375-t16,951eef74-b89f-4c97-80e6-6767eff041c6,resident,fixed,2837.77648,2159.521316,0.0,2132401582,990225860,0,"{""cpu_scan_ms"":""measured"",""d2h_bytes"":""measured"",""d2h_ms"":""measured"",""dataset_load_ms"":""measured"",""gpu_kernel_ms"":""measured"",""h2d_bytes"":""measured"",""h2d_ms"":""measured"",""host_prepare_ms"":""unavailable"",""load_ms"":""unavailable"",""mapped_remote_read_bytes"":""measured"",""overlap_wall_ms"":""measured"",""plan_build_ms"":""measured"",""query_total_ms"":""measured"",""resident_gpu_bytes"":""measured"",""resident_host_bytes"":""measured"",""resident_pinned_bytes"":""measured"",""session_setup_ms"":""measured"",""throughput_rows_per_second"":""measured"",""tune_ms"":""measured""}",0.375,,8,measured,unavailable,
2,v7-formal-sf10-resident,96e30c37-d0e9-42b1-935d-42f693bd5b44,ok,,0,hybrid-arrow,resident,10,ASIA,1994-01-01,6,False,16,0.375,0.625,0,process_tree,"{""partition"":""fixed"",""selection"":""fixed"",""sweep"":""diagnostic""}","[""host_prepare_ms"",""load_ms""]",5,b1351a421ba8dcfd,"[{""nation"":""INDIA"",""revenue_1e4"":5368625879995},{""nation"":""CHINA"",""revenue_1e4"":5353508299282},{""nation"":""VIETNAM"",""revenue_1e4"":5322693887176},{""nation"":""JAPAN"",""revenue_1e4"":5267668371444},{""nation"":""INDONESIA"",""revenue_1e4"":5231768523189}]",expected_hash_match,,0.0,,0.0,9.799005,9.393152236938477,0.029888000339269638,9.402265,9.862148,5706.126900855452,59986052,72985,22494770,37491282,0,212,0,3964833792,,6082453031.5302515,logs/hybrid-fixed-r0375-t16.stdout.jsonl,logs/hybrid-fixed-r0375-t16.stderr.txt,2026-07-14T07:04:28.024972Z,2026-07-14T07:04:33.731109Z,hybrid-fixed-r0375-t16,951eef74-b89f-4c97-80e6-6767eff041c6,resident,fixed,2837.77648,2159.521316,0.0,2132401582,990225860,0,"{""cpu_scan_ms"":""measured"",""d2h_bytes"":""measured"",""d2h_ms"":""measured"",""dataset_load_ms"":""measured"",""gpu_kernel_ms"":""measured"",""h2d_bytes"":""measured"",""h2d_ms"":""measured"",""host_prepare_ms"":""unavailable"",""load_ms"":""unavailable"",""mapped_remote_read_bytes"":""measured"",""overlap_wall_ms"":""measured"",""plan_build_ms"":""measured"",""query_total_ms"":""measured"",""resident_gpu_bytes"":""measured"",""resident_host_bytes"":""measured"",""resident_pinned_bytes"":""measured"",""session_setup_ms"":""measured"",""throughput_rows_per_second"":""measured"",""tune_ms"":""measured""}",0.375,,9,measured,unavailable,
2,v7-formal-sf10-resident,9049b257-4210-4410-85f2-07a46c97c702,ok,,0,hybrid-arrow,resident,10,ASIA,1994-01-01,7,False,16,0.375,0.625,0,process_tree,"{""partition"":""fixed"",""selection"":""fixed"",""sweep"":""diagnostic""}","[""host_prepare_ms"",""load_ms""]",5,b1351a421ba8dcfd,"[{""nation"":""INDIA"",""revenue_1e4"":5368625879995},{""nation"":""CHINA"",""revenue_1e4"":5353508299282},{""nation"":""VIETNAM"",""revenue_1e4"":5322693887176},{""nation"":""JAPAN"",""revenue_1e4"":5267668371444},{""nation"":""INDONESIA"",""revenue_1e4"":5231768523189}]",expected_hash_match,,0.0,,0.0,10.042917,9.389056205749512,0.029888000339269638,9.398589000000001,10.109736,5706.126900855452,59986052,72985,22494770,37491282,0,212,0,3964833792,,5933493416.643126,logs/hybrid-fixed-r0375-t16.stdout.jsonl,logs/hybrid-fixed-r0375-t16.stderr.txt,2026-07-14T07:04:28.024972Z,2026-07-14T07:04:33.731109Z,hybrid-fixed-r0375-t16,951eef74-b89f-4c97-80e6-6767eff041c6,resident,fixed,2837.77648,2159.521316,0.0,2132401582,990225860,0,"{""cpu_scan_ms"":""measured"",""d2h_bytes"":""measured"",""d2h_ms"":""measured"",""dataset_load_ms"":""measured"",""gpu_kernel_ms"":""measured"",""h2d_bytes"":""measured"",""h2d_ms"":""measured"",""host_prepare_ms"":""unavailable"",""load_ms"":""unavailable"",""mapped_remote_read_bytes"":""measured"",""overlap_wall_ms"":""measured"",""plan_build_ms"":""measured"",""query_total_ms"":""measured"",""resident_gpu_bytes"":""measured"",""resident_host_bytes"":""measured"",""resident_pinned_bytes"":""measured"",""session_setup_ms"":""measured"",""throughput_rows_per_second"":""measured"",""tune_ms"":""measured""}",0.375,,10,measured,unavailable,
2,v7-formal-sf10-resident,bae957a6-bbc1-44e3-a08e-0ea2a17330c1,ok,,0,hybrid-arrow,resident,10,ASIA,1994-01-01,8,False,16,0.375,0.625,0,process_tree,"{""partition"":""fixed"",""selection"":""fixed"",""sweep"":""diagnostic""}","[""host_prepare_ms"",""load_ms""]",5,b1351a421ba8dcfd,"[{""nation"":""INDIA"",""revenue_1e4"":5368625879995},{""nation"":""CHINA"",""revenue_1e4"":5353508299282},{""nation"":""VIETNAM"",""revenue_1e4"":5322693887176},{""nation"":""JAPAN"",""revenue_1e4"":5267668371444},{""nation"":""INDONESIA"",""revenue_1e4"":5231768523189}]",expected_hash_match,,0.0,,0.0,9.913685,9.426015853881836,0.03455999866127968,9.423956999999998,9.978781,5706.126900855452,59986052,72985,22494770,37491282,0,212,0,3964833792,,6011360706.282661,logs/hybrid-fixed-r0375-t16.stdout.jsonl,logs/hybrid-fixed-r0375-t16.stderr.txt,2026-07-14T07:04:28.024972Z,2026-07-14T07:04:33.731109Z,hybrid-fixed-r0375-t16,951eef74-b89f-4c97-80e6-6767eff041c6,resident,fixed,2837.77648,2159.521316,0.0,2132401582,990225860,0,"{""cpu_scan_ms"":""measured"",""d2h_bytes"":""measured"",""d2h_ms"":""measured"",""dataset_load_ms"":""measured"",""gpu_kernel_ms"":""measured"",""h2d_bytes"":""measured"",""h2d_ms"":""measured"",""host_prepare_ms"":""unavailable"",""load_ms"":""unavailable"",""mapped_remote_read_bytes"":""measured"",""overlap_wall_ms"":""measured"",""plan_build_ms"":""measured"",""query_total_ms"":""measured"",""resident_gpu_bytes"":""measured"",""resident_host_bytes"":""measured"",""resident_pinned_bytes"":""measured"",""session_setup_ms"":""measured"",""throughput_rows_per_second"":""measured"",""tune_ms"":""measured""}",0.375,,11,measured,unavailable,
2,v7-formal-sf10-resident,326a2b1f-35bd-4fc9-8a9c-2bccb2a0b7ee,ok,,0,hybrid-arrow,resident,10,ASIA,1994-01-01,9,False,16,0.375,0.625,0,process_tree,"{""partition"":""fixed"",""selection"":""fixed"",""sweep"":""diagnostic""}","[""host_prepare_ms"",""load_ms""]",5,b1351a421ba8dcfd,"[{""nation"":""INDIA"",""revenue_1e4"":5368625879995},{""nation"":""CHINA"",""revenue_1e4"":5353508299282},{""nation"":""VIETNAM"",""revenue_1e4"":5322693887176},{""nation"":""JAPAN"",""revenue_1e4"":5267668371444},{""nation"":""INDONESIA"",""revenue_1e4"":5231768523189}]",expected_hash_match,,0.0,,0.0,10.092009,9.40236759185791,0.03564799949526787,9.421533,10.159219,5706.126900855452,59986052,72985,22494770,37491282,0,212,0,3964833792,,5904592862.896252,logs/hybrid-fixed-r0375-t16.stdout.jsonl,logs/hybrid-fixed-r0375-t16.stderr.txt,2026-07-14T07:04:28.024972Z,2026-07-14T07:04:33.731109Z,hybrid-fixed-r0375-t16,951eef74-b89f-4c97-80e6-6767eff041c6,resident,fixed,2837.77648,2159.521316,0.0,2132401582,990225860,0,"{""cpu_scan_ms"":""measured"",""d2h_bytes"":""measured"",""d2h_ms"":""measured"",""dataset_load_ms"":""measured"",""gpu_kernel_ms"":""measured"",""h2d_bytes"":""measured"",""h2d_ms"":""measured"",""host_prepare_ms"":""unavailable"",""load_ms"":""unavailable"",""mapped_remote_read_bytes"":""measured"",""overlap_wall_ms"":""measured"",""plan_build_ms"":""measured"",""query_total_ms"":""measured"",""resident_gpu_bytes"":""measured"",""resident_host_bytes"":""measured"",""resident_pinned_bytes"":""measured"",""session_setup_ms"":""measured"",""throughput_rows_per_second"":""measured"",""tune_ms"":""measured""}",0.375,,12,measured,unavailable,
2,v7-formal-sf10-resident,a7414bf1-89af-4447-ab70-b16d0eea3a9c,ok,,0,hybrid-arrow,resident,10,ASIA,1994-01-01,0,False,16,0.5,0.5,0,process_tree,"{""partition"":""fixed"",""selection"":""fixed"",""sweep"":""core""}","[""host_prepare_ms"",""load_ms""]",5,b1351a421ba8dcfd,"[{""nation"":""INDIA"",""revenue_1e4"":5368625879995},{""nation"":""CHINA"",""revenue_1e4"":5353508299282},{""nation"":""VIETNAM"",""revenue_1e4"":5322693887176},{""nation"":""JAPAN"",""revenue_1e4"":5267668371444},{""nation"":""INDONESIA"",""revenue_1e4"":5231768523189}]",expected_hash_match,,0.0,,0.0,13.32369,7.412735939025879,0.03046399913728237,7.4250989999999994,13.397709,5730.021703056991,59986052,72985,29993026,29993026,0,212,0,3815440384,,4477336535.671883,logs/hybrid-fixed-r0500-t16.stdout.jsonl,logs/hybrid-fixed-r0500-t16.stderr.txt,2026-07-14T07:04:33.733867Z,2026-07-14T07:04:39.463898Z,hybrid-fixed-r0500-t16,1970ceab-d426-414d-be1b-5fb97c11ee63,resident,fixed,2850.067151,2111.913454,0.0,2286523502,840260740,0,"{""cpu_scan_ms"":""measured"",""d2h_bytes"":""measured"",""d2h_ms"":""measured"",""dataset_load_ms"":""measured"",""gpu_kernel_ms"":""measured"",""h2d_bytes"":""measured"",""h2d_ms"":""measured"",""host_prepare_ms"":""unavailable"",""load_ms"":""unavailable"",""mapped_remote_read_bytes"":""measured"",""overlap_wall_ms"":""measured"",""plan_build_ms"":""measured"",""query_total_ms"":""measured"",""resident_gpu_bytes"":""measured"",""resident_host_bytes"":""measured"",""resident_pinned_bytes"":""measured"",""session_setup_ms"":""measured"",""throughput_rows_per_second"":""measured"",""tune_ms"":""measured""}",0.5,,3,measured,unavailable,
2,v7-formal-sf10-resident,daddf85c-9153-4a90-88d8-f748efb7a7b9,ok,,0,hybrid-arrow,resident,10,ASIA,1994-01-01,1,False,16,0.5,0.5,0,process_tree,"{""partition"":""fixed"",""selection"":""fixed"",""sweep"":""core""}","[""host_prepare_ms"",""load_ms""]",5,b1351a421ba8dcfd,"[{""nation"":""INDIA"",""revenue_1e4"":5368625879995},{""nation"":""CHINA"",""revenue_1e4"":5353508299282},{""nation"":""VIETNAM"",""revenue_1e4"":5322693887176},{""nation"":""JAPAN"",""revenue_1e4"":5267668371444},{""nation"":""INDONESIA"",""revenue_1e4"":5231768523189}]",expected_hash_match,,0.0,,0.0,13.403909,7.379968166351318,0.028543999418616295,7.383587,13.477839,5730.021703056991,59986052,72985,29993026,29993026,0,212,0,3815440384,,4450717359.066242,logs/hybrid-fixed-r0500-t16.stdout.jsonl,logs/hybrid-fixed-r0500-t16.stderr.txt,2026-07-14T07:04:33.733867Z,2026-07-14T07:04:39.463898Z,hybrid-fixed-r0500-t16,1970ceab-d426-414d-be1b-5fb97c11ee63,resident,fixed,2850.067151,2111.913454,0.0,2286523502,840260740,0,"{""cpu_scan_ms"":""measured"",""d2h_bytes"":""measured"",""d2h_ms"":""measured"",""dataset_load_ms"":""measured"",""gpu_kernel_ms"":""measured"",""h2d_bytes"":""measured"",""h2d_ms"":""measured"",""host_prepare_ms"":""unavailable"",""load_ms"":""unavailable"",""mapped_remote_read_bytes"":""measured"",""overlap_wall_ms"":""measured"",""plan_build_ms"":""measured"",""query_total_ms"":""measured"",""resident_gpu_bytes"":""measured"",""resident_host_bytes"":""measured"",""resident_pinned_bytes"":""measured"",""session_setup_ms"":""measured"",""throughput_rows_per_second"":""measured"",""tune_ms"":""measured""}",0.5,,4,measured,unavailable,
2,v7-formal-sf10-resident,ec0b50f0-2b71-4d40-aa04-43791fdc5478,ok,,0,hybrid-arrow,resident,10,ASIA,1994-01-01,2,False,16,0.5,0.5,0,process_tree,"{""partition"":""fixed"",""selection"":""fixed"",""sweep"":""core""}","[""host_prepare_ms"",""load_ms""]",5,b1351a421ba8dcfd,"[{""nation"":""INDIA"",""revenue_1e4"":5368625879995},{""nation"":""CHINA"",""revenue_1e4"":5353508299282},{""nation"":""VIETNAM"",""revenue_1e4"":5322693887176},{""nation"":""JAPAN"",""revenue_1e4"":5267668371444},{""nation"":""INDONESIA"",""revenue_1e4"":5231768523189}]",expected_hash_match,,0.0,,0.0,13.230481,7.4055681228637695,0.02304000034928322,7.395543999999999,13.298042,5730.021703056991,59986052,72985,29993026,29993026,0,212,0,3815440384,,4510893558.615622,logs/hybrid-fixed-r0500-t16.stdout.jsonl,logs/hybrid-fixed-r0500-t16.stderr.txt,2026-07-14T07:04:33.733867Z,2026-07-14T07:04:39.463898Z,hybrid-fixed-r0500-t16,1970ceab-d426-414d-be1b-5fb97c11ee63,resident,fixed,2850.067151,2111.913454,0.0,2286523502,840260740,0,"{""cpu_scan_ms"":""measured"",""d2h_bytes"":""measured"",""d2h_ms"":""measured"",""dataset_load_ms"":""measured"",""gpu_kernel_ms"":""measured"",""h2d_bytes"":""measured"",""h2d_ms"":""measured"",""host_prepare_ms"":""unavailable"",""load_ms"":""unavailable"",""mapped_remote_read_bytes"":""measured"",""overlap_wall_ms"":""measured"",""plan_build_ms"":""measured"",""query_total_ms"":""measured"",""resident_gpu_bytes"":""measured"",""resident_host_bytes"":""measured"",""resident_pinned_bytes"":""measured"",""session_setup_ms"":""measured"",""throughput_rows_per_second"":""measured"",""tune_ms"":""measured""}",0.5,,5,measured,unavailable,
2,v7-formal-sf10-resident,b3ae883a-59cb-49c1-9e3b-1386d6bc7753,ok,,0,hybrid-arrow,resident,10,ASIA,1994-01-01,3,False,16,0.5,0.5,0,process_tree,"{""partition"":""fixed"",""selection"":""fixed"",""sweep"":""core""}","[""host_prepare_ms"",""load_ms""]",5,b1351a421ba8dcfd,"[{""nation"":""INDIA"",""revenue_1e4"":5368625879995},{""nation"":""CHINA"",""revenue_1e4"":5353508299282},{""nation"":""VIETNAM"",""revenue_1e4"":5322693887176},{""nation"":""JAPAN"",""revenue_1e4"":5267668371444},{""nation"":""INDONESIA"",""revenue_1e4"":5231768523189}]",expected_hash_match,,0.0,,0.0,13.297681,7.428256034851074,0.023840000852942467,7.413692000000003,13.368856,5730.021703056991,59986052,72985,29993026,29993026,0,212,0,3815440384,,4486999635.570912,logs/hybrid-fixed-r0500-t16.stdout.jsonl,logs/hybrid-fixed-r0500-t16.stderr.txt,2026-07-14T07:04:33.733867Z,2026-07-14T07:04:39.463898Z,hybrid-fixed-r0500-t16,1970ceab-d426-414d-be1b-5fb97c11ee63,resident,fixed,2850.067151,2111.913454,0.0,2286523502,840260740,0,"{""cpu_scan_ms"":""measured"",""d2h_bytes"":""measured"",""d2h_ms"":""measured"",""dataset_load_ms"":""measured"",""gpu_kernel_ms"":""measured"",""h2d_bytes"":""measured"",""h2d_ms"":""measured"",""host_prepare_ms"":""unavailable"",""load_ms"":""unavailable"",""mapped_remote_read_bytes"":""measured"",""overlap_wall_ms"":""measured"",""plan_build_ms"":""measured"",""query_total_ms"":""measured"",""resident_gpu_bytes"":""measured"",""resident_host_bytes"":""measured"",""resident_pinned_bytes"":""measured"",""session_setup_ms"":""measured"",""throughput_rows_per_second"":""measured"",""tune_ms"":""measured""}",0.5,,6,measured,unavailable,
2,v7-formal-sf10-resident,daa3646a-0306-411f-8362-686e716924c0,ok,,0,hybrid-arrow,resident,10,ASIA,1994-01-01,4,False,16,0.5,0.5,0,process_tree,"{""partition"":""fixed"",""selection"":""fixed"",""sweep"":""core""}","[""host_prepare_ms"",""load_ms""]",5,b1351a421ba8dcfd,"[{""nation"":""INDIA"",""revenue_1e4"":5368625879995},{""nation"":""CHINA"",""revenue_1e4"":5353508299282},{""nation"":""VIETNAM"",""revenue_1e4"":5322693887176},{""nation"":""JAPAN"",""revenue_1e4"":5267668371444},{""nation"":""INDONESIA"",""revenue_1e4"":5231768523189}]",expected_hash_match,,0.0,,0.0,13.31019,7.406432151794434,0.032735999673604965,7.436085,13.381846,5730.021703056991,59986052,72985,29993026,29993026,0,212,0,3815440384,,4482644023.851418,logs/hybrid-fixed-r0500-t16.stdout.jsonl,logs/hybrid-fixed-r0500-t16.stderr.txt,2026-07-14T07:04:33.733867Z,2026-07-14T07:04:39.463898Z,hybrid-fixed-r0500-t16,1970ceab-d426-414d-be1b-5fb97c11ee63,resident,fixed,2850.067151,2111.913454,0.0,2286523502,840260740,0,"{""cpu_scan_ms"":""measured"",""d2h_bytes"":""measured"",""d2h_ms"":""measured"",""dataset_load_ms"":""measured"",""gpu_kernel_ms"":""measured"",""h2d_bytes"":""measured"",""h2d_ms"":""measured"",""host_prepare_ms"":""unavailable"",""load_ms"":""unavailable"",""mapped_remote_read_bytes"":""measured"",""overlap_wall_ms"":""measured"",""plan_build_ms"":""measured"",""query_total_ms"":""measured"",""resident_gpu_bytes"":""measured"",""resident_host_bytes"":""measured"",""resident_pinned_bytes"":""measured"",""session_setup_ms"":""measured"",""throughput_rows_per_second"":""measured"",""tune_ms"":""measured""}",0.5,,7,measured,unavailable,
2,v7-formal-sf10-resident,745efbe2-10f1-4c38-a94e-4b8a78615c6d,ok,,0,hybrid-arrow,resident,10,ASIA,1994-01-01,5,False,16,0.5,0.5,0,process_tree,"{""partition"":""fixed"",""selection"":""fixed"",""sweep"":""core""}","[""host_prepare_ms"",""load_ms""]",5,b1351a421ba8dcfd,"[{""nation"":""INDIA"",""revenue_1e4"":5368625879995},{""nation"":""CHINA"",""revenue_1e4"":5353508299282},{""nation"":""VIETNAM"",""revenue_1e4"":5322693887176},{""nation"":""JAPAN"",""revenue_1e4"":5267668371444},{""nation"":""INDONESIA"",""revenue_1e4"":5231768523189}]",expected_hash_match,,0.0,,0.0,13.28393,7.406847953796387,0.0261439997702837,7.396815999999999,13.355056,5730.021703056991,59986052,72985,29993026,29993026,0,212,0,3815440384,,4491636126.4228325,logs/hybrid-fixed-r0500-t16.stdout.jsonl,logs/hybrid-fixed-r0500-t16.stderr.txt,2026-07-14T07:04:33.733867Z,2026-07-14T07:04:39.463898Z,hybrid-fixed-r0500-t16,1970ceab-d426-414d-be1b-5fb97c11ee63,resident,fixed,2850.067151,2111.913454,0.0,2286523502,840260740,0,"{""cpu_scan_ms"":""measured"",""d2h_bytes"":""measured"",""d2h_ms"":""measured"",""dataset_load_ms"":""measured"",""gpu_kernel_ms"":""measured"",""h2d_bytes"":""measured"",""h2d_ms"":""measured"",""host_prepare_ms"":""unavailable"",""load_ms"":""unavailable"",""mapped_remote_read_bytes"":""measured"",""overlap_wall_ms"":""measured"",""plan_build_ms"":""measured"",""query_total_ms"":""measured"",""resident_gpu_bytes"":""measured"",""resident_host_bytes"":""measured"",""resident_pinned_bytes"":""measured"",""session_setup_ms"":""measured"",""throughput_rows_per_second"":""measured"",""tune_ms"":""measured""}",0.5,,8,measured,unavailable,
2,v7-formal-sf10-resident,bab9a08b-dce9-4577-9af3-5f123b75561c,ok,,0,hybrid-arrow,resident,10,ASIA,1994-01-01,6,False,16,0.5,0.5,0,process_tree,"{""partition"":""fixed"",""selection"":""fixed"",""sweep"":""core""}","[""host_prepare_ms"",""load_ms""]",5,b1351a421ba8dcfd,"[{""nation"":""INDIA"",""revenue_1e4"":5368625879995},{""nation"":""CHINA"",""revenue_1e4"":5353508299282},{""nation"":""VIETNAM"",""revenue_1e4"":5322693887176},{""nation"":""JAPAN"",""revenue_1e4"":5267668371444},{""nation"":""INDONESIA"",""revenue_1e4"":5231768523189}]",expected_hash_match,,0.0,,0.0,13.195379,7.401472091674805,0.02191999927163124,7.3896250000000006,13.273876,5730.021703056991,59986052,72985,29993026,29993026,0,212,0,3815440384,,4519105949.159085,logs/hybrid-fixed-r0500-t16.stdout.jsonl,logs/hybrid-fixed-r0500-t16.stderr.txt,2026-07-14T07:04:33.733867Z,2026-07-14T07:04:39.463898Z,hybrid-fixed-r0500-t16,1970ceab-d426-414d-be1b-5fb97c11ee63,resident,fixed,2850.067151,2111.913454,0.0,2286523502,840260740,0,"{""cpu_scan_ms"":""measured"",""d2h_bytes"":""measured"",""d2h_ms"":""measured"",""dataset_load_ms"":""measured"",""gpu_kernel_ms"":""measured"",""h2d_bytes"":""measured"",""h2d_ms"":""measured"",""host_prepare_ms"":""unavailable"",""load_ms"":""unavailable"",""mapped_remote_read_bytes"":""measured"",""overlap_wall_ms"":""measured"",""plan_build_ms"":""measured"",""query_total_ms"":""measured"",""resident_gpu_bytes"":""measured"",""resident_host_bytes"":""measured"",""resident_pinned_bytes"":""measured"",""session_setup_ms"":""measured"",""throughput_rows_per_second"":""measured"",""tune_ms"":""measured""}",0.5,,9,measured,unavailable,
2,v7-formal-sf10-resident,b44bd53d-532d-492f-a264-1f135d72ed22,ok,,0,hybrid-arrow,resident,10,ASIA,1994-01-01,7,False,16,0.5,0.5,0,process_tree,"{""partition"":""fixed"",""selection"":""fixed"",""sweep"":""core""}","[""host_prepare_ms"",""load_ms""]",5,b1351a421ba8dcfd,"[{""nation"":""INDIA"",""revenue_1e4"":5368625879995},{""nation"":""CHINA"",""revenue_1e4"":5353508299282},{""nation"":""VIETNAM"",""revenue_1e4"":5322693887176},{""nation"":""JAPAN"",""revenue_1e4"":5267668371444},{""nation"":""INDONESIA"",""revenue_1e4"":5231768523189}]",expected_hash_match,,0.0,,0.0,13.413002,7.385824203491211,0.034591998904943466,7.4173870000000015,13.487072,5730.021703056991,59986052,72985,29993026,29993026,0,212,0,3815440384,,4447670480.294018,logs/hybrid-fixed-r0500-t16.stdout.jsonl,logs/hybrid-fixed-r0500-t16.stderr.txt,2026-07-14T07:04:33.733867Z,2026-07-14T07:04:39.463898Z,hybrid-fixed-r0500-t16,1970ceab-d426-414d-be1b-5fb97c11ee63,resident,fixed,2850.067151,2111.913454,0.0,2286523502,840260740,0,"{""cpu_scan_ms"":""measured"",""d2h_bytes"":""measured"",""d2h_ms"":""measured"",""dataset_load_ms"":""measured"",""gpu_kernel_ms"":""measured"",""h2d_bytes"":""measured"",""h2d_ms"":""measured"",""host_prepare_ms"":""unavailable"",""load_ms"":""unavailable"",""mapped_remote_read_bytes"":""measured"",""overlap_wall_ms"":""measured"",""plan_build_ms"":""measured"",""query_total_ms"":""measured"",""resident_gpu_bytes"":""measured"",""resident_host_bytes"":""measured"",""resident_pinned_bytes"":""measured"",""session_setup_ms"":""measured"",""throughput_rows_per_second"":""measured"",""tune_ms"":""measured""}",0.5,,10,measured,unavailable,
2,v7-formal-sf10-resident,d995f99f-8062-4049-9c1f-f621eaf39e43,ok,,0,hybrid-arrow,resident,10,ASIA,1994-01-01,8,False,16,0.5,0.5,0,process_tree,"{""partition"":""fixed"",""selection"":""fixed"",""sweep"":""core""}","[""host_prepare_ms"",""load_ms""]",5,b1351a421ba8dcfd,"[{""nation"":""INDIA"",""revenue_1e4"":5368625879995},{""nation"":""CHINA"",""revenue_1e4"":5353508299282},{""nation"":""VIETNAM"",""revenue_1e4"":5322693887176},{""nation"":""JAPAN"",""revenue_1e4"":5267668371444},{""nation"":""INDONESIA"",""revenue_1e4"":5231768523189}]",expected_hash_match,,0.0,,0.0,13.433993,7.444479942321777,0.035551998764276505,7.473438999999999,13.503387,5730.021703056991,59986052,72985,29993026,29993026,0,212,0,3815440384,,4442296736.366958,logs/hybrid-fixed-r0500-t16.stdout.jsonl,logs/hybrid-fixed-r0500-t16.stderr.txt,2026-07-14T07:04:33.733867Z,2026-07-14T07:04:39.463898Z,hybrid-fixed-r0500-t16,1970ceab-d426-414d-be1b-5fb97c11ee63,resident,fixed,2850.067151,2111.913454,0.0,2286523502,840260740,0,"{""cpu_scan_ms"":""measured"",""d2h_bytes"":""measured"",""d2h_ms"":""measured"",""dataset_load_ms"":""measured"",""gpu_kernel_ms"":""measured"",""h2d_bytes"":""measured"",""h2d_ms"":""measured"",""host_prepare_ms"":""unavailable"",""load_ms"":""unavailable"",""mapped_remote_read_bytes"":""measured"",""overlap_wall_ms"":""measured"",""plan_build_ms"":""measured"",""query_total_ms"":""measured"",""resident_gpu_bytes"":""measured"",""resident_host_bytes"":""measured"",""resident_pinned_bytes"":""measured"",""session_setup_ms"":""measured"",""throughput_rows_per_second"":""measured"",""tune_ms"":""measured""}",0.5,,11,measured,unavailable,
2,v7-formal-sf10-resident,f7dafb37-2f4e-41fc-b4cc-bb5f430d9373,ok,,0,hybrid-arrow,resident,10,ASIA,1994-01-01,9,False,16,0.5,0.5,0,process_tree,"{""partition"":""fixed"",""selection"":""fixed"",""sweep"":""core""}","[""host_prepare_ms"",""load_ms""]",5,b1351a421ba8dcfd,"[{""nation"":""INDIA"",""revenue_1e4"":5368625879995},{""nation"":""CHINA"",""revenue_1e4"":5353508299282},{""nation"":""VIETNAM"",""revenue_1e4"":5322693887176},{""nation"":""JAPAN"",""revenue_1e4"":5267668371444},{""nation"":""INDONESIA"",""revenue_1e4"":5231768523189}]",expected_hash_match,,0.0,,0.0,13.558028,7.4106879234313965,0.021824000403285027,7.387632999999999,13.632428,5730.021703056991,59986052,72985,29993026,29993026,0,212,0,3815440384,,4400247116.654494,logs/hybrid-fixed-r0500-t16.stdout.jsonl,logs/hybrid-fixed-r0500-t16.stderr.txt,2026-07-14T07:04:33.733867Z,2026-07-14T07:04:39.463898Z,hybrid-fixed-r0500-t16,1970ceab-d426-414d-be1b-5fb97c11ee63,resident,fixed,2850.067151,2111.913454,0.0,2286523502,840260740,0,"{""cpu_scan_ms"":""measured"",""d2h_bytes"":""measured"",""d2h_ms"":""measured"",""dataset_load_ms"":""measured"",""gpu_kernel_ms"":""measured"",""h2d_bytes"":""measured"",""h2d_ms"":""measured"",""host_prepare_ms"":""unavailable"",""load_ms"":""unavailable"",""mapped_remote_read_bytes"":""measured"",""overlap_wall_ms"":""measured"",""plan_build_ms"":""measured"",""query_total_ms"":""measured"",""resident_gpu_bytes"":""measured"",""resident_host_bytes"":""measured"",""resident_pinned_bytes"":""measured"",""session_setup_ms"":""measured"",""throughput_rows_per_second"":""measured"",""tune_ms"":""measured""}",0.5,,12,measured,unavailable,
2,v7-formal-sf10-resident,235065ab-fd82-44c8-8c4d-18689e6de8e4,ok,,0,hybrid-arrow,resident,10,ASIA,1994-01-01,0,False,16,0.625,0.375,0,process_tree,"{""partition"":""fixed"",""selection"":""fixed"",""sweep"":""diagnostic""}","[""host_prepare_ms"",""load_ms""]",5,b1351a421ba8dcfd,"[{""nation"":""INDIA"",""revenue_1e4"":5368625879995},{""nation"":""CHINA"",""revenue_1e4"":5353508299282},{""nation"":""VIETNAM"",""revenue_1e4"":5322693887176},{""nation"":""JAPAN"",""revenue_1e4"":5267668371444},{""nation"":""INDONESIA"",""revenue_1e4"":5231768523189}]",expected_hash_match,,0.0,,0.0,15.898114,5.643136024475098,0.02284800074994564,5.635930999999999,15.967407,5456.529169809073,59986052,72985,37491283,22494769,0,212,0,3665420288,,3756781047.7931705,logs/hybrid-fixed-r0625-t16.stdout.jsonl,logs/hybrid-fixed-r0625-t16.stderr.txt,2026-07-14T07:04:39.466606Z,2026-07-14T07:04:44.923145Z,hybrid-fixed-r0625-t16,1852dbab-4b87-4d3f-b5a1-547fe8b4cab3,resident,fixed,2844.276756,1811.257311,0.0,2440645402,690295600,0,"{""cpu_scan_ms"":""measured"",""d2h_bytes"":""measured"",""d2h_ms"":""measured"",""dataset_load_ms"":""measured"",""gpu_kernel_ms"":""measured"",""h2d_bytes"":""measured"",""h2d_ms"":""measured"",""host_prepare_ms"":""unavailable"",""load_ms"":""unavailable"",""mapped_remote_read_bytes"":""measured"",""overlap_wall_ms"":""measured"",""plan_build_ms"":""measured"",""query_total_ms"":""measured"",""resident_gpu_bytes"":""measured"",""resident_host_bytes"":""measured"",""resident_pinned_bytes"":""measured"",""session_setup_ms"":""measured"",""throughput_rows_per_second"":""measured"",""tune_ms"":""measured""}",0.625,,3,measured,unavailable,
2,v7-formal-sf10-resident,42e92984-3d95-43f2-91b1-0423c44e40ea,ok,,0,hybrid-arrow,resident,10,ASIA,1994-01-01,1,False,16,0.625,0.375,0,process_tree,"{""partition"":""fixed"",""selection"":""fixed"",""sweep"":""diagnostic""}","[""host_prepare_ms"",""load_ms""]",5,b1351a421ba8dcfd,"[{""nation"":""INDIA"",""revenue_1e4"":5368625879995},{""nation"":""CHINA"",""revenue_1e4"":5353508299282},{""nation"":""VIETNAM"",""revenue_1e4"":5322693887176},{""nation"":""JAPAN"",""revenue_1e4"":5267668371444},{""nation"":""INDONESIA"",""revenue_1e4"":5231768523189}]",expected_hash_match,,0.0,,0.0,15.943652,5.653567790985107,0.022655999287962914,5.632527,16.026935,5456.529169809073,59986052,72985,37491283,22494769,0,212,0,3665420288,,3742827433.9416733,logs/hybrid-fixed-r0625-t16.stdout.jsonl,logs/hybrid-fixed-r0625-t16.stderr.txt,2026-07-14T07:04:39.466606Z,2026-07-14T07:04:44.923145Z,hybrid-fixed-r0625-t16,1852dbab-4b87-4d3f-b5a1-547fe8b4cab3,resident,fixed,2844.276756,1811.257311,0.0,2440645402,690295600,0,"{""cpu_scan_ms"":""measured"",""d2h_bytes"":""measured"",""d2h_ms"":""measured"",""dataset_load_ms"":""measured"",""gpu_kernel_ms"":""measured"",""h2d_bytes"":""measured"",""h2d_ms"":""measured"",""host_prepare_ms"":""unavailable"",""load_ms"":""unavailable"",""mapped_remote_read_bytes"":""measured"",""overlap_wall_ms"":""measured"",""plan_build_ms"":""measured"",""query_total_ms"":""measured"",""resident_gpu_bytes"":""measured"",""resident_host_bytes"":""measured"",""resident_pinned_bytes"":""measured"",""session_setup_ms"":""measured"",""throughput_rows_per_second"":""measured"",""tune_ms"":""measured""}",0.625,,4,measured,unavailable,
2,v7-formal-sf10-resident,8338bd79-b8d8-4539-aefe-95e37a1e9107,ok,,0,hybrid-arrow,resident,10,ASIA,1994-01-01,2,False,16,0.625,0.375,0,process_tree,"{""partition"":""fixed"",""selection"":""fixed"",""sweep"":""diagnostic""}","[""host_prepare_ms"",""load_ms""]",5,b1351a421ba8dcfd,"[{""nation"":""INDIA"",""revenue_1e4"":5368625879995},{""nation"":""CHINA"",""revenue_1e4"":5353508299282},{""nation"":""VIETNAM"",""revenue_1e4"":5322693887176},{""nation"":""JAPAN"",""revenue_1e4"":5267668371444},{""nation"":""INDONESIA"",""revenue_1e4"":5231768523189}]",expected_hash_match,,0.0,,0.0,15.951153,5.627903938293457,0.020896000787615776,5.6057169999999985,16.026865,5456.529169809073,59986052,72985,37491283,22494769,0,212,0,3665420288,,3742843781.363354,logs/hybrid-fixed-r0625-t16.stdout.jsonl,logs/hybrid-fixed-r0625-t16.stderr.txt,2026-07-14T07:04:39.466606Z,2026-07-14T07:04:44.923145Z,hybrid-fixed-r0625-t16,1852dbab-4b87-4d3f-b5a1-547fe8b4cab3,resident,fixed,2844.276756,1811.257311,0.0,2440645402,690295600,0,"{""cpu_scan_ms"":""measured"",""d2h_bytes"":""measured"",""d2h_ms"":""measured"",""dataset_load_ms"":""measured"",""gpu_kernel_ms"":""measured"",""h2d_bytes"":""measured"",""h2d_ms"":""measured"",""host_prepare_ms"":""unavailable"",""load_ms"":""unavailable"",""mapped_remote_read_bytes"":""measured"",""overlap_wall_ms"":""measured"",""plan_build_ms"":""measured"",""query_total_ms"":""measured"",""resident_gpu_bytes"":""measured"",""resident_host_bytes"":""measured"",""resident_pinned_bytes"":""measured"",""session_setup_ms"":""measured"",""throughput_rows_per_second"":""measured"",""tune_ms"":""measured""}",0.625,,5,measured,unavailable,
2,v7-formal-sf10-resident,379b03d2-a81e-4bb1-b822-c28dd095d67b,ok,,0,hybrid-arrow,resident,10,ASIA,1994-01-01,3,False,16,0.625,0.375,0,process_tree,"{""partition"":""fixed"",""selection"":""fixed"",""sweep"":""diagnostic""}","[""host_prepare_ms"",""load_ms""]",5,b1351a421ba8dcfd,"[{""nation"":""INDIA"",""revenue_1e4"":5368625879995},{""nation"":""CHINA"",""revenue_1e4"":5353508299282},{""nation"":""VIETNAM"",""revenue_1e4"":5322693887176},{""nation"":""JAPAN"",""revenue_1e4"":5267668371444},{""nation"":""INDONESIA"",""revenue_1e4"":5231768523189}]",expected_hash_match,,0.0,,0.0,15.782542,5.618912220001221,0.022431999444961548,5.601951,15.860968,5456.529169809073,59986052,72985,37491283,22494769,0,212,0,3665420288,,3781991868.33994,logs/hybrid-fixed-r0625-t16.stdout.jsonl,logs/hybrid-fixed-r0625-t16.stderr.txt,2026-07-14T07:04:39.466606Z,2026-07-14T07:04:44.923145Z,hybrid-fixed-r0625-t16,1852dbab-4b87-4d3f-b5a1-547fe8b4cab3,resident,fixed,2844.276756,1811.257311,0.0,2440645402,690295600,0,"{""cpu_scan_ms"":""measured"",""d2h_bytes"":""measured"",""d2h_ms"":""measured"",""dataset_load_ms"":""measured"",""gpu_kernel_ms"":""measured"",""h2d_bytes"":""measured"",""h2d_ms"":""measured"",""host_prepare_ms"":""unavailable"",""load_ms"":""unavailable"",""mapped_remote_read_bytes"":""measured"",""overlap_wall_ms"":""measured"",""plan_build_ms"":""measured"",""query_total_ms"":""measured"",""resident_gpu_bytes"":""measured"",""resident_host_bytes"":""measured"",""resident_pinned_bytes"":""measured"",""session_setup_ms"":""measured"",""throughput_rows_per_second"":""measured"",""tune_ms"":""measured""}",0.625,,6,measured,unavailable,
2,v7-formal-sf10-resident,34a0c49c-4b41-4a35-86c0-6f3278d15a6e,ok,,0,hybrid-arrow,resident,10,ASIA,1994-01-01,4,False,16,0.625,0.375,0,process_tree,"{""partition"":""fixed"",""selection"":""fixed"",""sweep"":""diagnostic""}","[""host_prepare_ms"",""load_ms""]",5,b1351a421ba8dcfd,"[{""nation"":""INDIA"",""revenue_1e4"":5368625879995},{""nation"":""CHINA"",""revenue_1e4"":5353508299282},{""nation"":""VIETNAM"",""revenue_1e4"":5322693887176},{""nation"":""JAPAN"",""revenue_1e4"":5267668371444},{""nation"":""INDONESIA"",""revenue_1e4"":5231768523189}]",expected_hash_match,,0.0,,0.0,15.877333,5.6236162185668945,0.022495999932289124,5.614049000000001,15.948059,5456.529169809073,59986052,72985,37491283,22494769,0,212,0,3665420288,,3761338730.938981,logs/hybrid-fixed-r0625-t16.stdout.jsonl,logs/hybrid-fixed-r0625-t16.stderr.txt,2026-07-14T07:04:39.466606Z,2026-07-14T07:04:44.923145Z,hybrid-fixed-r0625-t16,1852dbab-4b87-4d3f-b5a1-547fe8b4cab3,resident,fixed,2844.276756,1811.257311,0.0,2440645402,690295600,0,"{""cpu_scan_ms"":""measured"",""d2h_bytes"":""measured"",""d2h_ms"":""measured"",""dataset_load_ms"":""measured"",""gpu_kernel_ms"":""measured"",""h2d_bytes"":""measured"",""h2d_ms"":""measured"",""host_prepare_ms"":""unavailable"",""load_ms"":""unavailable"",""mapped_remote_read_bytes"":""measured"",""overlap_wall_ms"":""measured"",""plan_build_ms"":""measured"",""query_total_ms"":""measured"",""resident_gpu_bytes"":""measured"",""resident_host_bytes"":""measured"",""resident_pinned_bytes"":""measured"",""session_setup_ms"":""measured"",""throughput_rows_per_second"":""measured"",""tune_ms"":""measured""}",0.625,,7,measured,unavailable,
2,v7-formal-sf10-resident,7ba4b9d4-e15f-4994-a430-b0af82beed24,ok,,0,hybrid-arrow,resident,10,ASIA,1994-01-01,5,False,16,0.625,0.375,0,process_tree,"{""partition"":""fixed"",""selection"":""fixed"",""sweep"":""diagnostic""}","[""host_prepare_ms"",""load_ms""]",5,b1351a421ba8dcfd,"[{""nation"":""INDIA"",""revenue_1e4"":5368625879995},{""nation"":""CHINA"",""revenue_1e4"":5353508299282},{""nation"":""VIETNAM"",""revenue_1e4"":5322693887176},{""nation"":""JAPAN"",""revenue_1e4"":5267668371444},{""nation"":""INDONESIA"",""revenue_1e4"":5231768523189}]",expected_hash_match,,0.0,,0.0,15.677686,5.638144016265869,0.03200000151991844,5.656451999999998,15.753249,5456.529169809073,59986052,72985,37491283,22494769,0,212,0,3665420288,,3807852716.6046824,logs/hybrid-fixed-r0625-t16.stdout.jsonl,logs/hybrid-fixed-r0625-t16.stderr.txt,2026-07-14T07:04:39.466606Z,2026-07-14T07:04:44.923145Z,hybrid-fixed-r0625-t16,1852dbab-4b87-4d3f-b5a1-547fe8b4cab3,resident,fixed,2844.276756,1811.257311,0.0,2440645402,690295600,0,"{""cpu_scan_ms"":""measured"",""d2h_bytes"":""measured"",""d2h_ms"":""measured"",""dataset_load_ms"":""measured"",""gpu_kernel_ms"":""measured"",""h2d_bytes"":""measured"",""h2d_ms"":""measured"",""host_prepare_ms"":""unavailable"",""load_ms"":""unavailable"",""mapped_remote_read_bytes"":""measured"",""overlap_wall_ms"":""measured"",""plan_build_ms"":""measured"",""query_total_ms"":""measured"",""resident_gpu_bytes"":""measured"",""resident_host_bytes"":""measured"",""resident_pinned_bytes"":""measured"",""session_setup_ms"":""measured"",""throughput_rows_per_second"":""measured"",""tune_ms"":""measured""}",0.625,,8,measured,unavailable,
2,v7-formal-sf10-resident,eb6c8b47-eed7-4d72-b8ca-1c517935c412,ok,,0,hybrid-arrow,resident,10,ASIA,1994-01-01,6,False,16,0.625,0.375,0,process_tree,"{""partition"":""fixed"",""selection"":""fixed"",""sweep"":""diagnostic""}","[""host_prepare_ms"",""load_ms""]",5,b1351a421ba8dcfd,"[{""nation"":""INDIA"",""revenue_1e4"":5368625879995},{""nation"":""CHINA"",""revenue_1e4"":5353508299282},{""nation"":""VIETNAM"",""revenue_1e4"":5322693887176},{""nation"":""JAPAN"",""revenue_1e4"":5267668371444},{""nation"":""INDONESIA"",""revenue_1e4"":5231768523189}]",expected_hash_match,,0.0,,0.0,15.972794,5.62175989151001,0.027712000533938408,5.631523999999999,16.04327,5456.529169809073,59986052,72985,37491283,22494769,0,212,0,3665420288,,3739016547.125368,logs/hybrid-fixed-r0625-t16.stdout.jsonl,logs/hybrid-fixed-r0625-t16.stderr.txt,2026-07-14T07:04:39.466606Z,2026-07-14T07:04:44.923145Z,hybrid-fixed-r0625-t16,1852dbab-4b87-4d3f-b5a1-547fe8b4cab3,resident,fixed,2844.276756,1811.257311,0.0,2440645402,690295600,0,"{""cpu_scan_ms"":""measured"",""d2h_bytes"":""measured"",""d2h_ms"":""measured"",""dataset_load_ms"":""measured"",""gpu_kernel_ms"":""measured"",""h2d_bytes"":""measured"",""h2d_ms"":""measured"",""host_prepare_ms"":""unavailable"",""load_ms"":""unavailable"",""mapped_remote_read_bytes"":""measured"",""overlap_wall_ms"":""measured"",""plan_build_ms"":""measured"",""query_total_ms"":""measured"",""resident_gpu_bytes"":""measured"",""resident_host_bytes"":""measured"",""resident_pinned_bytes"":""measured"",""session_setup_ms"":""measured"",""throughput_rows_per_second"":""measured"",""tune_ms"":""measured""}",0.625,,9,measured,unavailable,
2,v7-formal-sf10-resident,8c613312-7491-4e98-a267-6a7f916b99a6,ok,,0,hybrid-arrow,resident,10,ASIA,1994-01-01,7,False,16,0.625,0.375,0,process_tree,"{""partition"":""fixed"",""selection"":""fixed"",""sweep"":""diagnostic""}","[""host_prepare_ms"",""load_ms""]",5,b1351a421ba8dcfd,"[{""nation"":""INDIA"",""revenue_1e4"":5368625879995},{""nation"":""CHINA"",""revenue_1e4"":5353508299282},{""nation"":""VIETNAM"",""revenue_1e4"":5322693887176},{""nation"":""JAPAN"",""revenue_1e4"":5267668371444},{""nation"":""INDONESIA"",""revenue_1e4"":5231768523189}]",expected_hash_match,,0.0,,0.0,16.092462,5.611519813537598,0.03392000123858452,5.637022000000002,16.168436,5456.529169809073,59986052,72985,37491283,22494769,0,212,0,3665420288,,3710071400.84545,logs/hybrid-fixed-r0625-t16.stdout.jsonl,logs/hybrid-fixed-r0625-t16.stderr.txt,2026-07-14T07:04:39.466606Z,2026-07-14T07:04:44.923145Z,hybrid-fixed-r0625-t16,1852dbab-4b87-4d3f-b5a1-547fe8b4cab3,resident,fixed,2844.276756,1811.257311,0.0,2440645402,690295600,0,"{""cpu_scan_ms"":""measured"",""d2h_bytes"":""measured"",""d2h_ms"":""measured"",""dataset_load_ms"":""measured"",""gpu_kernel_ms"":""measured"",""h2d_bytes"":""measured"",""h2d_ms"":""measured"",""host_prepare_ms"":""unavailable"",""load_ms"":""unavailable"",""mapped_remote_read_bytes"":""measured"",""overlap_wall_ms"":""measured"",""plan_build_ms"":""measured"",""query_total_ms"":""measured"",""resident_gpu_bytes"":""measured"",""resident_host_bytes"":""measured"",""resident_pinned_bytes"":""measured"",""session_setup_ms"":""measured"",""throughput_rows_per_second"":""measured"",""tune_ms"":""measured""}",0.625,,10,measured,unavailable,
2,v7-formal-sf10-resident,8588c620-e2f9-4581-be6d-9c197b688231,ok,,0,hybrid-arrow,resident,10,ASIA,1994-01-01,8,False,16,0.625,0.375,0,process_tree,"{""partition"":""fixed"",""selection"":""fixed"",""sweep"":""diagnostic""}","[""host_prepare_ms"",""load_ms""]",5,b1351a421ba8dcfd,"[{""nation"":""INDIA"",""revenue_1e4"":5368625879995},{""nation"":""CHINA"",""revenue_1e4"":5353508299282},{""nation"":""VIETNAM"",""revenue_1e4"":5322693887176},{""nation"":""JAPAN"",""revenue_1e4"":5267668371444},{""nation"":""INDONESIA"",""revenue_1e4"":5231768523189}]",expected_hash_match,,0.0,,0.0,15.853167,5.630047798156738,0.03385600075125694,5.656682,15.924533,5456.529169809073,59986052,72985,37491283,22494769,0,212,0,3665420288,,3766895519.008312,logs/hybrid-fixed-r0625-t16.stdout.jsonl,logs/hybrid-fixed-r0625-t16.stderr.txt,2026-07-14T07:04:39.466606Z,2026-07-14T07:04:44.923145Z,hybrid-fixed-r0625-t16,1852dbab-4b87-4d3f-b5a1-547fe8b4cab3,resident,fixed,2844.276756,1811.257311,0.0,2440645402,690295600,0,"{""cpu_scan_ms"":""measured"",""d2h_bytes"":""measured"",""d2h_ms"":""measured"",""dataset_load_ms"":""measured"",""gpu_kernel_ms"":""measured"",""h2d_bytes"":""measured"",""h2d_ms"":""measured"",""host_prepare_ms"":""unavailable"",""load_ms"":""unavailable"",""mapped_remote_read_bytes"":""measured"",""overlap_wall_ms"":""measured"",""plan_build_ms"":""measured"",""query_total_ms"":""measured"",""resident_gpu_bytes"":""measured"",""resident_host_bytes"":""measured"",""resident_pinned_bytes"":""measured"",""session_setup_ms"":""measured"",""throughput_rows_per_second"":""measured"",""tune_ms"":""measured""}",0.625,,11,measured,unavailable,
2,v7-formal-sf10-resident,f101da71-f4c2-446f-9ed8-affaf21d6276,ok,,0,hybrid-arrow,resident,10,ASIA,1994-01-01,9,False,16,0.625,0.375,0,process_tree,"{""partition"":""fixed"",""selection"":""fixed"",""sweep"":""diagnostic""}","[""host_prepare_ms"",""load_ms""]",5,b1351a421ba8dcfd,"[{""nation"":""INDIA"",""revenue_1e4"":5368625879995},{""nation"":""CHINA"",""revenue_1e4"":5353508299282},{""nation"":""VIETNAM"",""revenue_1e4"":5322693887176},{""nation"":""JAPAN"",""revenue_1e4"":5267668371444},{""nation"":""INDONESIA"",""revenue_1e4"":5231768523189}]",expected_hash_match,,0.0,,0.0,15.755663,5.608448028564453,0.03145600110292435,5.619356999999999,15.829151,5456.529169809073,59986052,72985,37491283,22494769,0,212,0,3665420288,,3789593769.116234,logs/hybrid-fixed-r0625-t16.stdout.jsonl,logs/hybrid-fixed-r0625-t16.stderr.txt,2026-07-14T07:04:39.466606Z,2026-07-14T07:04:44.923145Z,hybrid-fixed-r0625-t16,1852dbab-4b87-4d3f-b5a1-547fe8b4cab3,resident,fixed,2844.276756,1811.257311,0.0,2440645402,690295600,0,"{""cpu_scan_ms"":""measured"",""d2h_bytes"":""measured"",""d2h_ms"":""measured"",""dataset_load_ms"":""measured"",""gpu_kernel_ms"":""measured"",""h2d_bytes"":""measured"",""h2d_ms"":""measured"",""host_prepare_ms"":""unavailable"",""load_ms"":""unavailable"",""mapped_remote_read_bytes"":""measured"",""overlap_wall_ms"":""measured"",""plan_build_ms"":""measured"",""query_total_ms"":""measured"",""resident_gpu_bytes"":""measured"",""resident_host_bytes"":""measured"",""resident_pinned_bytes"":""measured"",""session_setup_ms"":""measured"",""throughput_rows_per_second"":""measured"",""tune_ms"":""measured""}",0.625,,12,measured,unavailable,
2,v7-formal-sf10-resident,f8fa1c06-b6ee-4f76-b22a-2cc15f88e15b,ok,,0,hybrid-arrow,resident,10,ASIA,1994-01-01,0,False,16,0.75,0.25,0,process_tree,"{""partition"":""fixed"",""selection"":""fixed"",""sweep"":""core""}","[""host_prepare_ms"",""load_ms""]",5,b1351a421ba8dcfd,"[{""nation"":""INDIA"",""revenue_1e4"":5368625879995},{""nation"":""CHINA"",""revenue_1e4"":5353508299282},{""nation"":""VIETNAM"",""revenue_1e4"":5322693887176},{""nation"":""JAPAN"",""revenue_1e4"":5267668371444},{""nation"":""INDONESIA"",""revenue_1e4"":5231768523189}]",expected_hash_match,,0.0,,0.0,18.640367,3.675136089324951,0.02252800017595291,3.6502410000000047,18.727216,5326.210001017898,59986052,72985,44989539,14996513,0,212,0,3515490304,,3203148401.769916,logs/hybrid-fixed-r0750-t16.stdout.jsonl,logs/hybrid-fixed-r0750-t16.stderr.txt,2026-07-14T07:04:44.925881Z,2026-07-14T07:04:50.252100Z,hybrid-fixed-r0750-t16,8f4d781e-fe98-4abe-a6cf-c143a9078007,resident,fixed,2815.351555,1661.960544,0.0,2584281562,540330480,0,"{""cpu_scan_ms"":""measured"",""d2h_bytes"":""measured"",""d2h_ms"":""measured"",""dataset_load_ms"":""measured"",""gpu_kernel_ms"":""measured"",""h2d_bytes"":""measured"",""h2d_ms"":""measured"",""host_prepare_ms"":""unavailable"",""load_ms"":""unavailable"",""mapped_remote_read_bytes"":""measured"",""overlap_wall_ms"":""measured"",""plan_build_ms"":""measured"",""query_total_ms"":""measured"",""resident_gpu_bytes"":""measured"",""resident_host_bytes"":""measured"",""resident_pinned_bytes"":""measured"",""session_setup_ms"":""measured"",""throughput_rows_per_second"":""measured"",""tune_ms"":""measured""}",0.75,,3,measured,unavailable,
2,v7-formal-sf10-resident,f39c699c-b7d1-434b-8bbd-13ccec273e65,ok,,0,hybrid-arrow,resident,10,ASIA,1994-01-01,1,False,16,0.75,0.25,0,process_tree,"{""partition"":""fixed"",""selection"":""fixed"",""sweep"":""core""}","[""host_prepare_ms"",""load_ms""]",5,b1351a421ba8dcfd,"[{""nation"":""INDIA"",""revenue_1e4"":5368625879995},{""nation"":""CHINA"",""revenue_1e4"":5353508299282},{""nation"":""VIETNAM"",""revenue_1e4"":5322693887176},{""nation"":""JAPAN"",""revenue_1e4"":5267668371444},{""nation"":""INDONESIA"",""revenue_1e4"":5231768523189}]",expected_hash_match,,0.0,,0.0,18.917369,3.616447925567627,0.021888000890612602,3.5936480000000017,18.993932,5326.210001017898,59986052,72985,44989539,14996513,0,212,0,3515490304,,3158169251.10609,logs/hybrid-fixed-r0750-t16.stdout.jsonl,logs/hybrid-fixed-r0750-t16.stderr.txt,2026-07-14T07:04:44.925881Z,2026-07-14T07:04:50.252100Z,hybrid-fixed-r0750-t16,8f4d781e-fe98-4abe-a6cf-c143a9078007,resident,fixed,2815.351555,1661.960544,0.0,2584281562,540330480,0,"{""cpu_scan_ms"":""measured"",""d2h_bytes"":""measured"",""d2h_ms"":""measured"",""dataset_load_ms"":""measured"",""gpu_kernel_ms"":""measured"",""h2d_bytes"":""measured"",""h2d_ms"":""measured"",""host_prepare_ms"":""unavailable"",""load_ms"":""unavailable"",""mapped_remote_read_bytes"":""measured"",""overlap_wall_ms"":""measured"",""plan_build_ms"":""measured"",""query_total_ms"":""measured"",""resident_gpu_bytes"":""measured"",""resident_host_bytes"":""measured"",""resident_pinned_bytes"":""measured"",""session_setup_ms"":""measured"",""throughput_rows_per_second"":""measured"",""tune_ms"":""measured""}",0.75,,4,measured,unavailable,
2,v7-formal-sf10-resident,f8eb026e-bf28-4443-98b2-f1d2a01fdb99,ok,,0,hybrid-arrow,resident,10,ASIA,1994-01-01,2,False,16,0.75,0.25,0,process_tree,"{""partition"":""fixed"",""selection"":""fixed"",""sweep"":""core""}","[""host_prepare_ms"",""load_ms""]",5,b1351a421ba8dcfd,"[{""nation"":""INDIA"",""revenue_1e4"":5368625879995},{""nation"":""CHINA"",""revenue_1e4"":5353508299282},{""nation"":""VIETNAM"",""revenue_1e4"":5322693887176},{""nation"":""JAPAN"",""revenue_1e4"":5267668371444},{""nation"":""INDONESIA"",""revenue_1e4"":5231768523189}]",expected_hash_match,,0.0,,0.0,18.905642,3.634943962097168,0.02191999927163124,3.6170040000000014,18.983366,5326.210001017898,59986052,72985,44989539,14996513,0,212,0,3515490304,,3159927064.5680013,logs/hybrid-fixed-r0750-t16.stdout.jsonl,logs/hybrid-fixed-r0750-t16.stderr.txt,2026-07-14T07:04:44.925881Z,2026-07-14T07:04:50.252100Z,hybrid-fixed-r0750-t16,8f4d781e-fe98-4abe-a6cf-c143a9078007,resident,fixed,2815.351555,1661.960544,0.0,2584281562,540330480,0,"{""cpu_scan_ms"":""measured"",""d2h_bytes"":""measured"",""d2h_ms"":""measured"",""dataset_load_ms"":""measured"",""gpu_kernel_ms"":""measured"",""h2d_bytes"":""measured"",""h2d_ms"":""measured"",""host_prepare_ms"":""unavailable"",""load_ms"":""unavailable"",""mapped_remote_read_bytes"":""measured"",""overlap_wall_ms"":""measured"",""plan_build_ms"":""measured"",""query_total_ms"":""measured"",""resident_gpu_bytes"":""measured"",""resident_host_bytes"":""measured"",""resident_pinned_bytes"":""measured"",""session_setup_ms"":""measured"",""throughput_rows_per_second"":""measured"",""tune_ms"":""measured""}",0.75,,5,measured,unavailable,
2,v7-formal-sf10-resident,b983a387-8442-493b-b460-0833eb1469ad,ok,,0,hybrid-arrow,resident,10,ASIA,1994-01-01,3,False,16,0.75,0.25,0,process_tree,"{""partition"":""fixed"",""selection"":""fixed"",""sweep"":""core""}","[""host_prepare_ms"",""load_ms""]",5,b1351a421ba8dcfd,"[{""nation"":""INDIA"",""revenue_1e4"":5368625879995},{""nation"":""CHINA"",""revenue_1e4"":5353508299282},{""nation"":""VIETNAM"",""revenue_1e4"":5322693887176},{""nation"":""JAPAN"",""revenue_1e4"":5267668371444},{""nation"":""INDONESIA"",""revenue_1e4"":5231768523189}]",expected_hash_match,,0.0,,0.0,18.954954,3.6703040599823,0.0225600004196167,3.6649230000000017,19.028333,5326.210001017898,59986052,72985,44989539,14996513,0,212,0,3515490304,,3152459650.56424,logs/hybrid-fixed-r0750-t16.stdout.jsonl,logs/hybrid-fixed-r0750-t16.stderr.txt,2026-07-14T07:04:44.925881Z,2026-07-14T07:04:50.252100Z,hybrid-fixed-r0750-t16,8f4d781e-fe98-4abe-a6cf-c143a9078007,resident,fixed,2815.351555,1661.960544,0.0,2584281562,540330480,0,"{""cpu_scan_ms"":""measured"",""d2h_bytes"":""measured"",""d2h_ms"":""measured"",""dataset_load_ms"":""measured"",""gpu_kernel_ms"":""measured"",""h2d_bytes"":""measured"",""h2d_ms"":""measured"",""host_prepare_ms"":""unavailable"",""load_ms"":""unavailable"",""mapped_remote_read_bytes"":""measured"",""overlap_wall_ms"":""measured"",""plan_build_ms"":""measured"",""query_total_ms"":""measured"",""resident_gpu_bytes"":""measured"",""resident_host_bytes"":""measured"",""resident_pinned_bytes"":""measured"",""session_setup_ms"":""measured"",""throughput_rows_per_second"":""measured"",""tune_ms"":""measured""}",0.75,,6,measured,unavailable,
2,v7-formal-sf10-resident,b530e7de-b799-4363-bac8-9785cdba8b53,ok,,0,hybrid-arrow,resident,10,ASIA,1994-01-01,4,False,16,0.75,0.25,0,process_tree,"{""partition"":""fixed"",""selection"":""fixed"",""sweep"":""core""}","[""host_prepare_ms"",""load_ms""]",5,b1351a421ba8dcfd,"[{""nation"":""INDIA"",""revenue_1e4"":5368625879995},{""nation"":""CHINA"",""revenue_1e4"":5353508299282},{""nation"":""VIETNAM"",""revenue_1e4"":5322693887176},{""nation"":""JAPAN"",""revenue_1e4"":5267668371444},{""nation"":""INDONESIA"",""revenue_1e4"":5231768523189}]",expected_hash_match,,0.0,,0.0,18.892982,3.6227200031280518,0.02163200080394745,3.5964509999999983,18.971889,5326.210001017898,59986052,72985,44989539,14996513,0,212,0,3515490304,,3161838655.075412,logs/hybrid-fixed-r0750-t16.stdout.jsonl,logs/hybrid-fixed-r0750-t16.stderr.txt,2026-07-14T07:04:44.925881Z,2026-07-14T07:04:50.252100Z,hybrid-fixed-r0750-t16,8f4d781e-fe98-4abe-a6cf-c143a9078007,resident,fixed,2815.351555,1661.960544,0.0,2584281562,540330480,0,"{""cpu_scan_ms"":""measured"",""d2h_bytes"":""measured"",""d2h_ms"":""measured"",""dataset_load_ms"":""measured"",""gpu_kernel_ms"":""measured"",""h2d_bytes"":""measured"",""h2d_ms"":""measured"",""host_prepare_ms"":""unavailable"",""load_ms"":""unavailable"",""mapped_remote_read_bytes"":""measured"",""overlap_wall_ms"":""measured"",""plan_build_ms"":""measured"",""query_total_ms"":""measured"",""resident_gpu_bytes"":""measured"",""resident_host_bytes"":""measured"",""resident_pinned_bytes"":""measured"",""session_setup_ms"":""measured"",""throughput_rows_per_second"":""measured"",""tune_ms"":""measured""}",0.75,,7,measured,unavailable,
2,v7-formal-sf10-resident,35ecb819-7ee0-4b8d-b074-d99f68b8fb3f,ok,,0,hybrid-arrow,resident,10,ASIA,1994-01-01,5,False,16,0.75,0.25,0,process_tree,"{""partition"":""fixed"",""selection"":""fixed"",""sweep"":""core""}","[""host_prepare_ms"",""load_ms""]",5,b1351a421ba8dcfd,"[{""nation"":""INDIA"",""revenue_1e4"":5368625879995},{""nation"":""CHINA"",""revenue_1e4"":5353508299282},{""nation"":""VIETNAM"",""revenue_1e4"":5322693887176},{""nation"":""JAPAN"",""revenue_1e4"":5267668371444},{""nation"":""INDONESIA"",""revenue_1e4"":5231768523189}]",expected_hash_match,,0.0,,0.0,18.801396,3.6679680347442627,0.021695999428629875,3.6567000000000007,18.873073,5326.210001017898,59986052,72985,44989539,14996513,0,212,0,3515490304,,3178393470.9519744,logs/hybrid-fixed-r0750-t16.stdout.jsonl,logs/hybrid-fixed-r0750-t16.stderr.txt,2026-07-14T07:04:44.925881Z,2026-07-14T07:04:50.252100Z,hybrid-fixed-r0750-t16,8f4d781e-fe98-4abe-a6cf-c143a9078007,resident,fixed,2815.351555,1661.960544,0.0,2584281562,540330480,0,"{""cpu_scan_ms"":""measured"",""d2h_bytes"":""measured"",""d2h_ms"":""measured"",""dataset_load_ms"":""measured"",""gpu_kernel_ms"":""measured"",""h2d_bytes"":""measured"",""h2d_ms"":""measured"",""host_prepare_ms"":""unavailable"",""load_ms"":""unavailable"",""mapped_remote_read_bytes"":""measured"",""overlap_wall_ms"":""measured"",""plan_build_ms"":""measured"",""query_total_ms"":""measured"",""resident_gpu_bytes"":""measured"",""resident_host_bytes"":""measured"",""resident_pinned_bytes"":""measured"",""session_setup_ms"":""measured"",""throughput_rows_per_second"":""measured"",""tune_ms"":""measured""}",0.75,,8,measured,unavailable,
2,v7-formal-sf10-resident,09e9d319-f0dc-4842-8663-bd988b332379,ok,,0,hybrid-arrow,resident,10,ASIA,1994-01-01,6,False,16,0.75,0.25,0,process_tree,"{""partition"":""fixed"",""selection"":""fixed"",""sweep"":""core""}","[""host_prepare_ms"",""load_ms""]",5,b1351a421ba8dcfd,"[{""nation"":""INDIA"",""revenue_1e4"":5368625879995},{""nation"":""CHINA"",""revenue_1e4"":5353508299282},{""nation"":""VIETNAM"",""revenue_1e4"":5322693887176},{""nation"":""JAPAN"",""revenue_1e4"":5267668371444},{""nation"":""INDONESIA"",""revenue_1e4"":5231768523189}]",expected_hash_match,,0.0,,0.0,18.861065,3.6372480392456055,0.021536000072956085,3.6161020000000015,18.940533,5326.210001017898,59986052,72985,44989539,14996513,0,212,0,3515490304,,3167073070.2245817,logs/hybrid-fixed-r0750-t16.stdout.jsonl,logs/hybrid-fixed-r0750-t16.stderr.txt,2026-07-14T07:04:44.925881Z,2026-07-14T07:04:50.252100Z,hybrid-fixed-r0750-t16,8f4d781e-fe98-4abe-a6cf-c143a9078007,resident,fixed,2815.351555,1661.960544,0.0,2584281562,540330480,0,"{""cpu_scan_ms"":""measured"",""d2h_bytes"":""measured"",""d2h_ms"":""measured"",""dataset_load_ms"":""measured"",""gpu_kernel_ms"":""measured"",""h2d_bytes"":""measured"",""h2d_ms"":""measured"",""host_prepare_ms"":""unavailable"",""load_ms"":""unavailable"",""mapped_remote_read_bytes"":""measured"",""overlap_wall_ms"":""measured"",""plan_build_ms"":""measured"",""query_total_ms"":""measured"",""resident_gpu_bytes"":""measured"",""resident_host_bytes"":""measured"",""resident_pinned_bytes"":""measured"",""session_setup_ms"":""measured"",""throughput_rows_per_second"":""measured"",""tune_ms"":""measured""}",0.75,,9,measured,unavailable,
2,v7-formal-sf10-resident,1be911ac-5dec-4f5b-8cc8-9c768e9e10dc,ok,,0,hybrid-arrow,resident,10,ASIA,1994-01-01,7,False,16,0.75,0.25,0,process_tree,"{""partition"":""fixed"",""selection"":""fixed"",""sweep"":""core""}","[""host_prepare_ms"",""load_ms""]",5,b1351a421ba8dcfd,"[{""nation"":""INDIA"",""revenue_1e4"":5368625879995},{""nation"":""CHINA"",""revenue_1e4"":5353508299282},{""nation"":""VIETNAM"",""revenue_1e4"":5322693887176},{""nation"":""JAPAN"",""revenue_1e4"":5267668371444},{""nation"":""INDONESIA"",""revenue_1e4"":5231768523189}]",expected_hash_match,,0.0,,0.0,18.856929,3.6658239364624023,0.022048000246286392,3.6510320000000043,18.932201,5326.210001017898,59986052,72985,44989539,14996513,0,212,0,3515490304,,3168466888.767978,logs/hybrid-fixed-r0750-t16.stdout.jsonl,logs/hybrid-fixed-r0750-t16.stderr.txt,2026-07-14T07:04:44.925881Z,2026-07-14T07:04:50.252100Z,hybrid-fixed-r0750-t16,8f4d781e-fe98-4abe-a6cf-c143a9078007,resident,fixed,2815.351555,1661.960544,0.0,2584281562,540330480,0,"{""cpu_scan_ms"":""measured"",""d2h_bytes"":""measured"",""d2h_ms"":""measured"",""dataset_load_ms"":""measured"",""gpu_kernel_ms"":""measured"",""h2d_bytes"":""measured"",""h2d_ms"":""measured"",""host_prepare_ms"":""unavailable"",""load_ms"":""unavailable"",""mapped_remote_read_bytes"":""measured"",""overlap_wall_ms"":""measured"",""plan_build_ms"":""measured"",""query_total_ms"":""measured"",""resident_gpu_bytes"":""measured"",""resident_host_bytes"":""measured"",""resident_pinned_bytes"":""measured"",""session_setup_ms"":""measured"",""throughput_rows_per_second"":""measured"",""tune_ms"":""measured""}",0.75,,10,measured,unavailable,
2,v7-formal-sf10-resident,0e799412-6d1d-467a-bcc1-53caac5d6c29,ok,,0,hybrid-arrow,resident,10,ASIA,1994-01-01,8,False,16,0.75,0.25,0,process_tree,"{""partition"":""fixed"",""selection"":""fixed"",""sweep"":""core""}","[""host_prepare_ms"",""load_ms""]",5,b1351a421ba8dcfd,"[{""nation"":""INDIA"",""revenue_1e4"":5368625879995},{""nation"":""CHINA"",""revenue_1e4"":5353508299282},{""nation"":""VIETNAM"",""revenue_1e4"":5322693887176},{""nation"":""JAPAN"",""revenue_1e4"":5267668371444},{""nation"":""INDONESIA"",""revenue_1e4"":5231768523189}]",expected_hash_match,,0.0,,0.0,19.027282,3.6669440269470215,0.02163200080394745,3.6467069999999993,19.0998,5326.210001017898,59986052,72985,44989539,14996513,0,212,0,3515490304,,3140663881.297187,logs/hybrid-fixed-r0750-t16.stdout.jsonl,logs/hybrid-fixed-r0750-t16.stderr.txt,2026-07-14T07:04:44.925881Z,2026-07-14T07:04:50.252100Z,hybrid-fixed-r0750-t16,8f4d781e-fe98-4abe-a6cf-c143a9078007,resident,fixed,2815.351555,1661.960544,0.0,2584281562,540330480,0,"{""cpu_scan_ms"":""measured"",""d2h_bytes"":""measured"",""d2h_ms"":""measured"",""dataset_load_ms"":""measured"",""gpu_kernel_ms"":""measured"",""h2d_bytes"":""measured"",""h2d_ms"":""measured"",""host_prepare_ms"":""unavailable"",""load_ms"":""unavailable"",""mapped_remote_read_bytes"":""measured"",""overlap_wall_ms"":""measured"",""plan_build_ms"":""measured"",""query_total_ms"":""measured"",""resident_gpu_bytes"":""measured"",""resident_host_bytes"":""measured"",""resident_pinned_bytes"":""measured"",""session_setup_ms"":""measured"",""throughput_rows_per_second"":""measured"",""tune_ms"":""measured""}",0.75,,11,measured,unavailable,
2,v7-formal-sf10-resident,5918c803-4176-4622-999b-02c6f9eb1658,ok,,0,hybrid-arrow,resident,10,ASIA,1994-01-01,9,False,16,0.75,0.25,0,process_tree,"{""partition"":""fixed"",""selection"":""fixed"",""sweep"":""core""}","[""host_prepare_ms"",""load_ms""]",5,b1351a421ba8dcfd,"[{""nation"":""INDIA"",""revenue_1e4"":5368625879995},{""nation"":""CHINA"",""revenue_1e4"":5353508299282},{""nation"":""VIETNAM"",""revenue_1e4"":5322693887176},{""nation"":""JAPAN"",""revenue_1e4"":5267668371444},{""nation"":""INDONESIA"",""revenue_1e4"":5231768523189}]",expected_hash_match,,0.0,,0.0,18.961704,3.6628479957580566,0.023840000852942467,3.644743000000002,19.037096,5326.210001017898,59986052,72985,44989539,14996513,0,212,0,3515490304,,3151008536.175896,logs/hybrid-fixed-r0750-t16.stdout.jsonl,logs/hybrid-fixed-r0750-t16.stderr.txt,2026-07-14T07:04:44.925881Z,2026-07-14T07:04:50.252100Z,hybrid-fixed-r0750-t16,8f4d781e-fe98-4abe-a6cf-c143a9078007,resident,fixed,2815.351555,1661.960544,0.0,2584281562,540330480,0,"{""cpu_scan_ms"":""measured"",""d2h_bytes"":""measured"",""d2h_ms"":""measured"",""dataset_load_ms"":""measured"",""gpu_kernel_ms"":""measured"",""h2d_bytes"":""measured"",""h2d_ms"":""measured"",""host_prepare_ms"":""unavailable"",""load_ms"":""unavailable"",""mapped_remote_read_bytes"":""measured"",""overlap_wall_ms"":""measured"",""plan_build_ms"":""measured"",""query_total_ms"":""measured"",""resident_gpu_bytes"":""measured"",""resident_host_bytes"":""measured"",""resident_pinned_bytes"":""measured"",""session_setup_ms"":""measured"",""throughput_rows_per_second"":""measured"",""tune_ms"":""measured""}",0.75,,12,measured,unavailable,
2,v7-formal-sf10-resident,1f61f8f1-a0a1-4f3f-9fd4-14aebb7ae4aa,ok,,0,hybrid-arrow,resident,10,ASIA,1994-01-01,0,False,16,0.875,0.125,0,process_tree,"{""partition"":""fixed"",""selection"":""fixed"",""sweep"":""diagnostic""}","[""host_prepare_ms"",""load_ms""]",5,b1351a421ba8dcfd,"[{""nation"":""INDIA"",""revenue_1e4"":5368625879995},{""nation"":""CHINA"",""revenue_1e4"":5353508299282},{""nation"":""VIETNAM"",""revenue_1e4"":5322693887176},{""nation"":""JAPAN"",""revenue_1e4"":5267668371444},{""nation"":""INDONESIA"",""revenue_1e4"":5231768523189}]",expected_hash_match,,0.0,,0.0,21.708405,1.619968056678772,0.021536000072956085,1.6020199999999996,21.789375,5073.618769645691,59986052,72985,52487796,7498256,0,212,0,3365576704,,2752995531.078794,logs/hybrid-fixed-r0875-t16.stdout.jsonl,logs/hybrid-fixed-r0875-t16.stderr.txt,2026-07-14T07:04:50.254833Z,2026-07-14T07:04:55.328461Z,hybrid-fixed-r0875-t16,1066bba6-111c-42be-8c26-dc63d8fd7104,resident,fixed,2818.529132,1494.409934,0.0,2738403462,390365340,0,"{""cpu_scan_ms"":""measured"",""d2h_bytes"":""measured"",""d2h_ms"":""measured"",""dataset_load_ms"":""measured"",""gpu_kernel_ms"":""measured"",""h2d_bytes"":""measured"",""h2d_ms"":""measured"",""host_prepare_ms"":""unavailable"",""load_ms"":""unavailable"",""mapped_remote_read_bytes"":""measured"",""overlap_wall_ms"":""measured"",""plan_build_ms"":""measured"",""query_total_ms"":""measured"",""resident_gpu_bytes"":""measured"",""resident_host_bytes"":""measured"",""resident_pinned_bytes"":""measured"",""session_setup_ms"":""measured"",""throughput_rows_per_second"":""measured"",""tune_ms"":""measured""}",0.875,,3,measured,unavailable,
2,v7-formal-sf10-resident,fbbd3431-e5e0-4eba-805f-54d9712fff34,ok,,0,hybrid-arrow,resident,10,ASIA,1994-01-01,1,False,16,0.875,0.125,0,process_tree,"{""partition"":""fixed"",""selection"":""fixed"",""sweep"":""diagnostic""}","[""host_prepare_ms"",""load_ms""]",5,b1351a421ba8dcfd,"[{""nation"":""INDIA"",""revenue_1e4"":5368625879995},{""nation"":""CHINA"",""revenue_1e4"":5353508299282},{""nation"":""VIETNAM"",""revenue_1e4"":5322693887176},{""nation"":""JAPAN"",""revenue_1e4"":5267668371444},{""nation"":""INDONESIA"",""revenue_1e4"":5231768523189}]",expected_hash_match,,0.0,,0.0,21.825288,1.6289279460906982,0.032255999743938446,1.643181000000002,21.912688,5073.618769645691,59986052,72985,52487796,7498256,0,212,0,3365576704,,2737503130.606341,logs/hybrid-fixed-r0875-t16.stdout.jsonl,logs/hybrid-fixed-r0875-t16.stderr.txt,2026-07-14T07:04:50.254833Z,2026-07-14T07:04:55.328461Z,hybrid-fixed-r0875-t16,1066bba6-111c-42be-8c26-dc63d8fd7104,resident,fixed,2818.529132,1494.409934,0.0,2738403462,390365340,0,"{""cpu_scan_ms"":""measured"",""d2h_bytes"":""measured"",""d2h_ms"":""measured"",""dataset_load_ms"":""measured"",""gpu_kernel_ms"":""measured"",""h2d_bytes"":""measured"",""h2d_ms"":""measured"",""host_prepare_ms"":""unavailable"",""load_ms"":""unavailable"",""mapped_remote_read_bytes"":""measured"",""overlap_wall_ms"":""measured"",""plan_build_ms"":""measured"",""query_total_ms"":""measured"",""resident_gpu_bytes"":""measured"",""resident_host_bytes"":""measured"",""resident_pinned_bytes"":""measured"",""session_setup_ms"":""measured"",""throughput_rows_per_second"":""measured"",""tune_ms"":""measured""}",0.875,,4,measured,unavailable,
2,v7-formal-sf10-resident,17a9f9ac-88a2-4c77-a96d-5aa0f0bfa56c,ok,,0,hybrid-arrow,resident,10,ASIA,1994-01-01,2,False,16,0.875,0.125,0,process_tree,"{""partition"":""fixed"",""selection"":""fixed"",""sweep"":""diagnostic""}","[""host_prepare_ms"",""load_ms""]",5,b1351a421ba8dcfd,"[{""nation"":""INDIA"",""revenue_1e4"":5368625879995},{""nation"":""CHINA"",""revenue_1e4"":5353508299282},{""nation"":""VIETNAM"",""revenue_1e4"":5322693887176},{""nation"":""JAPAN"",""revenue_1e4"":5267668371444},{""nation"":""INDONESIA"",""revenue_1e4"":5231768523189}]",expected_hash_match,,0.0,,0.0,21.879358,1.6310720443725586,0.024447999894618988,1.6218179999999975,21.95419,5073.618769645691,59986052,72985,52487796,7498256,0,212,0,3365576704,,2732328179.723324,logs/hybrid-fixed-r0875-t16.stdout.jsonl,logs/hybrid-fixed-r0875-t16.stderr.txt,2026-07-14T07:04:50.254833Z,2026-07-14T07:04:55.328461Z,hybrid-fixed-r0875-t16,1066bba6-111c-42be-8c26-dc63d8fd7104,resident,fixed,2818.529132,1494.409934,0.0,2738403462,390365340,0,"{""cpu_scan_ms"":""measured"",""d2h_bytes"":""measured"",""d2h_ms"":""measured"",""dataset_load_ms"":""measured"",""gpu_kernel_ms"":""measured"",""h2d_bytes"":""measured"",""h2d_ms"":""measured"",""host_prepare_ms"":""unavailable"",""load_ms"":""unavailable"",""mapped_remote_read_bytes"":""measured"",""overlap_wall_ms"":""measured"",""plan_build_ms"":""measured"",""query_total_ms"":""measured"",""resident_gpu_bytes"":""measured"",""resident_host_bytes"":""measured"",""resident_pinned_bytes"":""measured"",""session_setup_ms"":""measured"",""throughput_rows_per_second"":""measured"",""tune_ms"":""measured""}",0.875,,5,measured,unavailable,
2,v7-formal-sf10-resident,f4c342ca-386f-4e4c-9ecf-4c5baa03d8fe,ok,,0,hybrid-arrow,resident,10,ASIA,1994-01-01,3,False,16,0.875,0.125,0,process_tree,"{""partition"":""fixed"",""selection"":""fixed"",""sweep"":""diagnostic""}","[""host_prepare_ms"",""load_ms""]",5,b1351a421ba8dcfd,"[{""nation"":""INDIA"",""revenue_1e4"":5368625879995},{""nation"":""CHINA"",""revenue_1e4"":5353508299282},{""nation"":""VIETNAM"",""revenue_1e4"":5322693887176},{""nation"":""JAPAN"",""revenue_1e4"":5267668371444},{""nation"":""INDONESIA"",""revenue_1e4"":5231768523189}]",expected_hash_match,,0.0,,0.0,21.78588,1.641152024269104,0.033055998384952545,1.6533149999999992,21.874471,5073.618769645691,59986052,72985,52487796,7498256,0,212,0,3365576704,,2742285836.3066244,logs/hybrid-fixed-r0875-t16.stdout.jsonl,logs/hybrid-fixed-r0875-t16.stderr.txt,2026-07-14T07:04:50.254833Z,2026-07-14T07:04:55.328461Z,hybrid-fixed-r0875-t16,1066bba6-111c-42be-8c26-dc63d8fd7104,resident,fixed,2818.529132,1494.409934,0.0,2738403462,390365340,0,"{""cpu_scan_ms"":""measured"",""d2h_bytes"":""measured"",""d2h_ms"":""measured"",""dataset_load_ms"":""measured"",""gpu_kernel_ms"":""measured"",""h2d_bytes"":""measured"",""h2d_ms"":""measured"",""host_prepare_ms"":""unavailable"",""load_ms"":""unavailable"",""mapped_remote_read_bytes"":""measured"",""overlap_wall_ms"":""measured"",""plan_build_ms"":""measured"",""query_total_ms"":""measured"",""resident_gpu_bytes"":""measured"",""resident_host_bytes"":""measured"",""resident_pinned_bytes"":""measured"",""session_setup_ms"":""measured"",""throughput_rows_per_second"":""measured"",""tune_ms"":""measured""}",0.875,,6,measured,unavailable,
2,v7-formal-sf10-resident,c3ae75e8-a821-42d1-8ef0-170af7892e57,ok,,0,hybrid-arrow,resident,10,ASIA,1994-01-01,4,False,16,0.875,0.125,0,process_tree,"{""partition"":""fixed"",""selection"":""fixed"",""sweep"":""diagnostic""}","[""host_prepare_ms"",""load_ms""]",5,b1351a421ba8dcfd,"[{""nation"":""INDIA"",""revenue_1e4"":5368625879995},{""nation"":""CHINA"",""revenue_1e4"":5353508299282},{""nation"":""VIETNAM"",""revenue_1e4"":5322693887176},{""nation"":""JAPAN"",""revenue_1e4"":5267668371444},{""nation"":""INDONESIA"",""revenue_1e4"":5231768523189}]",expected_hash_match,,0.0,,0.0,21.902343,1.6302080154418945,0.025536000728607178,1.6186849999999957,21.98123,5073.618769645691,59986052,72985,52487796,7498256,0,212,0,3365576704,,2728967032.3271265,logs/hybrid-fixed-r0875-t16.stdout.jsonl,logs/hybrid-fixed-r0875-t16.stderr.txt,2026-07-14T07:04:50.254833Z,2026-07-14T07:04:55.328461Z,hybrid-fixed-r0875-t16,1066bba6-111c-42be-8c26-dc63d8fd7104,resident,fixed,2818.529132,1494.409934,0.0,2738403462,390365340,0,"{""cpu_scan_ms"":""measured"",""d2h_bytes"":""measured"",""d2h_ms"":""measured"",""dataset_load_ms"":""measured"",""gpu_kernel_ms"":""measured"",""h2d_bytes"":""measured"",""h2d_ms"":""measured"",""host_prepare_ms"":""unavailable"",""load_ms"":""unavailable"",""mapped_remote_read_bytes"":""measured"",""overlap_wall_ms"":""measured"",""plan_build_ms"":""measured"",""query_total_ms"":""measured"",""resident_gpu_bytes"":""measured"",""resident_host_bytes"":""measured"",""resident_pinned_bytes"":""measured"",""session_setup_ms"":""measured"",""throughput_rows_per_second"":""measured"",""tune_ms"":""measured""}",0.875,,7,measured,unavailable,
2,v7-formal-sf10-resident,efef1dfd-08ac-4697-b432-7a0bb08353e3,ok,,0,hybrid-arrow,resident,10,ASIA,1994-01-01,5,False,16,0.875,0.125,0,process_tree,"{""partition"":""fixed"",""selection"":""fixed"",""sweep"":""diagnostic""}","[""host_prepare_ms"",""load_ms""]",5,b1351a421ba8dcfd,"[{""nation"":""INDIA"",""revenue_1e4"":5368625879995},{""nation"":""CHINA"",""revenue_1e4"":5353508299282},{""nation"":""VIETNAM"",""revenue_1e4"":5322693887176},{""nation"":""JAPAN"",""revenue_1e4"":5267668371444},{""nation"":""INDONESIA"",""revenue_1e4"":5231768523189}]",expected_hash_match,,0.0,,0.0,21.873701,1.6363519430160522,0.03203200176358223,1.6453239999999987,21.955071,5073.618769645691,59986052,72985,52487796,7498256,0,212,0,3365576704,,2732218538.4870768,logs/hybrid-fixed-r0875-t16.stdout.jsonl,logs/hybrid-fixed-r0875-t16.stderr.txt,2026-07-14T07:04:50.254833Z,2026-07-14T07:04:55.328461Z,hybrid-fixed-r0875-t16,1066bba6-111c-42be-8c26-dc63d8fd7104,resident,fixed,2818.529132,1494.409934,0.0,2738403462,390365340,0,"{""cpu_scan_ms"":""measured"",""d2h_bytes"":""measured"",""d2h_ms"":""measured"",""dataset_load_ms"":""measured"",""gpu_kernel_ms"":""measured"",""h2d_bytes"":""measured"",""h2d_ms"":""measured"",""host_prepare_ms"":""unavailable"",""load_ms"":""unavailable"",""mapped_remote_read_bytes"":""measured"",""overlap_wall_ms"":""measured"",""plan_build_ms"":""measured"",""query_total_ms"":""measured"",""resident_gpu_bytes"":""measured"",""resident_host_bytes"":""measured"",""resident_pinned_bytes"":""measured"",""session_setup_ms"":""measured"",""throughput_rows_per_second"":""measured"",""tune_ms"":""measured""}",0.875,,8,measured,unavailable,
2,v7-formal-sf10-resident,fb369f8b-7f0b-4629-91a9-546ab8a17954,ok,,0,hybrid-arrow,resident,10,ASIA,1994-01-01,6,False,16,0.875,0.125,0,process_tree,"{""partition"":""fixed"",""selection"":""fixed"",""sweep"":""diagnostic""}","[""host_prepare_ms"",""load_ms""]",5,b1351a421ba8dcfd,"[{""nation"":""INDIA"",""revenue_1e4"":5368625879995},{""nation"":""CHINA"",""revenue_1e4"":5353508299282},{""nation"":""VIETNAM"",""revenue_1e4"":5322693887176},{""nation"":""JAPAN"",""revenue_1e4"":5267668371444},{""nation"":""INDONESIA"",""revenue_1e4"":5231768523189}]",expected_hash_match,,0.0,,0.0,21.891257,1.6250879764556885,0.025760000571608543,1.6242030000000014,21.967559,5073.618769645691,59986052,72985,52487796,7498256,0,212,0,3365576704,,2730665341.561163,logs/hybrid-fixed-r0875-t16.stdout.jsonl,logs/hybrid-fixed-r0875-t16.stderr.txt,2026-07-14T07:04:50.254833Z,2026-07-14T07:04:55.328461Z,hybrid-fixed-r0875-t16,1066bba6-111c-42be-8c26-dc63d8fd7104,resident,fixed,2818.529132,1494.409934,0.0,2738403462,390365340,0,"{""cpu_scan_ms"":""measured"",""d2h_bytes"":""measured"",""d2h_ms"":""measured"",""dataset_load_ms"":""measured"",""gpu_kernel_ms"":""measured"",""h2d_bytes"":""measured"",""h2d_ms"":""measured"",""host_prepare_ms"":""unavailable"",""load_ms"":""unavailable"",""mapped_remote_read_bytes"":""measured"",""overlap_wall_ms"":""measured"",""plan_build_ms"":""measured"",""query_total_ms"":""measured"",""resident_gpu_bytes"":""measured"",""resident_host_bytes"":""measured"",""resident_pinned_bytes"":""measured"",""session_setup_ms"":""measured"",""throughput_rows_per_second"":""measured"",""tune_ms"":""measured""}",0.875,,9,measured,unavailable,
2,v7-formal-sf10-resident,ff032933-c5a3-44ff-8a47-c7d6a6423f78,ok,,0,hybrid-arrow,resident,10,ASIA,1994-01-01,7,False,16,0.875,0.125,0,process_tree,"{""partition"":""fixed"",""selection"":""fixed"",""sweep"":""diagnostic""}","[""host_prepare_ms"",""load_ms""]",5,b1351a421ba8dcfd,"[{""nation"":""INDIA"",""revenue_1e4"":5368625879995},{""nation"":""CHINA"",""revenue_1e4"":5353508299282},{""nation"":""VIETNAM"",""revenue_1e4"":5322693887176},{""nation"":""JAPAN"",""revenue_1e4"":5267668371444},{""nation"":""INDONESIA"",""revenue_1e4"":5231768523189}]",expected_hash_match,,0.0,,0.0,22.287886,1.6312320232391357,0.02319999970495701,1.6103430000000003,22.366493,5073.618769645691,59986052,72985,52487796,7498256,0,212,0,3365576704,,2681960555.9083405,logs/hybrid-fixed-r0875-t16.stdout.jsonl,logs/hybrid-fixed-r0875-t16.stderr.txt,2026-07-14T07:04:50.254833Z,2026-07-14T07:04:55.328461Z,hybrid-fixed-r0875-t16,1066bba6-111c-42be-8c26-dc63d8fd7104,resident,fixed,2818.529132,1494.409934,0.0,2738403462,390365340,0,"{""cpu_scan_ms"":""measured"",""d2h_bytes"":""measured"",""d2h_ms"":""measured"",""dataset_load_ms"":""measured"",""gpu_kernel_ms"":""measured"",""h2d_bytes"":""measured"",""h2d_ms"":""measured"",""host_prepare_ms"":""unavailable"",""load_ms"":""unavailable"",""mapped_remote_read_bytes"":""measured"",""overlap_wall_ms"":""measured"",""plan_build_ms"":""measured"",""query_total_ms"":""measured"",""resident_gpu_bytes"":""measured"",""resident_host_bytes"":""measured"",""resident_pinned_bytes"":""measured"",""session_setup_ms"":""measured"",""throughput_rows_per_second"":""measured"",""tune_ms"":""measured""}",0.875,,10,measured,unavailable,
2,v7-formal-sf10-resident,03dcca29-a738-4a9a-8d86-a7db9544a97b,ok,,0,hybrid-arrow,resident,10,ASIA,1994-01-01,8,False,16,0.875,0.125,0,process_tree,"{""partition"":""fixed"",""selection"":""fixed"",""sweep"":""diagnostic""}","[""host_prepare_ms"",""load_ms""]",5,b1351a421ba8dcfd,"[{""nation"":""INDIA"",""revenue_1e4"":5368625879995},{""nation"":""CHINA"",""revenue_1e4"":5353508299282},{""nation"":""VIETNAM"",""revenue_1e4"":5322693887176},{""nation"":""JAPAN"",""revenue_1e4"":5267668371444},{""nation"":""INDONESIA"",""revenue_1e4"":5231768523189}]",expected_hash_match,,0.0,,0.0,21.774714,1.623039960861206,0.022336000576615334,1.6041230000000013,21.848783,5073.618769645691,59986052,72985,52487796,7498256,0,212,0,3365576704,,2745509990.1903,logs/hybrid-fixed-r0875-t16.stdout.jsonl,logs/hybrid-fixed-r0875-t16.stderr.txt,2026-07-14T07:04:50.254833Z,2026-07-14T07:04:55.328461Z,hybrid-fixed-r0875-t16,1066bba6-111c-42be-8c26-dc63d8fd7104,resident,fixed,2818.529132,1494.409934,0.0,2738403462,390365340,0,"{""cpu_scan_ms"":""measured"",""d2h_bytes"":""measured"",""d2h_ms"":""measured"",""dataset_load_ms"":""measured"",""gpu_kernel_ms"":""measured"",""h2d_bytes"":""measured"",""h2d_ms"":""measured"",""host_prepare_ms"":""unavailable"",""load_ms"":""unavailable"",""mapped_remote_read_bytes"":""measured"",""overlap_wall_ms"":""measured"",""plan_build_ms"":""measured"",""query_total_ms"":""measured"",""resident_gpu_bytes"":""measured"",""resident_host_bytes"":""measured"",""resident_pinned_bytes"":""measured"",""session_setup_ms"":""measured"",""throughput_rows_per_second"":""measured"",""tune_ms"":""measured""}",0.875,,11,measured,unavailable,
2,v7-formal-sf10-resident,9ea3755b-7648-4a47-994e-6cd0b9bf90df,ok,,0,hybrid-arrow,resident,10,ASIA,1994-01-01,9,False,16,0.875,0.125,0,process_tree,"{""partition"":""fixed"",""selection"":""fixed"",""sweep"":""diagnostic""}","[""host_prepare_ms"",""load_ms""]",5,b1351a421ba8dcfd,"[{""nation"":""INDIA"",""revenue_1e4"":5368625879995},{""nation"":""CHINA"",""revenue_1e4"":5353508299282},{""nation"":""VIETNAM"",""revenue_1e4"":5322693887176},{""nation"":""JAPAN"",""revenue_1e4"":5267668371444},{""nation"":""INDONESIA"",""revenue_1e4"":5231768523189}]",expected_hash_match,,0.0,,0.0,21.799851,1.6311039924621582,0.03308799862861633,1.6513830000000027,21.874412,5073.618769645691,59986052,72985,52487796,7498256,0,212,0,3365576704,,2742293232.8420987,logs/hybrid-fixed-r0875-t16.stdout.jsonl,logs/hybrid-fixed-r0875-t16.stderr.txt,2026-07-14T07:04:50.254833Z,2026-07-14T07:04:55.328461Z,hybrid-fixed-r0875-t16,1066bba6-111c-42be-8c26-dc63d8fd7104,resident,fixed,2818.529132,1494.409934,0.0,2738403462,390365340,0,"{""cpu_scan_ms"":""measured"",""d2h_bytes"":""measured"",""d2h_ms"":""measured"",""dataset_load_ms"":""measured"",""gpu_kernel_ms"":""measured"",""h2d_bytes"":""measured"",""h2d_ms"":""measured"",""host_prepare_ms"":""unavailable"",""load_ms"":""unavailable"",""mapped_remote_read_bytes"":""measured"",""overlap_wall_ms"":""measured"",""plan_build_ms"":""measured"",""query_total_ms"":""measured"",""resident_gpu_bytes"":""measured"",""resident_host_bytes"":""measured"",""resident_pinned_bytes"":""measured"",""session_setup_ms"":""measured"",""throughput_rows_per_second"":""measured"",""tune_ms"":""measured""}",0.875,,12,measured,unavailable,
2,v7-formal-sf10-resident,d5c35169-8c7f-423e-84ba-9f7b241c8592,ok,,0,hybrid-arrow,resident,10,ASIA,1994-01-01,0,False,16,0.28842544930278124,0.7115745506972188,0,process_tree,"{""selection"":""auto""}","[""host_prepare_ms"",""load_ms""]",5,b1351a421ba8dcfd,"[{""nation"":""INDIA"",""revenue_1e4"":5368625879995},{""nation"":""CHINA"",""revenue_1e4"":5353508299282},{""nation"":""VIETNAM"",""revenue_1e4"":5322693887176},{""nation"":""JAPAN"",""revenue_1e4"":5267668371444},{""nation"":""INDONESIA"",""revenue_1e4"":5231768523189}]",expected_hash_match,,0.0,,0.0,7.369076,10.766336441040039,0.03292800113558769,7.257400000000002,10.976334,8561.419724021107,59986052,72985,17301504,42684548,0,212,0,4138057728,,5465035229.430883,logs/hybrid-auto-t16.stdout.jsonl,logs/hybrid-auto-t16.stderr.txt,2026-07-14T07:04:55.331245Z,2026-07-14T07:05:03.892674Z,hybrid-auto-t16,3dccf606-9e35-4f7f-9dde-4d1ba54d8718,resident,auto,2820.707473,5023.371078,2875.78121,2026551702,1094091180,0,"{""cpu_scan_ms"":""measured"",""d2h_bytes"":""measured"",""d2h_ms"":""measured"",""dataset_load_ms"":""measured"",""gpu_kernel_ms"":""measured"",""h2d_bytes"":""measured"",""h2d_ms"":""measured"",""host_prepare_ms"":""unavailable"",""load_ms"":""unavailable"",""mapped_remote_read_bytes"":""measured"",""overlap_wall_ms"":""measured"",""plan_build_ms"":""measured"",""query_total_ms"":""measured"",""resident_gpu_bytes"":""measured"",""resident_host_bytes"":""measured"",""resident_pinned_bytes"":""measured"",""session_setup_ms"":""measured"",""throughput_rows_per_second"":""measured"",""tune_ms"":""measured""}",0.28842544930278124,0.2887329010669868,3,measured,unavailable,
2,v7-formal-sf10-resident,6ad75039-d319-4b7b-a3fa-06b85fe72d46,ok,,0,hybrid-arrow,resident,10,ASIA,1994-01-01,1,False,16,0.28842544930278124,0.7115745506972188,0,process_tree,"{""selection"":""auto""}","[""host_prepare_ms"",""load_ms""]",5,b1351a421ba8dcfd,"[{""nation"":""INDIA"",""revenue_1e4"":5368625879995},{""nation"":""CHINA"",""revenue_1e4"":5353508299282},{""nation"":""VIETNAM"",""revenue_1e4"":5322693887176},{""nation"":""JAPAN"",""revenue_1e4"":5267668371444},{""nation"":""INDONESIA"",""revenue_1e4"":5231768523189}]",expected_hash_match,,0.0,,0.0,7.300885,10.773504257202148,0.03404799848794937,7.1939769999999985,10.983585,8561.419724021107,59986052,72985,17301504,42684548,0,212,0,4138057728,,5461427393.697049,logs/hybrid-auto-t16.stdout.jsonl,logs/hybrid-auto-t16.stderr.txt,2026-07-14T07:04:55.331245Z,2026-07-14T07:05:03.892674Z,hybrid-auto-t16,3dccf606-9e35-4f7f-9dde-4d1ba54d8718,resident,auto,2820.707473,5023.371078,2875.78121,2026551702,1094091180,0,"{""cpu_scan_ms"":""measured"",""d2h_bytes"":""measured"",""d2h_ms"":""measured"",""dataset_load_ms"":""measured"",""gpu_kernel_ms"":""measured"",""h2d_bytes"":""measured"",""h2d_ms"":""measured"",""host_prepare_ms"":""unavailable"",""load_ms"":""unavailable"",""mapped_remote_read_bytes"":""measured"",""overlap_wall_ms"":""measured"",""plan_build_ms"":""measured"",""query_total_ms"":""measured"",""resident_gpu_bytes"":""measured"",""resident_host_bytes"":""measured"",""resident_pinned_bytes"":""measured"",""session_setup_ms"":""measured"",""throughput_rows_per_second"":""measured"",""tune_ms"":""measured""}",0.28842544930278124,0.2887329010669868,4,measured,unavailable,
2,v7-formal-sf10-resident,6109fdfe-6ab3-4fb9-b340-c6dc6ab7321c,ok,,0,hybrid-arrow,resident,10,ASIA,1994-01-01,2,False,16,0.28842544930278124,0.7115745506972188,0,process_tree,"{""selection"":""auto""}","[""host_prepare_ms"",""load_ms""]",5,b1351a421ba8dcfd,"[{""nation"":""INDIA"",""revenue_1e4"":5368625879995},{""nation"":""CHINA"",""revenue_1e4"":5353508299282},{""nation"":""VIETNAM"",""revenue_1e4"":5322693887176},{""nation"":""JAPAN"",""revenue_1e4"":5267668371444},{""nation"":""INDONESIA"",""revenue_1e4"":5231768523189}]",expected_hash_match,,0.0,,0.0,7.937781,10.785632133483887,0.03407999873161316,7.834167999999998,10.985067,8561.419724021107,59986052,72985,17301504,42684548,0,212,0,4138057728,,5460690590.234907,logs/hybrid-auto-t16.stdout.jsonl,logs/hybrid-auto-t16.stderr.txt,2026-07-14T07:04:55.331245Z,2026-07-14T07:05:03.892674Z,hybrid-auto-t16,3dccf606-9e35-4f7f-9dde-4d1ba54d8718,resident,auto,2820.707473,5023.371078,2875.78121,2026551702,1094091180,0,"{""cpu_scan_ms"":""measured"",""d2h_bytes"":""measured"",""d2h_ms"":""measured"",""dataset_load_ms"":""measured"",""gpu_kernel_ms"":""measured"",""h2d_bytes"":""measured"",""h2d_ms"":""measured"",""host_prepare_ms"":""unavailable"",""load_ms"":""unavailable"",""mapped_remote_read_bytes"":""measured"",""overlap_wall_ms"":""measured"",""plan_build_ms"":""measured"",""query_total_ms"":""measured"",""resident_gpu_bytes"":""measured"",""resident_host_bytes"":""measured"",""resident_pinned_bytes"":""measured"",""session_setup_ms"":""measured"",""throughput_rows_per_second"":""measured"",""tune_ms"":""measured""}",0.28842544930278124,0.2887329010669868,5,measured,unavailable,
2,v7-formal-sf10-resident,a065540e-20ba-4b49-8cd2-afc011b8dfa1,ok,,0,hybrid-arrow,resident,10,ASIA,1994-01-01,3,False,16,0.28842544930278124,0.7115745506972188,0,process_tree,"{""selection"":""auto""}","[""host_prepare_ms"",""load_ms""]",5,b1351a421ba8dcfd,"[{""nation"":""INDIA"",""revenue_1e4"":5368625879995},{""nation"":""CHINA"",""revenue_1e4"":5353508299282},{""nation"":""VIETNAM"",""revenue_1e4"":5322693887176},{""nation"":""JAPAN"",""revenue_1e4"":5267668371444},{""nation"":""INDONESIA"",""revenue_1e4"":5231768523189}]",expected_hash_match,,0.0,,0.0,7.347143,10.71615982055664,0.028384000062942505,7.239071999999998,10.899611,8561.419724021107,59986052,72985,17301504,42684548,0,212,0,4138057728,,5503503932.388045,logs/hybrid-auto-t16.stdout.jsonl,logs/hybrid-auto-t16.stderr.txt,2026-07-14T07:04:55.331245Z,2026-07-14T07:05:03.892674Z,hybrid-auto-t16,3dccf606-9e35-4f7f-9dde-4d1ba54d8718,resident,auto,2820.707473,5023.371078,2875.78121,2026551702,1094091180,0,"{""cpu_scan_ms"":""measured"",""d2h_bytes"":""measured"",""d2h_ms"":""measured"",""dataset_load_ms"":""measured"",""gpu_kernel_ms"":""measured"",""h2d_bytes"":""measured"",""h2d_ms"":""measured"",""host_prepare_ms"":""unavailable"",""load_ms"":""unavailable"",""mapped_remote_read_bytes"":""measured"",""overlap_wall_ms"":""measured"",""plan_build_ms"":""measured"",""query_total_ms"":""measured"",""resident_gpu_bytes"":""measured"",""resident_host_bytes"":""measured"",""resident_pinned_bytes"":""measured"",""session_setup_ms"":""measured"",""throughput_rows_per_second"":""measured"",""tune_ms"":""measured""}",0.28842544930278124,0.2887329010669868,6,measured,unavailable,
2,v7-formal-sf10-resident,27a81d6f-c81d-4b9c-9dc0-daa2d26b857c,ok,,0,hybrid-arrow,resident,10,ASIA,1994-01-01,4,False,16,0.28842544930278124,0.7115745506972188,0,process_tree,"{""selection"":""auto""}","[""host_prepare_ms"",""load_ms""]",5,b1351a421ba8dcfd,"[{""nation"":""INDIA"",""revenue_1e4"":5368625879995},{""nation"":""CHINA"",""revenue_1e4"":5353508299282},{""nation"":""VIETNAM"",""revenue_1e4"":5322693887176},{""nation"":""JAPAN"",""revenue_1e4"":5267668371444},{""nation"":""INDONESIA"",""revenue_1e4"":5231768523189}]",expected_hash_match,,0.0,,0.0,7.698906,10.784768104553223,0.03094400092959404,7.592548999999998,10.984326,8561.419724021107,59986052,72985,17301504,42684548,0,212,0,4138057728,,5461058967.113686,logs/hybrid-auto-t16.stdout.jsonl,logs/hybrid-auto-t16.stderr.txt,2026-07-14T07:04:55.331245Z,2026-07-14T07:05:03.892674Z,hybrid-auto-t16,3dccf606-9e35-4f7f-9dde-4d1ba54d8718,resident,auto,2820.707473,5023.371078,2875.78121,2026551702,1094091180,0,"{""cpu_scan_ms"":""measured"",""d2h_bytes"":""measured"",""d2h_ms"":""measured"",""dataset_load_ms"":""measured"",""gpu_kernel_ms"":""measured"",""h2d_bytes"":""measured"",""h2d_ms"":""measured"",""host_prepare_ms"":""unavailable"",""load_ms"":""unavailable"",""mapped_remote_read_bytes"":""measured"",""overlap_wall_ms"":""measured"",""plan_build_ms"":""measured"",""query_total_ms"":""measured"",""resident_gpu_bytes"":""measured"",""resident_host_bytes"":""measured"",""resident_pinned_bytes"":""measured"",""session_setup_ms"":""measured"",""throughput_rows_per_second"":""measured"",""tune_ms"":""measured""}",0.28842544930278124,0.2887329010669868,7,measured,unavailable,
2,v7-formal-sf10-resident,93b83aad-b1f2-468e-9503-2ebe5bf84bc9,ok,,0,hybrid-arrow,resident,10,ASIA,1994-01-01,5,False,16,0.28842544930278124,0.7115745506972188,0,process_tree,"{""selection"":""auto""}","[""host_prepare_ms"",""load_ms""]",5,b1351a421ba8dcfd,"[{""nation"":""INDIA"",""revenue_1e4"":5368625879995},{""nation"":""CHINA"",""revenue_1e4"":5353508299282},{""nation"":""VIETNAM"",""revenue_1e4"":5322693887176},{""nation"":""JAPAN"",""revenue_1e4"":5267668371444},{""nation"":""INDONESIA"",""revenue_1e4"":5231768523189}]",expected_hash_match,,0.0,,0.0,7.457758,10.73151969909668,0.0326399989426136,7.356006999999998,10.936826,8561.419724021107,59986052,72985,17301504,42684548,0,212,0,4138057728,,5484777027.631234,logs/hybrid-auto-t16.stdout.jsonl,logs/hybrid-auto-t16.stderr.txt,2026-07-14T07:04:55.331245Z,2026-07-14T07:05:03.892674Z,hybrid-auto-t16,3dccf606-9e35-4f7f-9dde-4d1ba54d8718,resident,auto,2820.707473,5023.371078,2875.78121,2026551702,1094091180,0,"{""cpu_scan_ms"":""measured"",""d2h_bytes"":""measured"",""d2h_ms"":""measured"",""dataset_load_ms"":""measured"",""gpu_kernel_ms"":""measured"",""h2d_bytes"":""measured"",""h2d_ms"":""measured"",""host_prepare_ms"":""unavailable"",""load_ms"":""unavailable"",""mapped_remote_read_bytes"":""measured"",""overlap_wall_ms"":""measured"",""plan_build_ms"":""measured"",""query_total_ms"":""measured"",""resident_gpu_bytes"":""measured"",""resident_host_bytes"":""measured"",""resident_pinned_bytes"":""measured"",""session_setup_ms"":""measured"",""throughput_rows_per_second"":""measured"",""tune_ms"":""measured""}",0.28842544930278124,0.2887329010669868,8,measured,unavailable,
2,v7-formal-sf10-resident,f0e2a19d-24b9-471e-8b8e-861ab59da1d8,ok,,0,hybrid-arrow,resident,10,ASIA,1994-01-01,6,False,16,0.28842544930278124,0.7115745506972188,0,process_tree,"{""selection"":""auto""}","[""host_prepare_ms"",""load_ms""]",5,b1351a421ba8dcfd,"[{""nation"":""INDIA"",""revenue_1e4"":5368625879995},{""nation"":""CHINA"",""revenue_1e4"":5353508299282},{""nation"":""VIETNAM"",""revenue_1e4"":5322693887176},{""nation"":""JAPAN"",""revenue_1e4"":5267668371444},{""nation"":""INDONESIA"",""revenue_1e4"":5231768523189}]",expected_hash_match,,0.0,,0.0,7.700349,10.749919891357422,0.029888000339269638,7.591107000000001,10.943445,8561.419724021107,59986052,72985,17301504,42684548,0,212,0,4138057728,,5481459631.770434,logs/hybrid-auto-t16.stdout.jsonl,logs/hybrid-auto-t16.stderr.txt,2026-07-14T07:04:55.331245Z,2026-07-14T07:05:03.892674Z,hybrid-auto-t16,3dccf606-9e35-4f7f-9dde-4d1ba54d8718,resident,auto,2820.707473,5023.371078,2875.78121,2026551702,1094091180,0,"{""cpu_scan_ms"":""measured"",""d2h_bytes"":""measured"",""d2h_ms"":""measured"",""dataset_load_ms"":""measured"",""gpu_kernel_ms"":""measured"",""h2d_bytes"":""measured"",""h2d_ms"":""measured"",""host_prepare_ms"":""unavailable"",""load_ms"":""unavailable"",""mapped_remote_read_bytes"":""measured"",""overlap_wall_ms"":""measured"",""plan_build_ms"":""measured"",""query_total_ms"":""measured"",""resident_gpu_bytes"":""measured"",""resident_host_bytes"":""measured"",""resident_pinned_bytes"":""measured"",""session_setup_ms"":""measured"",""throughput_rows_per_second"":""measured"",""tune_ms"":""measured""}",0.28842544930278124,0.2887329010669868,9,measured,unavailable,
2,v7-formal-sf10-resident,18bd516e-9d99-4eab-a452-e511548b9abc,ok,,0,hybrid-arrow,resident,10,ASIA,1994-01-01,7,False,16,0.28842544930278124,0.7115745506972188,0,process_tree,"{""selection"":""auto""}","[""host_prepare_ms"",""load_ms""]",5,b1351a421ba8dcfd,"[{""nation"":""INDIA"",""revenue_1e4"":5368625879995},{""nation"":""CHINA"",""revenue_1e4"":5353508299282},{""nation"":""VIETNAM"",""revenue_1e4"":5322693887176},{""nation"":""JAPAN"",""revenue_1e4"":5267668371444},{""nation"":""INDONESIA"",""revenue_1e4"":5231768523189}]",expected_hash_match,,0.0,,0.0,7.750232,10.764287948608398,0.030880000442266464,7.634118999999998,10.96703,8561.419724021107,59986052,72985,17301504,42684548,0,212,0,4138057728,,5469671551.91515,logs/hybrid-auto-t16.stdout.jsonl,logs/hybrid-auto-t16.stderr.txt,2026-07-14T07:04:55.331245Z,2026-07-14T07:05:03.892674Z,hybrid-auto-t16,3dccf606-9e35-4f7f-9dde-4d1ba54d8718,resident,auto,2820.707473,5023.371078,2875.78121,2026551702,1094091180,0,"{""cpu_scan_ms"":""measured"",""d2h_bytes"":""measured"",""d2h_ms"":""measured"",""dataset_load_ms"":""measured"",""gpu_kernel_ms"":""measured"",""h2d_bytes"":""measured"",""h2d_ms"":""measured"",""host_prepare_ms"":""unavailable"",""load_ms"":""unavailable"",""mapped_remote_read_bytes"":""measured"",""overlap_wall_ms"":""measured"",""plan_build_ms"":""measured"",""query_total_ms"":""measured"",""resident_gpu_bytes"":""measured"",""resident_host_bytes"":""measured"",""resident_pinned_bytes"":""measured"",""session_setup_ms"":""measured"",""throughput_rows_per_second"":""measured"",""tune_ms"":""measured""}",0.28842544930278124,0.2887329010669868,10,measured,unavailable,
2,v7-formal-sf10-resident,99275bbc-1040-43ba-b1b8-73a3700912e8,ok,,0,hybrid-arrow,resident,10,ASIA,1994-01-01,8,False,16,0.28842544930278124,0.7115745506972188,0,process_tree,"{""selection"":""auto""}","[""host_prepare_ms"",""load_ms""]",5,b1351a421ba8dcfd,"[{""nation"":""INDIA"",""revenue_1e4"":5368625879995},{""nation"":""CHINA"",""revenue_1e4"":5353508299282},{""nation"":""VIETNAM"",""revenue_1e4"":5322693887176},{""nation"":""JAPAN"",""revenue_1e4"":5267668371444},{""nation"":""INDONESIA"",""revenue_1e4"":5231768523189}]",expected_hash_match,,0.0,,0.0,7.81607,10.811391830444336,0.03923200070858002,7.710031999999998,11.022403,8561.419724021107,59986052,72985,17301504,42684548,0,212,0,4138057728,,5442193684.988654,logs/hybrid-auto-t16.stdout.jsonl,logs/hybrid-auto-t16.stderr.txt,2026-07-14T07:04:55.331245Z,2026-07-14T07:05:03.892674Z,hybrid-auto-t16,3dccf606-9e35-4f7f-9dde-4d1ba54d8718,resident,auto,2820.707473,5023.371078,2875.78121,2026551702,1094091180,0,"{""cpu_scan_ms"":""measured"",""d2h_bytes"":""measured"",""d2h_ms"":""measured"",""dataset_load_ms"":""measured"",""gpu_kernel_ms"":""measured"",""h2d_bytes"":""measured"",""h2d_ms"":""measured"",""host_prepare_ms"":""unavailable"",""load_ms"":""unavailable"",""mapped_remote_read_bytes"":""measured"",""overlap_wall_ms"":""measured"",""plan_build_ms"":""measured"",""query_total_ms"":""measured"",""resident_gpu_bytes"":""measured"",""resident_host_bytes"":""measured"",""resident_pinned_bytes"":""measured"",""session_setup_ms"":""measured"",""throughput_rows_per_second"":""measured"",""tune_ms"":""measured""}",0.28842544930278124,0.2887329010669868,11,measured,unavailable,
2,v7-formal-sf10-resident,fbefa585-7abf-4088-ba23-1d2d6a8f47be,ok,,0,hybrid-arrow,resident,10,ASIA,1994-01-01,9,False,16,0.28842544930278124,0.7115745506972188,0,process_tree,"{""selection"":""auto""}","[""host_prepare_ms"",""load_ms""]",5,b1351a421ba8dcfd,"[{""nation"":""INDIA"",""revenue_1e4"":5368625879995},{""nation"":""CHINA"",""revenue_1e4"":5353508299282},{""nation"":""VIETNAM"",""revenue_1e4"":5322693887176},{""nation"":""JAPAN"",""revenue_1e4"":5267668371444},{""nation"":""INDONESIA"",""revenue_1e4"":5231768523189}]",expected_hash_match,,0.0,,0.0,7.777913,10.797056198120117,0.03094400092959404,7.655781000000003,11.003504,8561.419724021107,59986052,72985,17301504,42684548,0,212,0,4138057728,,5451540890.974366,logs/hybrid-auto-t16.stdout.jsonl,logs/hybrid-auto-t16.stderr.txt,2026-07-14T07:04:55.331245Z,2026-07-14T07:05:03.892674Z,hybrid-auto-t16,3dccf606-9e35-4f7f-9dde-4d1ba54d8718,resident,auto,2820.707473,5023.371078,2875.78121,2026551702,1094091180,0,"{""cpu_scan_ms"":""measured"",""d2h_bytes"":""measured"",""d2h_ms"":""measured"",""dataset_load_ms"":""measured"",""gpu_kernel_ms"":""measured"",""h2d_bytes"":""measured"",""h2d_ms"":""measured"",""host_prepare_ms"":""unavailable"",""load_ms"":""unavailable"",""mapped_remote_read_bytes"":""measured"",""overlap_wall_ms"":""measured"",""plan_build_ms"":""measured"",""query_total_ms"":""measured"",""resident_gpu_bytes"":""measured"",""resident_host_bytes"":""measured"",""resident_pinned_bytes"":""measured"",""session_setup_ms"":""measured"",""throughput_rows_per_second"":""measured"",""tune_ms"":""measured""}",0.28842544930278124,0.2887329010669868,12,measured,unavailable,
