schema_version,experiment_id,run_uuid,status,error_class,return_code,engine,scenario,scale_factor,region,date,sample_index,is_warmup,threads,cpu_ratio,gpu_ratio,gpu_chunk_rows,memory_scope,mode_options_json,not_applicable_phases,result_rows,result_hash,rows_json,oracle_status,load_ms,plan_build_ms,host_prepare_ms,h2d_ms,cpu_scan_ms,gpu_kernel_ms,d2h_ms,overlap_wall_ms,query_total_ms,process_elapsed_ms,input_lineitem_rows,matched_lineitem_rows,cpu_input_rows,gpu_input_rows,h2d_bytes,d2h_bytes,mapped_remote_read_bytes,cpu_peak_rss_bytes,gpu_peak_memory_bytes,throughput_rows_per_second,stdout_log,stderr_log,started_at_utc,finished_at_utc,config_id,session_id,lifecycle,ratio_mode,dataset_load_ms,session_setup_ms,tune_ms,resident_host_bytes,resident_gpu_bytes,resident_pinned_bytes,measurement_status_json,selected_cpu_ratio,predicted_cpu_ratio,request_index,cpu_peak_rss_status,gpu_peak_memory_status,gpu_peak_memory_source
2,v7-formal-sf1-resident,69f189a9-6721-440f-b363-365384123b99,ok,,0,cpu-specialized,resident,1,ASIA,1994-01-01,0,False,8,1.0,0.0,0,process_tree,"{""sweep"":""threads""}","[""host_prepare_ms"",""load_ms""]",5,542abf4003633c7c,"[{""nation"":""INDONESIA"",""revenue_1e4"":555020411697},{""nation"":""VIETNAM"",""revenue_1e4"":552950869967},{""nation"":""CHINA"",""revenue_1e4"":537244942566},{""nation"":""INDIA"",""revenue_1e4"":520355120002},{""nation"":""JAPAN"",""revenue_1e4"":454101756954}]",expected_hash_match,,0.0,,0.0,4.690807,0.0,0.0,0.0,4.737246,519.5507630705833,6001215,7243,6001215,0,0,0,0,331653120,,1266815149.5615807,logs/cpu-specialized-t08.stdout.jsonl,logs/cpu-specialized-t08.stderr.txt,2026-07-14T06:55:03.904092Z,2026-07-14T06:55:04.423670Z,cpu-specialized-t08,e887864a-6c86-4c00-a498-7c4967d22032,resident,fixed,296.091287,61.887038,0.0,264088793,0,0,"{""cpu_scan_ms"":""measured"",""d2h_bytes"":""measured"",""d2h_ms"":""measured"",""dataset_load_ms"":""measured"",""gpu_kernel_ms"":""measured"",""h2d_bytes"":""measured"",""h2d_ms"":""measured"",""host_prepare_ms"":""unavailable"",""load_ms"":""unavailable"",""mapped_remote_read_bytes"":""measured"",""overlap_wall_ms"":""measured"",""plan_build_ms"":""measured"",""query_total_ms"":""measured"",""resident_gpu_bytes"":""measured"",""resident_host_bytes"":""measured"",""resident_pinned_bytes"":""measured"",""session_setup_ms"":""measured"",""throughput_rows_per_second"":""measured"",""tune_ms"":""measured""}",1.0,,3,measured,unavailable,
2,v7-formal-sf1-resident,cc9479eb-2198-4ddc-92bd-a481fbcb3daa,ok,,0,cpu-specialized,resident,1,ASIA,1994-01-01,1,False,8,1.0,0.0,0,process_tree,"{""sweep"":""threads""}","[""host_prepare_ms"",""load_ms""]",5,542abf4003633c7c,"[{""nation"":""INDONESIA"",""revenue_1e4"":555020411697},{""nation"":""VIETNAM"",""revenue_1e4"":552950869967},{""nation"":""CHINA"",""revenue_1e4"":537244942566},{""nation"":""INDIA"",""revenue_1e4"":520355120002},{""nation"":""JAPAN"",""revenue_1e4"":454101756954}]",expected_hash_match,,0.0,,0.0,4.71246,0.0,0.0,0.0,4.762043,519.5507630705833,6001215,7243,6001215,0,0,0,0,331653120,,1260218565.8550332,logs/cpu-specialized-t08.stdout.jsonl,logs/cpu-specialized-t08.stderr.txt,2026-07-14T06:55:03.904092Z,2026-07-14T06:55:04.423670Z,cpu-specialized-t08,e887864a-6c86-4c00-a498-7c4967d22032,resident,fixed,296.091287,61.887038,0.0,264088793,0,0,"{""cpu_scan_ms"":""measured"",""d2h_bytes"":""measured"",""d2h_ms"":""measured"",""dataset_load_ms"":""measured"",""gpu_kernel_ms"":""measured"",""h2d_bytes"":""measured"",""h2d_ms"":""measured"",""host_prepare_ms"":""unavailable"",""load_ms"":""unavailable"",""mapped_remote_read_bytes"":""measured"",""overlap_wall_ms"":""measured"",""plan_build_ms"":""measured"",""query_total_ms"":""measured"",""resident_gpu_bytes"":""measured"",""resident_host_bytes"":""measured"",""resident_pinned_bytes"":""measured"",""session_setup_ms"":""measured"",""throughput_rows_per_second"":""measured"",""tune_ms"":""measured""}",1.0,,4,measured,unavailable,
2,v7-formal-sf1-resident,2f5de297-8b89-4ffc-8f69-1c2826db5dd1,ok,,0,cpu-specialized,resident,1,ASIA,1994-01-01,2,False,8,1.0,0.0,0,process_tree,"{""sweep"":""threads""}","[""host_prepare_ms"",""load_ms""]",5,542abf4003633c7c,"[{""nation"":""INDONESIA"",""revenue_1e4"":555020411697},{""nation"":""VIETNAM"",""revenue_1e4"":552950869967},{""nation"":""CHINA"",""revenue_1e4"":537244942566},{""nation"":""INDIA"",""revenue_1e4"":520355120002},{""nation"":""JAPAN"",""revenue_1e4"":454101756954}]",expected_hash_match,,0.0,,0.0,4.722224,0.0,0.0,0.0,4.768082,519.5507630705833,6001215,7243,6001215,0,0,0,0,331653120,,1258622439.7986445,logs/cpu-specialized-t08.stdout.jsonl,logs/cpu-specialized-t08.stderr.txt,2026-07-14T06:55:03.904092Z,2026-07-14T06:55:04.423670Z,cpu-specialized-t08,e887864a-6c86-4c00-a498-7c4967d22032,resident,fixed,296.091287,61.887038,0.0,264088793,0,0,"{""cpu_scan_ms"":""measured"",""d2h_bytes"":""measured"",""d2h_ms"":""measured"",""dataset_load_ms"":""measured"",""gpu_kernel_ms"":""measured"",""h2d_bytes"":""measured"",""h2d_ms"":""measured"",""host_prepare_ms"":""unavailable"",""load_ms"":""unavailable"",""mapped_remote_read_bytes"":""measured"",""overlap_wall_ms"":""measured"",""plan_build_ms"":""measured"",""query_total_ms"":""measured"",""resident_gpu_bytes"":""measured"",""resident_host_bytes"":""measured"",""resident_pinned_bytes"":""measured"",""session_setup_ms"":""measured"",""throughput_rows_per_second"":""measured"",""tune_ms"":""measured""}",1.0,,5,measured,unavailable,
2,v7-formal-sf1-resident,fd6c542e-ef09-49db-84e0-910a8c867743,ok,,0,cpu-specialized,resident,1,ASIA,1994-01-01,3,False,8,1.0,0.0,0,process_tree,"{""sweep"":""threads""}","[""host_prepare_ms"",""load_ms""]",5,542abf4003633c7c,"[{""nation"":""INDONESIA"",""revenue_1e4"":555020411697},{""nation"":""VIETNAM"",""revenue_1e4"":552950869967},{""nation"":""CHINA"",""revenue_1e4"":537244942566},{""nation"":""INDIA"",""revenue_1e4"":520355120002},{""nation"":""JAPAN"",""revenue_1e4"":454101756954}]",expected_hash_match,,0.0,,0.0,4.550619,0.0,0.0,0.0,4.603198,519.5507630705833,6001215,7243,6001215,0,0,0,0,331653120,,1303705597.7170653,logs/cpu-specialized-t08.stdout.jsonl,logs/cpu-specialized-t08.stderr.txt,2026-07-14T06:55:03.904092Z,2026-07-14T06:55:04.423670Z,cpu-specialized-t08,e887864a-6c86-4c00-a498-7c4967d22032,resident,fixed,296.091287,61.887038,0.0,264088793,0,0,"{""cpu_scan_ms"":""measured"",""d2h_bytes"":""measured"",""d2h_ms"":""measured"",""dataset_load_ms"":""measured"",""gpu_kernel_ms"":""measured"",""h2d_bytes"":""measured"",""h2d_ms"":""measured"",""host_prepare_ms"":""unavailable"",""load_ms"":""unavailable"",""mapped_remote_read_bytes"":""measured"",""overlap_wall_ms"":""measured"",""plan_build_ms"":""measured"",""query_total_ms"":""measured"",""resident_gpu_bytes"":""measured"",""resident_host_bytes"":""measured"",""resident_pinned_bytes"":""measured"",""session_setup_ms"":""measured"",""throughput_rows_per_second"":""measured"",""tune_ms"":""measured""}",1.0,,6,measured,unavailable,
2,v7-formal-sf1-resident,61ee0dbc-03ff-4be5-867e-3d166445cc9b,ok,,0,cpu-specialized,resident,1,ASIA,1994-01-01,4,False,8,1.0,0.0,0,process_tree,"{""sweep"":""threads""}","[""host_prepare_ms"",""load_ms""]",5,542abf4003633c7c,"[{""nation"":""INDONESIA"",""revenue_1e4"":555020411697},{""nation"":""VIETNAM"",""revenue_1e4"":552950869967},{""nation"":""CHINA"",""revenue_1e4"":537244942566},{""nation"":""INDIA"",""revenue_1e4"":520355120002},{""nation"":""JAPAN"",""revenue_1e4"":454101756954}]",expected_hash_match,,0.0,,0.0,4.700832,0.0,0.0,0.0,4.746289,519.5507630705833,6001215,7243,6001215,0,0,0,0,331653120,,1264401514.5306153,logs/cpu-specialized-t08.stdout.jsonl,logs/cpu-specialized-t08.stderr.txt,2026-07-14T06:55:03.904092Z,2026-07-14T06:55:04.423670Z,cpu-specialized-t08,e887864a-6c86-4c00-a498-7c4967d22032,resident,fixed,296.091287,61.887038,0.0,264088793,0,0,"{""cpu_scan_ms"":""measured"",""d2h_bytes"":""measured"",""d2h_ms"":""measured"",""dataset_load_ms"":""measured"",""gpu_kernel_ms"":""measured"",""h2d_bytes"":""measured"",""h2d_ms"":""measured"",""host_prepare_ms"":""unavailable"",""load_ms"":""unavailable"",""mapped_remote_read_bytes"":""measured"",""overlap_wall_ms"":""measured"",""plan_build_ms"":""measured"",""query_total_ms"":""measured"",""resident_gpu_bytes"":""measured"",""resident_host_bytes"":""measured"",""resident_pinned_bytes"":""measured"",""session_setup_ms"":""measured"",""throughput_rows_per_second"":""measured"",""tune_ms"":""measured""}",1.0,,7,measured,unavailable,
2,v7-formal-sf1-resident,c9515334-9588-48fa-9fe1-7c181edcf98b,ok,,0,cpu-specialized,resident,1,ASIA,1994-01-01,5,False,8,1.0,0.0,0,process_tree,"{""sweep"":""threads""}","[""host_prepare_ms"",""load_ms""]",5,542abf4003633c7c,"[{""nation"":""INDONESIA"",""revenue_1e4"":555020411697},{""nation"":""VIETNAM"",""revenue_1e4"":552950869967},{""nation"":""CHINA"",""revenue_1e4"":537244942566},{""nation"":""INDIA"",""revenue_1e4"":520355120002},{""nation"":""JAPAN"",""revenue_1e4"":454101756954}]",expected_hash_match,,0.0,,0.0,4.751948,0.0,0.0,0.0,4.798808,519.5507630705833,6001215,7243,6001215,0,0,0,0,331653120,,1250563681.647609,logs/cpu-specialized-t08.stdout.jsonl,logs/cpu-specialized-t08.stderr.txt,2026-07-14T06:55:03.904092Z,2026-07-14T06:55:04.423670Z,cpu-specialized-t08,e887864a-6c86-4c00-a498-7c4967d22032,resident,fixed,296.091287,61.887038,0.0,264088793,0,0,"{""cpu_scan_ms"":""measured"",""d2h_bytes"":""measured"",""d2h_ms"":""measured"",""dataset_load_ms"":""measured"",""gpu_kernel_ms"":""measured"",""h2d_bytes"":""measured"",""h2d_ms"":""measured"",""host_prepare_ms"":""unavailable"",""load_ms"":""unavailable"",""mapped_remote_read_bytes"":""measured"",""overlap_wall_ms"":""measured"",""plan_build_ms"":""measured"",""query_total_ms"":""measured"",""resident_gpu_bytes"":""measured"",""resident_host_bytes"":""measured"",""resident_pinned_bytes"":""measured"",""session_setup_ms"":""measured"",""throughput_rows_per_second"":""measured"",""tune_ms"":""measured""}",1.0,,8,measured,unavailable,
2,v7-formal-sf1-resident,6a46baa9-9074-411c-a156-82500d0e0e37,ok,,0,cpu-specialized,resident,1,ASIA,1994-01-01,6,False,8,1.0,0.0,0,process_tree,"{""sweep"":""threads""}","[""host_prepare_ms"",""load_ms""]",5,542abf4003633c7c,"[{""nation"":""INDONESIA"",""revenue_1e4"":555020411697},{""nation"":""VIETNAM"",""revenue_1e4"":552950869967},{""nation"":""CHINA"",""revenue_1e4"":537244942566},{""nation"":""INDIA"",""revenue_1e4"":520355120002},{""nation"":""JAPAN"",""revenue_1e4"":454101756954}]",expected_hash_match,,0.0,,0.0,4.876793,0.0,0.0,0.0,4.922611,519.5507630705833,6001215,7243,6001215,0,0,0,0,331653120,,1219112174.4131317,logs/cpu-specialized-t08.stdout.jsonl,logs/cpu-specialized-t08.stderr.txt,2026-07-14T06:55:03.904092Z,2026-07-14T06:55:04.423670Z,cpu-specialized-t08,e887864a-6c86-4c00-a498-7c4967d22032,resident,fixed,296.091287,61.887038,0.0,264088793,0,0,"{""cpu_scan_ms"":""measured"",""d2h_bytes"":""measured"",""d2h_ms"":""measured"",""dataset_load_ms"":""measured"",""gpu_kernel_ms"":""measured"",""h2d_bytes"":""measured"",""h2d_ms"":""measured"",""host_prepare_ms"":""unavailable"",""load_ms"":""unavailable"",""mapped_remote_read_bytes"":""measured"",""overlap_wall_ms"":""measured"",""plan_build_ms"":""measured"",""query_total_ms"":""measured"",""resident_gpu_bytes"":""measured"",""resident_host_bytes"":""measured"",""resident_pinned_bytes"":""measured"",""session_setup_ms"":""measured"",""throughput_rows_per_second"":""measured"",""tune_ms"":""measured""}",1.0,,9,measured,unavailable,
2,v7-formal-sf1-resident,a761fa36-bcab-4531-9150-4afae3f20d39,ok,,0,cpu-specialized,resident,1,ASIA,1994-01-01,7,False,8,1.0,0.0,0,process_tree,"{""sweep"":""threads""}","[""host_prepare_ms"",""load_ms""]",5,542abf4003633c7c,"[{""nation"":""INDONESIA"",""revenue_1e4"":555020411697},{""nation"":""VIETNAM"",""revenue_1e4"":552950869967},{""nation"":""CHINA"",""revenue_1e4"":537244942566},{""nation"":""INDIA"",""revenue_1e4"":520355120002},{""nation"":""JAPAN"",""revenue_1e4"":454101756954}]",expected_hash_match,,0.0,,0.0,4.781973,0.0,0.0,0.0,4.829974,519.5507630705833,6001215,7243,6001215,0,0,0,0,331653120,,1242494266.0146825,logs/cpu-specialized-t08.stdout.jsonl,logs/cpu-specialized-t08.stderr.txt,2026-07-14T06:55:03.904092Z,2026-07-14T06:55:04.423670Z,cpu-specialized-t08,e887864a-6c86-4c00-a498-7c4967d22032,resident,fixed,296.091287,61.887038,0.0,264088793,0,0,"{""cpu_scan_ms"":""measured"",""d2h_bytes"":""measured"",""d2h_ms"":""measured"",""dataset_load_ms"":""measured"",""gpu_kernel_ms"":""measured"",""h2d_bytes"":""measured"",""h2d_ms"":""measured"",""host_prepare_ms"":""unavailable"",""load_ms"":""unavailable"",""mapped_remote_read_bytes"":""measured"",""overlap_wall_ms"":""measured"",""plan_build_ms"":""measured"",""query_total_ms"":""measured"",""resident_gpu_bytes"":""measured"",""resident_host_bytes"":""measured"",""resident_pinned_bytes"":""measured"",""session_setup_ms"":""measured"",""throughput_rows_per_second"":""measured"",""tune_ms"":""measured""}",1.0,,10,measured,unavailable,
2,v7-formal-sf1-resident,94ca75ec-7664-4711-aaea-308b244856b7,ok,,0,cpu-specialized,resident,1,ASIA,1994-01-01,8,False,8,1.0,0.0,0,process_tree,"{""sweep"":""threads""}","[""host_prepare_ms"",""load_ms""]",5,542abf4003633c7c,"[{""nation"":""INDONESIA"",""revenue_1e4"":555020411697},{""nation"":""VIETNAM"",""revenue_1e4"":552950869967},{""nation"":""CHINA"",""revenue_1e4"":537244942566},{""nation"":""INDIA"",""revenue_1e4"":520355120002},{""nation"":""JAPAN"",""revenue_1e4"":454101756954}]",expected_hash_match,,0.0,,0.0,4.928329,0.0,0.0,0.0,4.97584,519.5507630705833,6001215,7243,6001215,0,0,0,0,331653120,,1206070733.7856524,logs/cpu-specialized-t08.stdout.jsonl,logs/cpu-specialized-t08.stderr.txt,2026-07-14T06:55:03.904092Z,2026-07-14T06:55:04.423670Z,cpu-specialized-t08,e887864a-6c86-4c00-a498-7c4967d22032,resident,fixed,296.091287,61.887038,0.0,264088793,0,0,"{""cpu_scan_ms"":""measured"",""d2h_bytes"":""measured"",""d2h_ms"":""measured"",""dataset_load_ms"":""measured"",""gpu_kernel_ms"":""measured"",""h2d_bytes"":""measured"",""h2d_ms"":""measured"",""host_prepare_ms"":""unavailable"",""load_ms"":""unavailable"",""mapped_remote_read_bytes"":""measured"",""overlap_wall_ms"":""measured"",""plan_build_ms"":""measured"",""query_total_ms"":""measured"",""resident_gpu_bytes"":""measured"",""resident_host_bytes"":""measured"",""resident_pinned_bytes"":""measured"",""session_setup_ms"":""measured"",""throughput_rows_per_second"":""measured"",""tune_ms"":""measured""}",1.0,,11,measured,unavailable,
2,v7-formal-sf1-resident,0331df47-b9cc-45ab-8cb9-769966e421a3,ok,,0,cpu-specialized,resident,1,ASIA,1994-01-01,9,False,8,1.0,0.0,0,process_tree,"{""sweep"":""threads""}","[""host_prepare_ms"",""load_ms""]",5,542abf4003633c7c,"[{""nation"":""INDONESIA"",""revenue_1e4"":555020411697},{""nation"":""VIETNAM"",""revenue_1e4"":552950869967},{""nation"":""CHINA"",""revenue_1e4"":537244942566},{""nation"":""INDIA"",""revenue_1e4"":520355120002},{""nation"":""JAPAN"",""revenue_1e4"":454101756954}]",expected_hash_match,,0.0,,0.0,4.930483,0.0,0.0,0.0,4.976521,519.5507630705833,6001215,7243,6001215,0,0,0,0,331653120,,1205905691.9482505,logs/cpu-specialized-t08.stdout.jsonl,logs/cpu-specialized-t08.stderr.txt,2026-07-14T06:55:03.904092Z,2026-07-14T06:55:04.423670Z,cpu-specialized-t08,e887864a-6c86-4c00-a498-7c4967d22032,resident,fixed,296.091287,61.887038,0.0,264088793,0,0,"{""cpu_scan_ms"":""measured"",""d2h_bytes"":""measured"",""d2h_ms"":""measured"",""dataset_load_ms"":""measured"",""gpu_kernel_ms"":""measured"",""h2d_bytes"":""measured"",""h2d_ms"":""measured"",""host_prepare_ms"":""unavailable"",""load_ms"":""unavailable"",""mapped_remote_read_bytes"":""measured"",""overlap_wall_ms"":""measured"",""plan_build_ms"":""measured"",""query_total_ms"":""measured"",""resident_gpu_bytes"":""measured"",""resident_host_bytes"":""measured"",""resident_pinned_bytes"":""measured"",""session_setup_ms"":""measured"",""throughput_rows_per_second"":""measured"",""tune_ms"":""measured""}",1.0,,12,measured,unavailable,
2,v7-formal-sf1-resident,34cc306a-c205-46ec-b7da-2d0bf9feec94,ok,,0,cpu-specialized,resident,1,ASIA,1994-01-01,0,False,16,1.0,0.0,0,process_tree,"{""sweep"":""threads""}","[""host_prepare_ms"",""load_ms""]",5,542abf4003633c7c,"[{""nation"":""INDONESIA"",""revenue_1e4"":555020411697},{""nation"":""VIETNAM"",""revenue_1e4"":552950869967},{""nation"":""CHINA"",""revenue_1e4"":537244942566},{""nation"":""INDIA"",""revenue_1e4"":520355120002},{""nation"":""JAPAN"",""revenue_1e4"":454101756954}]",expected_hash_match,,0.0,,0.0,3.151307,0.0,0.0,0.0,3.205257,567.1475478447974,6001215,7243,6001215,0,0,0,0,340070400,,1872303843.342359,logs/cpu-specialized-t16.stdout.jsonl,logs/cpu-specialized-t16.stderr.txt,2026-07-14T06:55:04.426627Z,2026-07-14T06:55:04.993787Z,cpu-specialized-t16,ed28287c-66d6-49bd-99be-c5bf1967fb29,resident,fixed,297.171057,61.268943,0.0,264088793,0,0,"{""cpu_scan_ms"":""measured"",""d2h_bytes"":""measured"",""d2h_ms"":""measured"",""dataset_load_ms"":""measured"",""gpu_kernel_ms"":""measured"",""h2d_bytes"":""measured"",""h2d_ms"":""measured"",""host_prepare_ms"":""unavailable"",""load_ms"":""unavailable"",""mapped_remote_read_bytes"":""measured"",""overlap_wall_ms"":""measured"",""plan_build_ms"":""measured"",""query_total_ms"":""measured"",""resident_gpu_bytes"":""measured"",""resident_host_bytes"":""measured"",""resident_pinned_bytes"":""measured"",""session_setup_ms"":""measured"",""throughput_rows_per_second"":""measured"",""tune_ms"":""measured""}",1.0,,3,measured,unavailable,
2,v7-formal-sf1-resident,8fa3ed57-d724-4f31-a508-70597ae293d3,ok,,0,cpu-specialized,resident,1,ASIA,1994-01-01,1,False,16,1.0,0.0,0,process_tree,"{""sweep"":""threads""}","[""host_prepare_ms"",""load_ms""]",5,542abf4003633c7c,"[{""nation"":""INDONESIA"",""revenue_1e4"":555020411697},{""nation"":""VIETNAM"",""revenue_1e4"":552950869967},{""nation"":""CHINA"",""revenue_1e4"":537244942566},{""nation"":""INDIA"",""revenue_1e4"":520355120002},{""nation"":""JAPAN"",""revenue_1e4"":454101756954}]",expected_hash_match,,0.0,,0.0,3.97054,0.0,0.0,0.0,4.024932,567.1475478447974,6001215,7243,6001215,0,0,0,0,340070400,,1491010282.906643,logs/cpu-specialized-t16.stdout.jsonl,logs/cpu-specialized-t16.stderr.txt,2026-07-14T06:55:04.426627Z,2026-07-14T06:55:04.993787Z,cpu-specialized-t16,ed28287c-66d6-49bd-99be-c5bf1967fb29,resident,fixed,297.171057,61.268943,0.0,264088793,0,0,"{""cpu_scan_ms"":""measured"",""d2h_bytes"":""measured"",""d2h_ms"":""measured"",""dataset_load_ms"":""measured"",""gpu_kernel_ms"":""measured"",""h2d_bytes"":""measured"",""h2d_ms"":""measured"",""host_prepare_ms"":""unavailable"",""load_ms"":""unavailable"",""mapped_remote_read_bytes"":""measured"",""overlap_wall_ms"":""measured"",""plan_build_ms"":""measured"",""query_total_ms"":""measured"",""resident_gpu_bytes"":""measured"",""resident_host_bytes"":""measured"",""resident_pinned_bytes"":""measured"",""session_setup_ms"":""measured"",""throughput_rows_per_second"":""measured"",""tune_ms"":""measured""}",1.0,,4,measured,unavailable,
2,v7-formal-sf1-resident,f3edb28e-8b1a-461f-a7dd-8e6074d5485b,ok,,0,cpu-specialized,resident,1,ASIA,1994-01-01,2,False,16,1.0,0.0,0,process_tree,"{""sweep"":""threads""}","[""host_prepare_ms"",""load_ms""]",5,542abf4003633c7c,"[{""nation"":""INDONESIA"",""revenue_1e4"":555020411697},{""nation"":""VIETNAM"",""revenue_1e4"":552950869967},{""nation"":""CHINA"",""revenue_1e4"":537244942566},{""nation"":""INDIA"",""revenue_1e4"":520355120002},{""nation"":""JAPAN"",""revenue_1e4"":454101756954}]",expected_hash_match,,0.0,,0.0,3.174892,0.0,0.0,0.0,3.229633,567.1475478447974,6001215,7243,6001215,0,0,0,0,340070400,,1858172430.1182208,logs/cpu-specialized-t16.stdout.jsonl,logs/cpu-specialized-t16.stderr.txt,2026-07-14T06:55:04.426627Z,2026-07-14T06:55:04.993787Z,cpu-specialized-t16,ed28287c-66d6-49bd-99be-c5bf1967fb29,resident,fixed,297.171057,61.268943,0.0,264088793,0,0,"{""cpu_scan_ms"":""measured"",""d2h_bytes"":""measured"",""d2h_ms"":""measured"",""dataset_load_ms"":""measured"",""gpu_kernel_ms"":""measured"",""h2d_bytes"":""measured"",""h2d_ms"":""measured"",""host_prepare_ms"":""unavailable"",""load_ms"":""unavailable"",""mapped_remote_read_bytes"":""measured"",""overlap_wall_ms"":""measured"",""plan_build_ms"":""measured"",""query_total_ms"":""measured"",""resident_gpu_bytes"":""measured"",""resident_host_bytes"":""measured"",""resident_pinned_bytes"":""measured"",""session_setup_ms"":""measured"",""throughput_rows_per_second"":""measured"",""tune_ms"":""measured""}",1.0,,5,measured,unavailable,
2,v7-formal-sf1-resident,d163df64-6f5a-45af-b58b-8224b12b921e,ok,,0,cpu-specialized,resident,1,ASIA,1994-01-01,3,False,16,1.0,0.0,0,process_tree,"{""sweep"":""threads""}","[""host_prepare_ms"",""load_ms""]",5,542abf4003633c7c,"[{""nation"":""INDONESIA"",""revenue_1e4"":555020411697},{""nation"":""VIETNAM"",""revenue_1e4"":552950869967},{""nation"":""CHINA"",""revenue_1e4"":537244942566},{""nation"":""INDIA"",""revenue_1e4"":520355120002},{""nation"":""JAPAN"",""revenue_1e4"":454101756954}]",expected_hash_match,,0.0,,0.0,3.161813,0.0,0.0,0.0,3.218166,567.1475478447974,6001215,7243,6001215,0,0,0,0,340070400,,1864793487.9679916,logs/cpu-specialized-t16.stdout.jsonl,logs/cpu-specialized-t16.stderr.txt,2026-07-14T06:55:04.426627Z,2026-07-14T06:55:04.993787Z,cpu-specialized-t16,ed28287c-66d6-49bd-99be-c5bf1967fb29,resident,fixed,297.171057,61.268943,0.0,264088793,0,0,"{""cpu_scan_ms"":""measured"",""d2h_bytes"":""measured"",""d2h_ms"":""measured"",""dataset_load_ms"":""measured"",""gpu_kernel_ms"":""measured"",""h2d_bytes"":""measured"",""h2d_ms"":""measured"",""host_prepare_ms"":""unavailable"",""load_ms"":""unavailable"",""mapped_remote_read_bytes"":""measured"",""overlap_wall_ms"":""measured"",""plan_build_ms"":""measured"",""query_total_ms"":""measured"",""resident_gpu_bytes"":""measured"",""resident_host_bytes"":""measured"",""resident_pinned_bytes"":""measured"",""session_setup_ms"":""measured"",""throughput_rows_per_second"":""measured"",""tune_ms"":""measured""}",1.0,,6,measured,unavailable,
2,v7-formal-sf1-resident,583ebe3f-ac67-4bb9-9e75-3321f0fe990c,ok,,0,cpu-specialized,resident,1,ASIA,1994-01-01,4,False,16,1.0,0.0,0,process_tree,"{""sweep"":""threads""}","[""host_prepare_ms"",""load_ms""]",5,542abf4003633c7c,"[{""nation"":""INDONESIA"",""revenue_1e4"":555020411697},{""nation"":""VIETNAM"",""revenue_1e4"":552950869967},{""nation"":""CHINA"",""revenue_1e4"":537244942566},{""nation"":""INDIA"",""revenue_1e4"":520355120002},{""nation"":""JAPAN"",""revenue_1e4"":454101756954}]",expected_hash_match,,0.0,,0.0,3.135544,0.0,0.0,0.0,3.190035,567.1475478447974,6001215,7243,6001215,0,0,0,0,340070400,,1881237980.1475532,logs/cpu-specialized-t16.stdout.jsonl,logs/cpu-specialized-t16.stderr.txt,2026-07-14T06:55:04.426627Z,2026-07-14T06:55:04.993787Z,cpu-specialized-t16,ed28287c-66d6-49bd-99be-c5bf1967fb29,resident,fixed,297.171057,61.268943,0.0,264088793,0,0,"{""cpu_scan_ms"":""measured"",""d2h_bytes"":""measured"",""d2h_ms"":""measured"",""dataset_load_ms"":""measured"",""gpu_kernel_ms"":""measured"",""h2d_bytes"":""measured"",""h2d_ms"":""measured"",""host_prepare_ms"":""unavailable"",""load_ms"":""unavailable"",""mapped_remote_read_bytes"":""measured"",""overlap_wall_ms"":""measured"",""plan_build_ms"":""measured"",""query_total_ms"":""measured"",""resident_gpu_bytes"":""measured"",""resident_host_bytes"":""measured"",""resident_pinned_bytes"":""measured"",""session_setup_ms"":""measured"",""throughput_rows_per_second"":""measured"",""tune_ms"":""measured""}",1.0,,7,measured,unavailable,
2,v7-formal-sf1-resident,863a312d-d276-4a85-ac84-16a109504fd2,ok,,0,cpu-specialized,resident,1,ASIA,1994-01-01,5,False,16,1.0,0.0,0,process_tree,"{""sweep"":""threads""}","[""host_prepare_ms"",""load_ms""]",5,542abf4003633c7c,"[{""nation"":""INDONESIA"",""revenue_1e4"":555020411697},{""nation"":""VIETNAM"",""revenue_1e4"":552950869967},{""nation"":""CHINA"",""revenue_1e4"":537244942566},{""nation"":""INDIA"",""revenue_1e4"":520355120002},{""nation"":""JAPAN"",""revenue_1e4"":454101756954}]",expected_hash_match,,0.0,,0.0,3.057759,0.0,0.0,0.0,3.111258,567.1475478447974,6001215,7243,6001215,0,0,0,0,340070400,,1928870894.0242178,logs/cpu-specialized-t16.stdout.jsonl,logs/cpu-specialized-t16.stderr.txt,2026-07-14T06:55:04.426627Z,2026-07-14T06:55:04.993787Z,cpu-specialized-t16,ed28287c-66d6-49bd-99be-c5bf1967fb29,resident,fixed,297.171057,61.268943,0.0,264088793,0,0,"{""cpu_scan_ms"":""measured"",""d2h_bytes"":""measured"",""d2h_ms"":""measured"",""dataset_load_ms"":""measured"",""gpu_kernel_ms"":""measured"",""h2d_bytes"":""measured"",""h2d_ms"":""measured"",""host_prepare_ms"":""unavailable"",""load_ms"":""unavailable"",""mapped_remote_read_bytes"":""measured"",""overlap_wall_ms"":""measured"",""plan_build_ms"":""measured"",""query_total_ms"":""measured"",""resident_gpu_bytes"":""measured"",""resident_host_bytes"":""measured"",""resident_pinned_bytes"":""measured"",""session_setup_ms"":""measured"",""throughput_rows_per_second"":""measured"",""tune_ms"":""measured""}",1.0,,8,measured,unavailable,
2,v7-formal-sf1-resident,fcdb1809-ff66-4e19-a907-75e743ab9b59,ok,,0,cpu-specialized,resident,1,ASIA,1994-01-01,6,False,16,1.0,0.0,0,process_tree,"{""sweep"":""threads""}","[""host_prepare_ms"",""load_ms""]",5,542abf4003633c7c,"[{""nation"":""INDONESIA"",""revenue_1e4"":555020411697},{""nation"":""VIETNAM"",""revenue_1e4"":552950869967},{""nation"":""CHINA"",""revenue_1e4"":537244942566},{""nation"":""INDIA"",""revenue_1e4"":520355120002},{""nation"":""JAPAN"",""revenue_1e4"":454101756954}]",expected_hash_match,,0.0,,0.0,3.14011,0.0,0.0,0.0,3.195964,567.1475478447974,6001215,7243,6001215,0,0,0,0,340070400,,1877747997.1614199,logs/cpu-specialized-t16.stdout.jsonl,logs/cpu-specialized-t16.stderr.txt,2026-07-14T06:55:04.426627Z,2026-07-14T06:55:04.993787Z,cpu-specialized-t16,ed28287c-66d6-49bd-99be-c5bf1967fb29,resident,fixed,297.171057,61.268943,0.0,264088793,0,0,"{""cpu_scan_ms"":""measured"",""d2h_bytes"":""measured"",""d2h_ms"":""measured"",""dataset_load_ms"":""measured"",""gpu_kernel_ms"":""measured"",""h2d_bytes"":""measured"",""h2d_ms"":""measured"",""host_prepare_ms"":""unavailable"",""load_ms"":""unavailable"",""mapped_remote_read_bytes"":""measured"",""overlap_wall_ms"":""measured"",""plan_build_ms"":""measured"",""query_total_ms"":""measured"",""resident_gpu_bytes"":""measured"",""resident_host_bytes"":""measured"",""resident_pinned_bytes"":""measured"",""session_setup_ms"":""measured"",""throughput_rows_per_second"":""measured"",""tune_ms"":""measured""}",1.0,,9,measured,unavailable,
2,v7-formal-sf1-resident,d882b59c-1c5c-40d1-bbec-8c49cd8b462d,ok,,0,cpu-specialized,resident,1,ASIA,1994-01-01,7,False,16,1.0,0.0,0,process_tree,"{""sweep"":""threads""}","[""host_prepare_ms"",""load_ms""]",5,542abf4003633c7c,"[{""nation"":""INDONESIA"",""revenue_1e4"":555020411697},{""nation"":""VIETNAM"",""revenue_1e4"":552950869967},{""nation"":""CHINA"",""revenue_1e4"":537244942566},{""nation"":""INDIA"",""revenue_1e4"":520355120002},{""nation"":""JAPAN"",""revenue_1e4"":454101756954}]",expected_hash_match,,0.0,,0.0,3.128083,0.0,0.0,0.0,3.185688,567.1475478447974,6001215,7243,6001215,0,0,0,0,340070400,,1883805005.3865917,logs/cpu-specialized-t16.stdout.jsonl,logs/cpu-specialized-t16.stderr.txt,2026-07-14T06:55:04.426627Z,2026-07-14T06:55:04.993787Z,cpu-specialized-t16,ed28287c-66d6-49bd-99be-c5bf1967fb29,resident,fixed,297.171057,61.268943,0.0,264088793,0,0,"{""cpu_scan_ms"":""measured"",""d2h_bytes"":""measured"",""d2h_ms"":""measured"",""dataset_load_ms"":""measured"",""gpu_kernel_ms"":""measured"",""h2d_bytes"":""measured"",""h2d_ms"":""measured"",""host_prepare_ms"":""unavailable"",""load_ms"":""unavailable"",""mapped_remote_read_bytes"":""measured"",""overlap_wall_ms"":""measured"",""plan_build_ms"":""measured"",""query_total_ms"":""measured"",""resident_gpu_bytes"":""measured"",""resident_host_bytes"":""measured"",""resident_pinned_bytes"":""measured"",""session_setup_ms"":""measured"",""throughput_rows_per_second"":""measured"",""tune_ms"":""measured""}",1.0,,10,measured,unavailable,
2,v7-formal-sf1-resident,424e5252-77d2-4f01-ab2d-f169acabe243,ok,,0,cpu-specialized,resident,1,ASIA,1994-01-01,8,False,16,1.0,0.0,0,process_tree,"{""sweep"":""threads""}","[""host_prepare_ms"",""load_ms""]",5,542abf4003633c7c,"[{""nation"":""INDONESIA"",""revenue_1e4"":555020411697},{""nation"":""VIETNAM"",""revenue_1e4"":552950869967},{""nation"":""CHINA"",""revenue_1e4"":537244942566},{""nation"":""INDIA"",""revenue_1e4"":520355120002},{""nation"":""JAPAN"",""revenue_1e4"":454101756954}]",expected_hash_match,,0.0,,0.0,3.316222,0.0,0.0,0.0,3.372545,567.1475478447974,6001215,7243,6001215,0,0,0,0,340070400,,1779432149.9045973,logs/cpu-specialized-t16.stdout.jsonl,logs/cpu-specialized-t16.stderr.txt,2026-07-14T06:55:04.426627Z,2026-07-14T06:55:04.993787Z,cpu-specialized-t16,ed28287c-66d6-49bd-99be-c5bf1967fb29,resident,fixed,297.171057,61.268943,0.0,264088793,0,0,"{""cpu_scan_ms"":""measured"",""d2h_bytes"":""measured"",""d2h_ms"":""measured"",""dataset_load_ms"":""measured"",""gpu_kernel_ms"":""measured"",""h2d_bytes"":""measured"",""h2d_ms"":""measured"",""host_prepare_ms"":""unavailable"",""load_ms"":""unavailable"",""mapped_remote_read_bytes"":""measured"",""overlap_wall_ms"":""measured"",""plan_build_ms"":""measured"",""query_total_ms"":""measured"",""resident_gpu_bytes"":""measured"",""resident_host_bytes"":""measured"",""resident_pinned_bytes"":""measured"",""session_setup_ms"":""measured"",""throughput_rows_per_second"":""measured"",""tune_ms"":""measured""}",1.0,,11,measured,unavailable,
2,v7-formal-sf1-resident,64cf0d26-ac48-4830-a861-c6550a282925,ok,,0,cpu-specialized,resident,1,ASIA,1994-01-01,9,False,16,1.0,0.0,0,process_tree,"{""sweep"":""threads""}","[""host_prepare_ms"",""load_ms""]",5,542abf4003633c7c,"[{""nation"":""INDONESIA"",""revenue_1e4"":555020411697},{""nation"":""VIETNAM"",""revenue_1e4"":552950869967},{""nation"":""CHINA"",""revenue_1e4"":537244942566},{""nation"":""INDIA"",""revenue_1e4"":520355120002},{""nation"":""JAPAN"",""revenue_1e4"":454101756954}]",expected_hash_match,,0.0,,0.0,3.118408,0.0,0.0,0.0,3.174742,567.1475478447974,6001215,7243,6001215,0,0,0,0,340070400,,1890300062.1782808,logs/cpu-specialized-t16.stdout.jsonl,logs/cpu-specialized-t16.stderr.txt,2026-07-14T06:55:04.426627Z,2026-07-14T06:55:04.993787Z,cpu-specialized-t16,ed28287c-66d6-49bd-99be-c5bf1967fb29,resident,fixed,297.171057,61.268943,0.0,264088793,0,0,"{""cpu_scan_ms"":""measured"",""d2h_bytes"":""measured"",""d2h_ms"":""measured"",""dataset_load_ms"":""measured"",""gpu_kernel_ms"":""measured"",""h2d_bytes"":""measured"",""h2d_ms"":""measured"",""host_prepare_ms"":""unavailable"",""load_ms"":""unavailable"",""mapped_remote_read_bytes"":""measured"",""overlap_wall_ms"":""measured"",""plan_build_ms"":""measured"",""query_total_ms"":""measured"",""resident_gpu_bytes"":""measured"",""resident_host_bytes"":""measured"",""resident_pinned_bytes"":""measured"",""session_setup_ms"":""measured"",""throughput_rows_per_second"":""measured"",""tune_ms"":""measured""}",1.0,,12,measured,unavailable,
2,v7-formal-sf1-resident,b1fdf17c-4bef-401d-8c1c-c0606985e6ea,ok,,0,cpu-specialized,resident,1,ASIA,1994-01-01,0,False,32,1.0,0.0,0,process_tree,"{""sweep"":""threads""}","[""host_prepare_ms"",""load_ms""]",5,542abf4003633c7c,"[{""nation"":""INDONESIA"",""revenue_1e4"":555020411697},{""nation"":""VIETNAM"",""revenue_1e4"":552950869967},{""nation"":""CHINA"",""revenue_1e4"":537244942566},{""nation"":""INDIA"",""revenue_1e4"":520355120002},{""nation"":""JAPAN"",""revenue_1e4"":454101756954}]",expected_hash_match,,0.0,,0.0,3.278766,0.0,0.0,0.0,3.351374,575.3142200410366,6001215,7243,6001215,0,0,0,0,340123648,,1790673019.483949,logs/cpu-specialized-t32.stdout.jsonl,logs/cpu-specialized-t32.stderr.txt,2026-07-14T06:55:04.996651Z,2026-07-14T06:55:05.571976Z,cpu-specialized-t32,7550aa85-e90d-44ef-a492-b066c4506c73,resident,fixed,297.591434,63.772432,0.0,264088793,0,0,"{""cpu_scan_ms"":""measured"",""d2h_bytes"":""measured"",""d2h_ms"":""measured"",""dataset_load_ms"":""measured"",""gpu_kernel_ms"":""measured"",""h2d_bytes"":""measured"",""h2d_ms"":""measured"",""host_prepare_ms"":""unavailable"",""load_ms"":""unavailable"",""mapped_remote_read_bytes"":""measured"",""overlap_wall_ms"":""measured"",""plan_build_ms"":""measured"",""query_total_ms"":""measured"",""resident_gpu_bytes"":""measured"",""resident_host_bytes"":""measured"",""resident_pinned_bytes"":""measured"",""session_setup_ms"":""measured"",""throughput_rows_per_second"":""measured"",""tune_ms"":""measured""}",1.0,,3,measured,unavailable,
2,v7-formal-sf1-resident,352cf2ab-e9f6-4c4a-ace4-8ac242c40fdd,ok,,0,cpu-specialized,resident,1,ASIA,1994-01-01,1,False,32,1.0,0.0,0,process_tree,"{""sweep"":""threads""}","[""host_prepare_ms"",""load_ms""]",5,542abf4003633c7c,"[{""nation"":""INDONESIA"",""revenue_1e4"":555020411697},{""nation"":""VIETNAM"",""revenue_1e4"":552950869967},{""nation"":""CHINA"",""revenue_1e4"":537244942566},{""nation"":""INDIA"",""revenue_1e4"":520355120002},{""nation"":""JAPAN"",""revenue_1e4"":454101756954}]",expected_hash_match,,0.0,,0.0,3.290644,0.0,0.0,0.0,3.361359,575.3142200410366,6001215,7243,6001215,0,0,0,0,340123648,,1785353781.015357,logs/cpu-specialized-t32.stdout.jsonl,logs/cpu-specialized-t32.stderr.txt,2026-07-14T06:55:04.996651Z,2026-07-14T06:55:05.571976Z,cpu-specialized-t32,7550aa85-e90d-44ef-a492-b066c4506c73,resident,fixed,297.591434,63.772432,0.0,264088793,0,0,"{""cpu_scan_ms"":""measured"",""d2h_bytes"":""measured"",""d2h_ms"":""measured"",""dataset_load_ms"":""measured"",""gpu_kernel_ms"":""measured"",""h2d_bytes"":""measured"",""h2d_ms"":""measured"",""host_prepare_ms"":""unavailable"",""load_ms"":""unavailable"",""mapped_remote_read_bytes"":""measured"",""overlap_wall_ms"":""measured"",""plan_build_ms"":""measured"",""query_total_ms"":""measured"",""resident_gpu_bytes"":""measured"",""resident_host_bytes"":""measured"",""resident_pinned_bytes"":""measured"",""session_setup_ms"":""measured"",""throughput_rows_per_second"":""measured"",""tune_ms"":""measured""}",1.0,,4,measured,unavailable,
2,v7-formal-sf1-resident,19c1b3fb-e959-47e3-b854-2746d3990d04,ok,,0,cpu-specialized,resident,1,ASIA,1994-01-01,2,False,32,1.0,0.0,0,process_tree,"{""sweep"":""threads""}","[""host_prepare_ms"",""load_ms""]",5,542abf4003633c7c,"[{""nation"":""INDONESIA"",""revenue_1e4"":555020411697},{""nation"":""VIETNAM"",""revenue_1e4"":552950869967},{""nation"":""CHINA"",""revenue_1e4"":537244942566},{""nation"":""INDIA"",""revenue_1e4"":520355120002},{""nation"":""JAPAN"",""revenue_1e4"":454101756954}]",expected_hash_match,,0.0,,0.0,3.249202,0.0,0.0,0.0,3.324784,575.3142200410366,6001215,7243,6001215,0,0,0,0,340123648,,1804993948.479059,logs/cpu-specialized-t32.stdout.jsonl,logs/cpu-specialized-t32.stderr.txt,2026-07-14T06:55:04.996651Z,2026-07-14T06:55:05.571976Z,cpu-specialized-t32,7550aa85-e90d-44ef-a492-b066c4506c73,resident,fixed,297.591434,63.772432,0.0,264088793,0,0,"{""cpu_scan_ms"":""measured"",""d2h_bytes"":""measured"",""d2h_ms"":""measured"",""dataset_load_ms"":""measured"",""gpu_kernel_ms"":""measured"",""h2d_bytes"":""measured"",""h2d_ms"":""measured"",""host_prepare_ms"":""unavailable"",""load_ms"":""unavailable"",""mapped_remote_read_bytes"":""measured"",""overlap_wall_ms"":""measured"",""plan_build_ms"":""measured"",""query_total_ms"":""measured"",""resident_gpu_bytes"":""measured"",""resident_host_bytes"":""measured"",""resident_pinned_bytes"":""measured"",""session_setup_ms"":""measured"",""throughput_rows_per_second"":""measured"",""tune_ms"":""measured""}",1.0,,5,measured,unavailable,
2,v7-formal-sf1-resident,70b316b5-8d65-4ff6-bec5-6eeb428167ed,ok,,0,cpu-specialized,resident,1,ASIA,1994-01-01,3,False,32,1.0,0.0,0,process_tree,"{""sweep"":""threads""}","[""host_prepare_ms"",""load_ms""]",5,542abf4003633c7c,"[{""nation"":""INDONESIA"",""revenue_1e4"":555020411697},{""nation"":""VIETNAM"",""revenue_1e4"":552950869967},{""nation"":""CHINA"",""revenue_1e4"":537244942566},{""nation"":""INDIA"",""revenue_1e4"":520355120002},{""nation"":""JAPAN"",""revenue_1e4"":454101756954}]",expected_hash_match,,0.0,,0.0,3.229794,0.0,0.0,0.0,3.303553,575.3142200410366,6001215,7243,6001215,0,0,0,0,340123648,,1816594133.6494374,logs/cpu-specialized-t32.stdout.jsonl,logs/cpu-specialized-t32.stderr.txt,2026-07-14T06:55:04.996651Z,2026-07-14T06:55:05.571976Z,cpu-specialized-t32,7550aa85-e90d-44ef-a492-b066c4506c73,resident,fixed,297.591434,63.772432,0.0,264088793,0,0,"{""cpu_scan_ms"":""measured"",""d2h_bytes"":""measured"",""d2h_ms"":""measured"",""dataset_load_ms"":""measured"",""gpu_kernel_ms"":""measured"",""h2d_bytes"":""measured"",""h2d_ms"":""measured"",""host_prepare_ms"":""unavailable"",""load_ms"":""unavailable"",""mapped_remote_read_bytes"":""measured"",""overlap_wall_ms"":""measured"",""plan_build_ms"":""measured"",""query_total_ms"":""measured"",""resident_gpu_bytes"":""measured"",""resident_host_bytes"":""measured"",""resident_pinned_bytes"":""measured"",""session_setup_ms"":""measured"",""throughput_rows_per_second"":""measured"",""tune_ms"":""measured""}",1.0,,6,measured,unavailable,
2,v7-formal-sf1-resident,149840ab-4982-4625-a96d-4ae1051350bb,ok,,0,cpu-specialized,resident,1,ASIA,1994-01-01,4,False,32,1.0,0.0,0,process_tree,"{""sweep"":""threads""}","[""host_prepare_ms"",""load_ms""]",5,542abf4003633c7c,"[{""nation"":""INDONESIA"",""revenue_1e4"":555020411697},{""nation"":""VIETNAM"",""revenue_1e4"":552950869967},{""nation"":""CHINA"",""revenue_1e4"":537244942566},{""nation"":""INDIA"",""revenue_1e4"":520355120002},{""nation"":""JAPAN"",""revenue_1e4"":454101756954}]",expected_hash_match,,0.0,,0.0,3.213549,0.0,0.0,0.0,3.283894,575.3142200410366,6001215,7243,6001215,0,0,0,0,340123648,,1827469157.0434368,logs/cpu-specialized-t32.stdout.jsonl,logs/cpu-specialized-t32.stderr.txt,2026-07-14T06:55:04.996651Z,2026-07-14T06:55:05.571976Z,cpu-specialized-t32,7550aa85-e90d-44ef-a492-b066c4506c73,resident,fixed,297.591434,63.772432,0.0,264088793,0,0,"{""cpu_scan_ms"":""measured"",""d2h_bytes"":""measured"",""d2h_ms"":""measured"",""dataset_load_ms"":""measured"",""gpu_kernel_ms"":""measured"",""h2d_bytes"":""measured"",""h2d_ms"":""measured"",""host_prepare_ms"":""unavailable"",""load_ms"":""unavailable"",""mapped_remote_read_bytes"":""measured"",""overlap_wall_ms"":""measured"",""plan_build_ms"":""measured"",""query_total_ms"":""measured"",""resident_gpu_bytes"":""measured"",""resident_host_bytes"":""measured"",""resident_pinned_bytes"":""measured"",""session_setup_ms"":""measured"",""throughput_rows_per_second"":""measured"",""tune_ms"":""measured""}",1.0,,7,measured,unavailable,
2,v7-formal-sf1-resident,44b48f9a-9688-4c5d-acba-21bc50dbb883,ok,,0,cpu-specialized,resident,1,ASIA,1994-01-01,5,False,32,1.0,0.0,0,process_tree,"{""sweep"":""threads""}","[""host_prepare_ms"",""load_ms""]",5,542abf4003633c7c,"[{""nation"":""INDONESIA"",""revenue_1e4"":555020411697},{""nation"":""VIETNAM"",""revenue_1e4"":552950869967},{""nation"":""CHINA"",""revenue_1e4"":537244942566},{""nation"":""INDIA"",""revenue_1e4"":520355120002},{""nation"":""JAPAN"",""revenue_1e4"":454101756954}]",expected_hash_match,,0.0,,0.0,3.351384,0.0,0.0,0.0,3.421027,575.3142200410366,6001215,7243,6001215,0,0,0,0,340123648,,1754214450.8067315,logs/cpu-specialized-t32.stdout.jsonl,logs/cpu-specialized-t32.stderr.txt,2026-07-14T06:55:04.996651Z,2026-07-14T06:55:05.571976Z,cpu-specialized-t32,7550aa85-e90d-44ef-a492-b066c4506c73,resident,fixed,297.591434,63.772432,0.0,264088793,0,0,"{""cpu_scan_ms"":""measured"",""d2h_bytes"":""measured"",""d2h_ms"":""measured"",""dataset_load_ms"":""measured"",""gpu_kernel_ms"":""measured"",""h2d_bytes"":""measured"",""h2d_ms"":""measured"",""host_prepare_ms"":""unavailable"",""load_ms"":""unavailable"",""mapped_remote_read_bytes"":""measured"",""overlap_wall_ms"":""measured"",""plan_build_ms"":""measured"",""query_total_ms"":""measured"",""resident_gpu_bytes"":""measured"",""resident_host_bytes"":""measured"",""resident_pinned_bytes"":""measured"",""session_setup_ms"":""measured"",""throughput_rows_per_second"":""measured"",""tune_ms"":""measured""}",1.0,,8,measured,unavailable,
2,v7-formal-sf1-resident,723c5b4f-6555-402d-bb5e-ac10f870f616,ok,,0,cpu-specialized,resident,1,ASIA,1994-01-01,6,False,32,1.0,0.0,0,process_tree,"{""sweep"":""threads""}","[""host_prepare_ms"",""load_ms""]",5,542abf4003633c7c,"[{""nation"":""INDONESIA"",""revenue_1e4"":555020411697},{""nation"":""VIETNAM"",""revenue_1e4"":552950869967},{""nation"":""CHINA"",""revenue_1e4"":537244942566},{""nation"":""INDIA"",""revenue_1e4"":520355120002},{""nation"":""JAPAN"",""revenue_1e4"":454101756954}]",expected_hash_match,,0.0,,0.0,3.113251,0.0,0.0,0.0,3.185168,575.3142200410366,6001215,7243,6001215,0,0,0,0,340123648,,1884112549.1653814,logs/cpu-specialized-t32.stdout.jsonl,logs/cpu-specialized-t32.stderr.txt,2026-07-14T06:55:04.996651Z,2026-07-14T06:55:05.571976Z,cpu-specialized-t32,7550aa85-e90d-44ef-a492-b066c4506c73,resident,fixed,297.591434,63.772432,0.0,264088793,0,0,"{""cpu_scan_ms"":""measured"",""d2h_bytes"":""measured"",""d2h_ms"":""measured"",""dataset_load_ms"":""measured"",""gpu_kernel_ms"":""measured"",""h2d_bytes"":""measured"",""h2d_ms"":""measured"",""host_prepare_ms"":""unavailable"",""load_ms"":""unavailable"",""mapped_remote_read_bytes"":""measured"",""overlap_wall_ms"":""measured"",""plan_build_ms"":""measured"",""query_total_ms"":""measured"",""resident_gpu_bytes"":""measured"",""resident_host_bytes"":""measured"",""resident_pinned_bytes"":""measured"",""session_setup_ms"":""measured"",""throughput_rows_per_second"":""measured"",""tune_ms"":""measured""}",1.0,,9,measured,unavailable,
2,v7-formal-sf1-resident,f8d76a9c-151b-45a3-b879-faf22732a77d,ok,,0,cpu-specialized,resident,1,ASIA,1994-01-01,7,False,32,1.0,0.0,0,process_tree,"{""sweep"":""threads""}","[""host_prepare_ms"",""load_ms""]",5,542abf4003633c7c,"[{""nation"":""INDONESIA"",""revenue_1e4"":555020411697},{""nation"":""VIETNAM"",""revenue_1e4"":552950869967},{""nation"":""CHINA"",""revenue_1e4"":537244942566},{""nation"":""INDIA"",""revenue_1e4"":520355120002},{""nation"":""JAPAN"",""revenue_1e4"":454101756954}]",expected_hash_match,,0.0,,0.0,3.221681,0.0,0.0,0.0,3.289532,575.3142200410366,6001215,7243,6001215,0,0,0,0,340123648,,1824337018.1533422,logs/cpu-specialized-t32.stdout.jsonl,logs/cpu-specialized-t32.stderr.txt,2026-07-14T06:55:04.996651Z,2026-07-14T06:55:05.571976Z,cpu-specialized-t32,7550aa85-e90d-44ef-a492-b066c4506c73,resident,fixed,297.591434,63.772432,0.0,264088793,0,0,"{""cpu_scan_ms"":""measured"",""d2h_bytes"":""measured"",""d2h_ms"":""measured"",""dataset_load_ms"":""measured"",""gpu_kernel_ms"":""measured"",""h2d_bytes"":""measured"",""h2d_ms"":""measured"",""host_prepare_ms"":""unavailable"",""load_ms"":""unavailable"",""mapped_remote_read_bytes"":""measured"",""overlap_wall_ms"":""measured"",""plan_build_ms"":""measured"",""query_total_ms"":""measured"",""resident_gpu_bytes"":""measured"",""resident_host_bytes"":""measured"",""resident_pinned_bytes"":""measured"",""session_setup_ms"":""measured"",""throughput_rows_per_second"":""measured"",""tune_ms"":""measured""}",1.0,,10,measured,unavailable,
2,v7-formal-sf1-resident,4abdd953-2e5b-4b40-965b-09e5bb112846,ok,,0,cpu-specialized,resident,1,ASIA,1994-01-01,8,False,32,1.0,0.0,0,process_tree,"{""sweep"":""threads""}","[""host_prepare_ms"",""load_ms""]",5,542abf4003633c7c,"[{""nation"":""INDONESIA"",""revenue_1e4"":555020411697},{""nation"":""VIETNAM"",""revenue_1e4"":552950869967},{""nation"":""CHINA"",""revenue_1e4"":537244942566},{""nation"":""INDIA"",""revenue_1e4"":520355120002},{""nation"":""JAPAN"",""revenue_1e4"":454101756954}]",expected_hash_match,,0.0,,0.0,3.324214,0.0,0.0,0.0,3.394187,575.3142200410366,6001215,7243,6001215,0,0,0,0,340123648,,1768086142.5725806,logs/cpu-specialized-t32.stdout.jsonl,logs/cpu-specialized-t32.stderr.txt,2026-07-14T06:55:04.996651Z,2026-07-14T06:55:05.571976Z,cpu-specialized-t32,7550aa85-e90d-44ef-a492-b066c4506c73,resident,fixed,297.591434,63.772432,0.0,264088793,0,0,"{""cpu_scan_ms"":""measured"",""d2h_bytes"":""measured"",""d2h_ms"":""measured"",""dataset_load_ms"":""measured"",""gpu_kernel_ms"":""measured"",""h2d_bytes"":""measured"",""h2d_ms"":""measured"",""host_prepare_ms"":""unavailable"",""load_ms"":""unavailable"",""mapped_remote_read_bytes"":""measured"",""overlap_wall_ms"":""measured"",""plan_build_ms"":""measured"",""query_total_ms"":""measured"",""resident_gpu_bytes"":""measured"",""resident_host_bytes"":""measured"",""resident_pinned_bytes"":""measured"",""session_setup_ms"":""measured"",""throughput_rows_per_second"":""measured"",""tune_ms"":""measured""}",1.0,,11,measured,unavailable,
2,v7-formal-sf1-resident,04b99e3d-e08d-47e4-ac98-f87cdc918028,ok,,0,cpu-specialized,resident,1,ASIA,1994-01-01,9,False,32,1.0,0.0,0,process_tree,"{""sweep"":""threads""}","[""host_prepare_ms"",""load_ms""]",5,542abf4003633c7c,"[{""nation"":""INDONESIA"",""revenue_1e4"":555020411697},{""nation"":""VIETNAM"",""revenue_1e4"":552950869967},{""nation"":""CHINA"",""revenue_1e4"":537244942566},{""nation"":""INDIA"",""revenue_1e4"":520355120002},{""nation"":""JAPAN"",""revenue_1e4"":454101756954}]",expected_hash_match,,0.0,,0.0,3.312155,0.0,0.0,0.0,3.384042,575.3142200410366,6001215,7243,6001215,0,0,0,0,340123648,,1773386677.8249207,logs/cpu-specialized-t32.stdout.jsonl,logs/cpu-specialized-t32.stderr.txt,2026-07-14T06:55:04.996651Z,2026-07-14T06:55:05.571976Z,cpu-specialized-t32,7550aa85-e90d-44ef-a492-b066c4506c73,resident,fixed,297.591434,63.772432,0.0,264088793,0,0,"{""cpu_scan_ms"":""measured"",""d2h_bytes"":""measured"",""d2h_ms"":""measured"",""dataset_load_ms"":""measured"",""gpu_kernel_ms"":""measured"",""h2d_bytes"":""measured"",""h2d_ms"":""measured"",""host_prepare_ms"":""unavailable"",""load_ms"":""unavailable"",""mapped_remote_read_bytes"":""measured"",""overlap_wall_ms"":""measured"",""plan_build_ms"":""measured"",""query_total_ms"":""measured"",""resident_gpu_bytes"":""measured"",""resident_host_bytes"":""measured"",""resident_pinned_bytes"":""measured"",""session_setup_ms"":""measured"",""throughput_rows_per_second"":""measured"",""tune_ms"":""measured""}",1.0,,12,measured,unavailable,
2,v7-formal-sf1-resident,de68dc53-baeb-4a12-b714-161357c0ec06,ok,,0,arrow-acero,resident,1,ASIA,1994-01-01,0,False,8,1.0,0.0,0,process_tree,"{""sweep"":""threads""}","[""host_prepare_ms"",""load_ms""]",5,542abf4003633c7c,"[{""nation"":""INDONESIA"",""revenue_1e4"":555020411697},{""nation"":""VIETNAM"",""revenue_1e4"":552950869967},{""nation"":""CHINA"",""revenue_1e4"":537244942566},{""nation"":""INDIA"",""revenue_1e4"":520355120002},{""nation"":""JAPAN"",""revenue_1e4"":454101756954}]",expected_hash_match,,285.342398,,0.0,26.689029,0.0,0.0,0.0,312.037736,4659.203059971333,6001215,7243,6001215,0,0,0,0,636538880,,19232337.334994636,logs/arrow-acero-t08.stdout.jsonl,logs/arrow-acero-t08.stderr.txt,2026-07-14T06:55:05.574754Z,2026-07-14T06:55:10.233977Z,arrow-acero-t08,4aaf3006-065e-4b15-a1d5-9be36fe0122a,resident,fixed,297.054498,0.015883,0.0,259329279,0,0,"{""cpu_scan_ms"":""measured"",""d2h_bytes"":""measured"",""d2h_ms"":""measured"",""dataset_load_ms"":""measured"",""gpu_kernel_ms"":""measured"",""h2d_bytes"":""measured"",""h2d_ms"":""measured"",""host_prepare_ms"":""unavailable"",""load_ms"":""unavailable"",""mapped_remote_read_bytes"":""measured"",""overlap_wall_ms"":""measured"",""plan_build_ms"":""measured"",""query_total_ms"":""measured"",""resident_gpu_bytes"":""measured"",""resident_host_bytes"":""measured"",""resident_pinned_bytes"":""measured"",""session_setup_ms"":""measured"",""throughput_rows_per_second"":""measured"",""tune_ms"":""measured""}",1.0,,3,measured,unavailable,
2,v7-formal-sf1-resident,d7ed7a2c-b653-4ed6-8736-a96671669492,ok,,0,arrow-acero,resident,1,ASIA,1994-01-01,1,False,8,1.0,0.0,0,process_tree,"{""sweep"":""threads""}","[""host_prepare_ms"",""load_ms""]",5,542abf4003633c7c,"[{""nation"":""INDONESIA"",""revenue_1e4"":555020411697},{""nation"":""VIETNAM"",""revenue_1e4"":552950869967},{""nation"":""CHINA"",""revenue_1e4"":537244942566},{""nation"":""INDIA"",""revenue_1e4"":520355120002},{""nation"":""JAPAN"",""revenue_1e4"":454101756954}]",expected_hash_match,,288.307521,,0.0,38.676533,0.0,0.0,0.0,326.989853,4659.203059971333,6001215,7243,6001215,0,0,0,0,636538880,,18352908.950969804,logs/arrow-acero-t08.stdout.jsonl,logs/arrow-acero-t08.stderr.txt,2026-07-14T06:55:05.574754Z,2026-07-14T06:55:10.233977Z,arrow-acero-t08,4aaf3006-065e-4b15-a1d5-9be36fe0122a,resident,fixed,297.054498,0.015883,0.0,259329279,0,0,"{""cpu_scan_ms"":""measured"",""d2h_bytes"":""measured"",""d2h_ms"":""measured"",""dataset_load_ms"":""measured"",""gpu_kernel_ms"":""measured"",""h2d_bytes"":""measured"",""h2d_ms"":""measured"",""host_prepare_ms"":""unavailable"",""load_ms"":""unavailable"",""mapped_remote_read_bytes"":""measured"",""overlap_wall_ms"":""measured"",""plan_build_ms"":""measured"",""query_total_ms"":""measured"",""resident_gpu_bytes"":""measured"",""resident_host_bytes"":""measured"",""resident_pinned_bytes"":""measured"",""session_setup_ms"":""measured"",""throughput_rows_per_second"":""measured"",""tune_ms"":""measured""}",1.0,,4,measured,unavailable,
2,v7-formal-sf1-resident,71b51b4e-9e07-4cf0-8a14-3ace24977cca,ok,,0,arrow-acero,resident,1,ASIA,1994-01-01,2,False,8,1.0,0.0,0,process_tree,"{""sweep"":""threads""}","[""host_prepare_ms"",""load_ms""]",5,542abf4003633c7c,"[{""nation"":""INDONESIA"",""revenue_1e4"":555020411697},{""nation"":""VIETNAM"",""revenue_1e4"":552950869967},{""nation"":""CHINA"",""revenue_1e4"":537244942566},{""nation"":""INDIA"",""revenue_1e4"":520355120002},{""nation"":""JAPAN"",""revenue_1e4"":454101756954}]",expected_hash_match,,294.084116,,0.0,25.889915,0.0,0.0,0.0,319.979229,4659.203059971333,6001215,7243,6001215,0,0,0,0,636538880,,18755014.251253165,logs/arrow-acero-t08.stdout.jsonl,logs/arrow-acero-t08.stderr.txt,2026-07-14T06:55:05.574754Z,2026-07-14T06:55:10.233977Z,arrow-acero-t08,4aaf3006-065e-4b15-a1d5-9be36fe0122a,resident,fixed,297.054498,0.015883,0.0,259329279,0,0,"{""cpu_scan_ms"":""measured"",""d2h_bytes"":""measured"",""d2h_ms"":""measured"",""dataset_load_ms"":""measured"",""gpu_kernel_ms"":""measured"",""h2d_bytes"":""measured"",""h2d_ms"":""measured"",""host_prepare_ms"":""unavailable"",""load_ms"":""unavailable"",""mapped_remote_read_bytes"":""measured"",""overlap_wall_ms"":""measured"",""plan_build_ms"":""measured"",""query_total_ms"":""measured"",""resident_gpu_bytes"":""measured"",""resident_host_bytes"":""measured"",""resident_pinned_bytes"":""measured"",""session_setup_ms"":""measured"",""throughput_rows_per_second"":""measured"",""tune_ms"":""measured""}",1.0,,5,measured,unavailable,
2,v7-formal-sf1-resident,0ff95916-53eb-4e26-b37a-b53b2ce7f957,ok,,0,arrow-acero,resident,1,ASIA,1994-01-01,3,False,8,1.0,0.0,0,process_tree,"{""sweep"":""threads""}","[""host_prepare_ms"",""load_ms""]",5,542abf4003633c7c,"[{""nation"":""INDONESIA"",""revenue_1e4"":555020411697},{""nation"":""VIETNAM"",""revenue_1e4"":552950869967},{""nation"":""CHINA"",""revenue_1e4"":537244942566},{""nation"":""INDIA"",""revenue_1e4"":520355120002},{""nation"":""JAPAN"",""revenue_1e4"":454101756954}]",expected_hash_match,,288.431967,,0.0,40.866267,0.0,0.0,0.0,329.303502,4659.203059971333,6001215,7243,6001215,0,0,0,0,636538880,,18223963.497357525,logs/arrow-acero-t08.stdout.jsonl,logs/arrow-acero-t08.stderr.txt,2026-07-14T06:55:05.574754Z,2026-07-14T06:55:10.233977Z,arrow-acero-t08,4aaf3006-065e-4b15-a1d5-9be36fe0122a,resident,fixed,297.054498,0.015883,0.0,259329279,0,0,"{""cpu_scan_ms"":""measured"",""d2h_bytes"":""measured"",""d2h_ms"":""measured"",""dataset_load_ms"":""measured"",""gpu_kernel_ms"":""measured"",""h2d_bytes"":""measured"",""h2d_ms"":""measured"",""host_prepare_ms"":""unavailable"",""load_ms"":""unavailable"",""mapped_remote_read_bytes"":""measured"",""overlap_wall_ms"":""measured"",""plan_build_ms"":""measured"",""query_total_ms"":""measured"",""resident_gpu_bytes"":""measured"",""resident_host_bytes"":""measured"",""resident_pinned_bytes"":""measured"",""session_setup_ms"":""measured"",""throughput_rows_per_second"":""measured"",""tune_ms"":""measured""}",1.0,,6,measured,unavailable,
2,v7-formal-sf1-resident,db5a30bf-88f1-432b-994c-2c8306add8e8,ok,,0,arrow-acero,resident,1,ASIA,1994-01-01,4,False,8,1.0,0.0,0,process_tree,"{""sweep"":""threads""}","[""host_prepare_ms"",""load_ms""]",5,542abf4003633c7c,"[{""nation"":""INDONESIA"",""revenue_1e4"":555020411697},{""nation"":""VIETNAM"",""revenue_1e4"":552950869967},{""nation"":""CHINA"",""revenue_1e4"":537244942566},{""nation"":""INDIA"",""revenue_1e4"":520355120002},{""nation"":""JAPAN"",""revenue_1e4"":454101756954}]",expected_hash_match,,290.301147,,0.0,40.777796,0.0,0.0,0.0,331.084211,4659.203059971333,6001215,7243,6001215,0,0,0,0,636538880,,18125947.419461813,logs/arrow-acero-t08.stdout.jsonl,logs/arrow-acero-t08.stderr.txt,2026-07-14T06:55:05.574754Z,2026-07-14T06:55:10.233977Z,arrow-acero-t08,4aaf3006-065e-4b15-a1d5-9be36fe0122a,resident,fixed,297.054498,0.015883,0.0,259329279,0,0,"{""cpu_scan_ms"":""measured"",""d2h_bytes"":""measured"",""d2h_ms"":""measured"",""dataset_load_ms"":""measured"",""gpu_kernel_ms"":""measured"",""h2d_bytes"":""measured"",""h2d_ms"":""measured"",""host_prepare_ms"":""unavailable"",""load_ms"":""unavailable"",""mapped_remote_read_bytes"":""measured"",""overlap_wall_ms"":""measured"",""plan_build_ms"":""measured"",""query_total_ms"":""measured"",""resident_gpu_bytes"":""measured"",""resident_host_bytes"":""measured"",""resident_pinned_bytes"":""measured"",""session_setup_ms"":""measured"",""throughput_rows_per_second"":""measured"",""tune_ms"":""measured""}",1.0,,7,measured,unavailable,
2,v7-formal-sf1-resident,aa0ee54a-e6db-442c-bffb-a4636a459daa,ok,,0,arrow-acero,resident,1,ASIA,1994-01-01,5,False,8,1.0,0.0,0,process_tree,"{""sweep"":""threads""}","[""host_prepare_ms"",""load_ms""]",5,542abf4003633c7c,"[{""nation"":""INDONESIA"",""revenue_1e4"":555020411697},{""nation"":""VIETNAM"",""revenue_1e4"":552950869967},{""nation"":""CHINA"",""revenue_1e4"":537244942566},{""nation"":""INDIA"",""revenue_1e4"":520355120002},{""nation"":""JAPAN"",""revenue_1e4"":454101756954}]",expected_hash_match,,292.020794,,0.0,26.110913,0.0,0.0,0.0,318.137265,4659.203059971333,6001215,7243,6001215,0,0,0,0,636538880,,18863602.791078247,logs/arrow-acero-t08.stdout.jsonl,logs/arrow-acero-t08.stderr.txt,2026-07-14T06:55:05.574754Z,2026-07-14T06:55:10.233977Z,arrow-acero-t08,4aaf3006-065e-4b15-a1d5-9be36fe0122a,resident,fixed,297.054498,0.015883,0.0,259329279,0,0,"{""cpu_scan_ms"":""measured"",""d2h_bytes"":""measured"",""d2h_ms"":""measured"",""dataset_load_ms"":""measured"",""gpu_kernel_ms"":""measured"",""h2d_bytes"":""measured"",""h2d_ms"":""measured"",""host_prepare_ms"":""unavailable"",""load_ms"":""unavailable"",""mapped_remote_read_bytes"":""measured"",""overlap_wall_ms"":""measured"",""plan_build_ms"":""measured"",""query_total_ms"":""measured"",""resident_gpu_bytes"":""measured"",""resident_host_bytes"":""measured"",""resident_pinned_bytes"":""measured"",""session_setup_ms"":""measured"",""throughput_rows_per_second"":""measured"",""tune_ms"":""measured""}",1.0,,8,measured,unavailable,
2,v7-formal-sf1-resident,bf036a61-e878-4035-9697-f37d92152a8a,ok,,0,arrow-acero,resident,1,ASIA,1994-01-01,6,False,8,1.0,0.0,0,process_tree,"{""sweep"":""threads""}","[""host_prepare_ms"",""load_ms""]",5,542abf4003633c7c,"[{""nation"":""INDONESIA"",""revenue_1e4"":555020411697},{""nation"":""VIETNAM"",""revenue_1e4"":552950869967},{""nation"":""CHINA"",""revenue_1e4"":537244942566},{""nation"":""INDIA"",""revenue_1e4"":520355120002},{""nation"":""JAPAN"",""revenue_1e4"":454101756954}]",expected_hash_match,,288.919623,,0.0,22.495759,0.0,0.0,0.0,311.42125,4659.203059971333,6001215,7243,6001215,0,0,0,0,636538880,,19270409.453433253,logs/arrow-acero-t08.stdout.jsonl,logs/arrow-acero-t08.stderr.txt,2026-07-14T06:55:05.574754Z,2026-07-14T06:55:10.233977Z,arrow-acero-t08,4aaf3006-065e-4b15-a1d5-9be36fe0122a,resident,fixed,297.054498,0.015883,0.0,259329279,0,0,"{""cpu_scan_ms"":""measured"",""d2h_bytes"":""measured"",""d2h_ms"":""measured"",""dataset_load_ms"":""measured"",""gpu_kernel_ms"":""measured"",""h2d_bytes"":""measured"",""h2d_ms"":""measured"",""host_prepare_ms"":""unavailable"",""load_ms"":""unavailable"",""mapped_remote_read_bytes"":""measured"",""overlap_wall_ms"":""measured"",""plan_build_ms"":""measured"",""query_total_ms"":""measured"",""resident_gpu_bytes"":""measured"",""resident_host_bytes"":""measured"",""resident_pinned_bytes"":""measured"",""session_setup_ms"":""measured"",""throughput_rows_per_second"":""measured"",""tune_ms"":""measured""}",1.0,,9,measured,unavailable,
2,v7-formal-sf1-resident,c16f1fef-81da-4f2d-9245-2d460d6eb086,ok,,0,arrow-acero,resident,1,ASIA,1994-01-01,7,False,8,1.0,0.0,0,process_tree,"{""sweep"":""threads""}","[""host_prepare_ms"",""load_ms""]",5,542abf4003633c7c,"[{""nation"":""INDONESIA"",""revenue_1e4"":555020411697},{""nation"":""VIETNAM"",""revenue_1e4"":552950869967},{""nation"":""CHINA"",""revenue_1e4"":537244942566},{""nation"":""INDIA"",""revenue_1e4"":520355120002},{""nation"":""JAPAN"",""revenue_1e4"":454101756954}]",expected_hash_match,,292.390065,,0.0,34.623842,0.0,0.0,0.0,327.019345,4659.203059971333,6001215,7243,6001215,0,0,0,0,636538880,,18351253.807324458,logs/arrow-acero-t08.stdout.jsonl,logs/arrow-acero-t08.stderr.txt,2026-07-14T06:55:05.574754Z,2026-07-14T06:55:10.233977Z,arrow-acero-t08,4aaf3006-065e-4b15-a1d5-9be36fe0122a,resident,fixed,297.054498,0.015883,0.0,259329279,0,0,"{""cpu_scan_ms"":""measured"",""d2h_bytes"":""measured"",""d2h_ms"":""measured"",""dataset_load_ms"":""measured"",""gpu_kernel_ms"":""measured"",""h2d_bytes"":""measured"",""h2d_ms"":""measured"",""host_prepare_ms"":""unavailable"",""load_ms"":""unavailable"",""mapped_remote_read_bytes"":""measured"",""overlap_wall_ms"":""measured"",""plan_build_ms"":""measured"",""query_total_ms"":""measured"",""resident_gpu_bytes"":""measured"",""resident_host_bytes"":""measured"",""resident_pinned_bytes"":""measured"",""session_setup_ms"":""measured"",""throughput_rows_per_second"":""measured"",""tune_ms"":""measured""}",1.0,,10,measured,unavailable,
2,v7-formal-sf1-resident,b90c5ced-acf0-4432-8c27-143a358b8d76,ok,,0,arrow-acero,resident,1,ASIA,1994-01-01,8,False,8,1.0,0.0,0,process_tree,"{""sweep"":""threads""}","[""host_prepare_ms"",""load_ms""]",5,542abf4003633c7c,"[{""nation"":""INDONESIA"",""revenue_1e4"":555020411697},{""nation"":""VIETNAM"",""revenue_1e4"":552950869967},{""nation"":""CHINA"",""revenue_1e4"":537244942566},{""nation"":""INDIA"",""revenue_1e4"":520355120002},{""nation"":""JAPAN"",""revenue_1e4"":454101756954}]",expected_hash_match,,297.327428,,0.0,39.474196,0.0,0.0,0.0,336.807031,4659.203059971333,6001215,7243,6001215,0,0,0,0,636538880,,17817962.357205067,logs/arrow-acero-t08.stdout.jsonl,logs/arrow-acero-t08.stderr.txt,2026-07-14T06:55:05.574754Z,2026-07-14T06:55:10.233977Z,arrow-acero-t08,4aaf3006-065e-4b15-a1d5-9be36fe0122a,resident,fixed,297.054498,0.015883,0.0,259329279,0,0,"{""cpu_scan_ms"":""measured"",""d2h_bytes"":""measured"",""d2h_ms"":""measured"",""dataset_load_ms"":""measured"",""gpu_kernel_ms"":""measured"",""h2d_bytes"":""measured"",""h2d_ms"":""measured"",""host_prepare_ms"":""unavailable"",""load_ms"":""unavailable"",""mapped_remote_read_bytes"":""measured"",""overlap_wall_ms"":""measured"",""plan_build_ms"":""measured"",""query_total_ms"":""measured"",""resident_gpu_bytes"":""measured"",""resident_host_bytes"":""measured"",""resident_pinned_bytes"":""measured"",""session_setup_ms"":""measured"",""throughput_rows_per_second"":""measured"",""tune_ms"":""measured""}",1.0,,11,measured,unavailable,
2,v7-formal-sf1-resident,2793fa22-5ba4-409c-b1df-6d033ca793c4,ok,,0,arrow-acero,resident,1,ASIA,1994-01-01,9,False,8,1.0,0.0,0,process_tree,"{""sweep"":""threads""}","[""host_prepare_ms"",""load_ms""]",5,542abf4003633c7c,"[{""nation"":""INDONESIA"",""revenue_1e4"":555020411697},{""nation"":""VIETNAM"",""revenue_1e4"":552950869967},{""nation"":""CHINA"",""revenue_1e4"":537244942566},{""nation"":""INDIA"",""revenue_1e4"":520355120002},{""nation"":""JAPAN"",""revenue_1e4"":454101756954}]",expected_hash_match,,288.34187,,0.0,25.328044,0.0,0.0,0.0,313.674731,4659.203059971333,6001215,7243,6001215,0,0,0,0,636538880,,19131968.26811019,logs/arrow-acero-t08.stdout.jsonl,logs/arrow-acero-t08.stderr.txt,2026-07-14T06:55:05.574754Z,2026-07-14T06:55:10.233977Z,arrow-acero-t08,4aaf3006-065e-4b15-a1d5-9be36fe0122a,resident,fixed,297.054498,0.015883,0.0,259329279,0,0,"{""cpu_scan_ms"":""measured"",""d2h_bytes"":""measured"",""d2h_ms"":""measured"",""dataset_load_ms"":""measured"",""gpu_kernel_ms"":""measured"",""h2d_bytes"":""measured"",""h2d_ms"":""measured"",""host_prepare_ms"":""unavailable"",""load_ms"":""unavailable"",""mapped_remote_read_bytes"":""measured"",""overlap_wall_ms"":""measured"",""plan_build_ms"":""measured"",""query_total_ms"":""measured"",""resident_gpu_bytes"":""measured"",""resident_host_bytes"":""measured"",""resident_pinned_bytes"":""measured"",""session_setup_ms"":""measured"",""throughput_rows_per_second"":""measured"",""tune_ms"":""measured""}",1.0,,12,measured,unavailable,
2,v7-formal-sf1-resident,457e1b75-6185-4b01-8083-e6856eab03d2,ok,,0,arrow-acero,resident,1,ASIA,1994-01-01,0,False,16,1.0,0.0,0,process_tree,"{""sweep"":""threads""}","[""host_prepare_ms"",""load_ms""]",5,542abf4003633c7c,"[{""nation"":""INDONESIA"",""revenue_1e4"":555020411697},{""nation"":""VIETNAM"",""revenue_1e4"":552950869967},{""nation"":""CHINA"",""revenue_1e4"":537244942566},{""nation"":""INDIA"",""revenue_1e4"":520355120002},{""nation"":""JAPAN"",""revenue_1e4"":454101756954}]",expected_hash_match,,288.661779,,0.0,17.464137,0.0,0.0,0.0,306.129612,4660.486905835569,6001215,7243,6001215,0,0,0,0,630243328,,19603510.293541938,logs/arrow-acero-t16.stdout.jsonl,logs/arrow-acero-t16.stderr.txt,2026-07-14T06:55:10.237186Z,2026-07-14T06:55:14.897683Z,arrow-acero-t16,ad5b82e0-530b-418c-b268-4bce374bbdb3,resident,fixed,286.452343,0.01375,0.0,259329279,0,0,"{""cpu_scan_ms"":""measured"",""d2h_bytes"":""measured"",""d2h_ms"":""measured"",""dataset_load_ms"":""measured"",""gpu_kernel_ms"":""measured"",""h2d_bytes"":""measured"",""h2d_ms"":""measured"",""host_prepare_ms"":""unavailable"",""load_ms"":""unavailable"",""mapped_remote_read_bytes"":""measured"",""overlap_wall_ms"":""measured"",""plan_build_ms"":""measured"",""query_total_ms"":""measured"",""resident_gpu_bytes"":""measured"",""resident_host_bytes"":""measured"",""resident_pinned_bytes"":""measured"",""session_setup_ms"":""measured"",""throughput_rows_per_second"":""measured"",""tune_ms"":""measured""}",1.0,,3,measured,unavailable,
2,v7-formal-sf1-resident,65f80077-597e-449c-97e2-a92823e1074d,ok,,0,arrow-acero,resident,1,ASIA,1994-01-01,1,False,16,1.0,0.0,0,process_tree,"{""sweep"":""threads""}","[""host_prepare_ms"",""load_ms""]",5,542abf4003633c7c,"[{""nation"":""INDONESIA"",""revenue_1e4"":555020411697},{""nation"":""VIETNAM"",""revenue_1e4"":552950869967},{""nation"":""CHINA"",""revenue_1e4"":537244942566},{""nation"":""INDIA"",""revenue_1e4"":520355120002},{""nation"":""JAPAN"",""revenue_1e4"":454101756954}]",expected_hash_match,,287.231693,,0.0,32.547468,0.0,0.0,0.0,319.783407,4660.486905835569,6001215,7243,6001215,0,0,0,0,630243328,,18766499.03851953,logs/arrow-acero-t16.stdout.jsonl,logs/arrow-acero-t16.stderr.txt,2026-07-14T06:55:10.237186Z,2026-07-14T06:55:14.897683Z,arrow-acero-t16,ad5b82e0-530b-418c-b268-4bce374bbdb3,resident,fixed,286.452343,0.01375,0.0,259329279,0,0,"{""cpu_scan_ms"":""measured"",""d2h_bytes"":""measured"",""d2h_ms"":""measured"",""dataset_load_ms"":""measured"",""gpu_kernel_ms"":""measured"",""h2d_bytes"":""measured"",""h2d_ms"":""measured"",""host_prepare_ms"":""unavailable"",""load_ms"":""unavailable"",""mapped_remote_read_bytes"":""measured"",""overlap_wall_ms"":""measured"",""plan_build_ms"":""measured"",""query_total_ms"":""measured"",""resident_gpu_bytes"":""measured"",""resident_host_bytes"":""measured"",""resident_pinned_bytes"":""measured"",""session_setup_ms"":""measured"",""throughput_rows_per_second"":""measured"",""tune_ms"":""measured""}",1.0,,4,measured,unavailable,
2,v7-formal-sf1-resident,23ccf2b7-504c-46e3-8770-1fe9291e19ce,ok,,0,arrow-acero,resident,1,ASIA,1994-01-01,2,False,16,1.0,0.0,0,process_tree,"{""sweep"":""threads""}","[""host_prepare_ms"",""load_ms""]",5,542abf4003633c7c,"[{""nation"":""INDONESIA"",""revenue_1e4"":555020411697},{""nation"":""VIETNAM"",""revenue_1e4"":552950869967},{""nation"":""CHINA"",""revenue_1e4"":537244942566},{""nation"":""INDIA"",""revenue_1e4"":520355120002},{""nation"":""JAPAN"",""revenue_1e4"":454101756954}]",expected_hash_match,,277.353383,,0.0,18.900915,0.0,0.0,0.0,296.258414,4660.486905835569,6001215,7243,6001215,0,0,0,0,630243328,,20256690.49858614,logs/arrow-acero-t16.stdout.jsonl,logs/arrow-acero-t16.stderr.txt,2026-07-14T06:55:10.237186Z,2026-07-14T06:55:14.897683Z,arrow-acero-t16,ad5b82e0-530b-418c-b268-4bce374bbdb3,resident,fixed,286.452343,0.01375,0.0,259329279,0,0,"{""cpu_scan_ms"":""measured"",""d2h_bytes"":""measured"",""d2h_ms"":""measured"",""dataset_load_ms"":""measured"",""gpu_kernel_ms"":""measured"",""h2d_bytes"":""measured"",""h2d_ms"":""measured"",""host_prepare_ms"":""unavailable"",""load_ms"":""unavailable"",""mapped_remote_read_bytes"":""measured"",""overlap_wall_ms"":""measured"",""plan_build_ms"":""measured"",""query_total_ms"":""measured"",""resident_gpu_bytes"":""measured"",""resident_host_bytes"":""measured"",""resident_pinned_bytes"":""measured"",""session_setup_ms"":""measured"",""throughput_rows_per_second"":""measured"",""tune_ms"":""measured""}",1.0,,5,measured,unavailable,
2,v7-formal-sf1-resident,7fe238f6-bd2a-4cc3-b127-32321af8d976,ok,,0,arrow-acero,resident,1,ASIA,1994-01-01,3,False,16,1.0,0.0,0,process_tree,"{""sweep"":""threads""}","[""host_prepare_ms"",""load_ms""]",5,542abf4003633c7c,"[{""nation"":""INDONESIA"",""revenue_1e4"":555020411697},{""nation"":""VIETNAM"",""revenue_1e4"":552950869967},{""nation"":""CHINA"",""revenue_1e4"":537244942566},{""nation"":""INDIA"",""revenue_1e4"":520355120002},{""nation"":""JAPAN"",""revenue_1e4"":454101756954}]",expected_hash_match,,299.956803,,0.0,24.655739,0.0,0.0,0.0,324.616878,4660.486905835569,6001215,7243,6001215,0,0,0,0,630243328,,18487070.163985744,logs/arrow-acero-t16.stdout.jsonl,logs/arrow-acero-t16.stderr.txt,2026-07-14T06:55:10.237186Z,2026-07-14T06:55:14.897683Z,arrow-acero-t16,ad5b82e0-530b-418c-b268-4bce374bbdb3,resident,fixed,286.452343,0.01375,0.0,259329279,0,0,"{""cpu_scan_ms"":""measured"",""d2h_bytes"":""measured"",""d2h_ms"":""measured"",""dataset_load_ms"":""measured"",""gpu_kernel_ms"":""measured"",""h2d_bytes"":""measured"",""h2d_ms"":""measured"",""host_prepare_ms"":""unavailable"",""load_ms"":""unavailable"",""mapped_remote_read_bytes"":""measured"",""overlap_wall_ms"":""measured"",""plan_build_ms"":""measured"",""query_total_ms"":""measured"",""resident_gpu_bytes"":""measured"",""resident_host_bytes"":""measured"",""resident_pinned_bytes"":""measured"",""session_setup_ms"":""measured"",""throughput_rows_per_second"":""measured"",""tune_ms"":""measured""}",1.0,,6,measured,unavailable,
2,v7-formal-sf1-resident,37376b2c-adb1-45a7-a350-ece0749060f8,ok,,0,arrow-acero,resident,1,ASIA,1994-01-01,4,False,16,1.0,0.0,0,process_tree,"{""sweep"":""threads""}","[""host_prepare_ms"",""load_ms""]",5,542abf4003633c7c,"[{""nation"":""INDONESIA"",""revenue_1e4"":555020411697},{""nation"":""VIETNAM"",""revenue_1e4"":552950869967},{""nation"":""CHINA"",""revenue_1e4"":537244942566},{""nation"":""INDIA"",""revenue_1e4"":520355120002},{""nation"":""JAPAN"",""revenue_1e4"":454101756954}]",expected_hash_match,,316.768916,,0.0,16.866101,0.0,0.0,0.0,333.639684,4660.486905835569,6001215,7243,6001215,0,0,0,0,630243328,,17987113.906989556,logs/arrow-acero-t16.stdout.jsonl,logs/arrow-acero-t16.stderr.txt,2026-07-14T06:55:10.237186Z,2026-07-14T06:55:14.897683Z,arrow-acero-t16,ad5b82e0-530b-418c-b268-4bce374bbdb3,resident,fixed,286.452343,0.01375,0.0,259329279,0,0,"{""cpu_scan_ms"":""measured"",""d2h_bytes"":""measured"",""d2h_ms"":""measured"",""dataset_load_ms"":""measured"",""gpu_kernel_ms"":""measured"",""h2d_bytes"":""measured"",""h2d_ms"":""measured"",""host_prepare_ms"":""unavailable"",""load_ms"":""unavailable"",""mapped_remote_read_bytes"":""measured"",""overlap_wall_ms"":""measured"",""plan_build_ms"":""measured"",""query_total_ms"":""measured"",""resident_gpu_bytes"":""measured"",""resident_host_bytes"":""measured"",""resident_pinned_bytes"":""measured"",""session_setup_ms"":""measured"",""throughput_rows_per_second"":""measured"",""tune_ms"":""measured""}",1.0,,7,measured,unavailable,
2,v7-formal-sf1-resident,f1db4699-0279-491f-b393-31fa45b77ee4,ok,,0,arrow-acero,resident,1,ASIA,1994-01-01,5,False,16,1.0,0.0,0,process_tree,"{""sweep"":""threads""}","[""host_prepare_ms"",""load_ms""]",5,542abf4003633c7c,"[{""nation"":""INDONESIA"",""revenue_1e4"":555020411697},{""nation"":""VIETNAM"",""revenue_1e4"":552950869967},{""nation"":""CHINA"",""revenue_1e4"":537244942566},{""nation"":""INDIA"",""revenue_1e4"":520355120002},{""nation"":""JAPAN"",""revenue_1e4"":454101756954}]",expected_hash_match,,289.474711,,0.0,31.472847,0.0,0.0,0.0,320.954276,4660.486905835569,6001215,7243,6001215,0,0,0,0,630243328,,18698037.22446745,logs/arrow-acero-t16.stdout.jsonl,logs/arrow-acero-t16.stderr.txt,2026-07-14T06:55:10.237186Z,2026-07-14T06:55:14.897683Z,arrow-acero-t16,ad5b82e0-530b-418c-b268-4bce374bbdb3,resident,fixed,286.452343,0.01375,0.0,259329279,0,0,"{""cpu_scan_ms"":""measured"",""d2h_bytes"":""measured"",""d2h_ms"":""measured"",""dataset_load_ms"":""measured"",""gpu_kernel_ms"":""measured"",""h2d_bytes"":""measured"",""h2d_ms"":""measured"",""host_prepare_ms"":""unavailable"",""load_ms"":""unavailable"",""mapped_remote_read_bytes"":""measured"",""overlap_wall_ms"":""measured"",""plan_build_ms"":""measured"",""query_total_ms"":""measured"",""resident_gpu_bytes"":""measured"",""resident_host_bytes"":""measured"",""resident_pinned_bytes"":""measured"",""session_setup_ms"":""measured"",""throughput_rows_per_second"":""measured"",""tune_ms"":""measured""}",1.0,,8,measured,unavailable,
2,v7-formal-sf1-resident,84dc97f2-16ec-41b6-bc97-bc02c97abdd6,ok,,0,arrow-acero,resident,1,ASIA,1994-01-01,6,False,16,1.0,0.0,0,process_tree,"{""sweep"":""threads""}","[""host_prepare_ms"",""load_ms""]",5,542abf4003633c7c,"[{""nation"":""INDONESIA"",""revenue_1e4"":555020411697},{""nation"":""VIETNAM"",""revenue_1e4"":552950869967},{""nation"":""CHINA"",""revenue_1e4"":537244942566},{""nation"":""INDIA"",""revenue_1e4"":520355120002},{""nation"":""JAPAN"",""revenue_1e4"":454101756954}]",expected_hash_match,,284.092719,,0.0,20.12593,0.0,0.0,0.0,304.224337,4660.486905835569,6001215,7243,6001215,0,0,0,0,630243328,,19726281.793162394,logs/arrow-acero-t16.stdout.jsonl,logs/arrow-acero-t16.stderr.txt,2026-07-14T06:55:10.237186Z,2026-07-14T06:55:14.897683Z,arrow-acero-t16,ad5b82e0-530b-418c-b268-4bce374bbdb3,resident,fixed,286.452343,0.01375,0.0,259329279,0,0,"{""cpu_scan_ms"":""measured"",""d2h_bytes"":""measured"",""d2h_ms"":""measured"",""dataset_load_ms"":""measured"",""gpu_kernel_ms"":""measured"",""h2d_bytes"":""measured"",""h2d_ms"":""measured"",""host_prepare_ms"":""unavailable"",""load_ms"":""unavailable"",""mapped_remote_read_bytes"":""measured"",""overlap_wall_ms"":""measured"",""plan_build_ms"":""measured"",""query_total_ms"":""measured"",""resident_gpu_bytes"":""measured"",""resident_host_bytes"":""measured"",""resident_pinned_bytes"":""measured"",""session_setup_ms"":""measured"",""throughput_rows_per_second"":""measured"",""tune_ms"":""measured""}",1.0,,9,measured,unavailable,
2,v7-formal-sf1-resident,2d7f653d-0208-431f-b3ed-488092e997b7,ok,,0,arrow-acero,resident,1,ASIA,1994-01-01,7,False,16,1.0,0.0,0,process_tree,"{""sweep"":""threads""}","[""host_prepare_ms"",""load_ms""]",5,542abf4003633c7c,"[{""nation"":""INDONESIA"",""revenue_1e4"":555020411697},{""nation"":""VIETNAM"",""revenue_1e4"":552950869967},{""nation"":""CHINA"",""revenue_1e4"":537244942566},{""nation"":""INDIA"",""revenue_1e4"":520355120002},{""nation"":""JAPAN"",""revenue_1e4"":454101756954}]",expected_hash_match,,327.947576,,0.0,38.436952,0.0,0.0,0.0,366.390417,4660.486905835569,6001215,7243,6001215,0,0,0,0,630243328,,16379290.291317854,logs/arrow-acero-t16.stdout.jsonl,logs/arrow-acero-t16.stderr.txt,2026-07-14T06:55:10.237186Z,2026-07-14T06:55:14.897683Z,arrow-acero-t16,ad5b82e0-530b-418c-b268-4bce374bbdb3,resident,fixed,286.452343,0.01375,0.0,259329279,0,0,"{""cpu_scan_ms"":""measured"",""d2h_bytes"":""measured"",""d2h_ms"":""measured"",""dataset_load_ms"":""measured"",""gpu_kernel_ms"":""measured"",""h2d_bytes"":""measured"",""h2d_ms"":""measured"",""host_prepare_ms"":""unavailable"",""load_ms"":""unavailable"",""mapped_remote_read_bytes"":""measured"",""overlap_wall_ms"":""measured"",""plan_build_ms"":""measured"",""query_total_ms"":""measured"",""resident_gpu_bytes"":""measured"",""resident_host_bytes"":""measured"",""resident_pinned_bytes"":""measured"",""session_setup_ms"":""measured"",""throughput_rows_per_second"":""measured"",""tune_ms"":""measured""}",1.0,,10,measured,unavailable,
2,v7-formal-sf1-resident,82e9c11c-fb39-4954-9fb4-082d0b2403c9,ok,,0,arrow-acero,resident,1,ASIA,1994-01-01,8,False,16,1.0,0.0,0,process_tree,"{""sweep"":""threads""}","[""host_prepare_ms"",""load_ms""]",5,542abf4003633c7c,"[{""nation"":""INDONESIA"",""revenue_1e4"":555020411697},{""nation"":""VIETNAM"",""revenue_1e4"":552950869967},{""nation"":""CHINA"",""revenue_1e4"":537244942566},{""nation"":""INDIA"",""revenue_1e4"":520355120002},{""nation"":""JAPAN"",""revenue_1e4"":454101756954}]",expected_hash_match,,313.406231,,0.0,32.289126,0.0,0.0,0.0,345.699943,4660.486905835569,6001215,7243,6001215,0,0,0,0,630243328,,17359606.564933684,logs/arrow-acero-t16.stdout.jsonl,logs/arrow-acero-t16.stderr.txt,2026-07-14T06:55:10.237186Z,2026-07-14T06:55:14.897683Z,arrow-acero-t16,ad5b82e0-530b-418c-b268-4bce374bbdb3,resident,fixed,286.452343,0.01375,0.0,259329279,0,0,"{""cpu_scan_ms"":""measured"",""d2h_bytes"":""measured"",""d2h_ms"":""measured"",""dataset_load_ms"":""measured"",""gpu_kernel_ms"":""measured"",""h2d_bytes"":""measured"",""h2d_ms"":""measured"",""host_prepare_ms"":""unavailable"",""load_ms"":""unavailable"",""mapped_remote_read_bytes"":""measured"",""overlap_wall_ms"":""measured"",""plan_build_ms"":""measured"",""query_total_ms"":""measured"",""resident_gpu_bytes"":""measured"",""resident_host_bytes"":""measured"",""resident_pinned_bytes"":""measured"",""session_setup_ms"":""measured"",""throughput_rows_per_second"":""measured"",""tune_ms"":""measured""}",1.0,,11,measured,unavailable,
2,v7-formal-sf1-resident,1fe513f7-75ab-4a36-bdf2-405133b36086,ok,,0,arrow-acero,resident,1,ASIA,1994-01-01,9,False,16,1.0,0.0,0,process_tree,"{""sweep"":""threads""}","[""host_prepare_ms"",""load_ms""]",5,542abf4003633c7c,"[{""nation"":""INDONESIA"",""revenue_1e4"":555020411697},{""nation"":""VIETNAM"",""revenue_1e4"":552950869967},{""nation"":""CHINA"",""revenue_1e4"":537244942566},{""nation"":""INDIA"",""revenue_1e4"":520355120002},{""nation"":""JAPAN"",""revenue_1e4"":454101756954}]",expected_hash_match,,288.896097,,0.0,20.005392,0.0,0.0,0.0,308.905504,4660.486905835569,6001215,7243,6001215,0,0,0,0,630243328,,19427348.889192987,logs/arrow-acero-t16.stdout.jsonl,logs/arrow-acero-t16.stderr.txt,2026-07-14T06:55:10.237186Z,2026-07-14T06:55:14.897683Z,arrow-acero-t16,ad5b82e0-530b-418c-b268-4bce374bbdb3,resident,fixed,286.452343,0.01375,0.0,259329279,0,0,"{""cpu_scan_ms"":""measured"",""d2h_bytes"":""measured"",""d2h_ms"":""measured"",""dataset_load_ms"":""measured"",""gpu_kernel_ms"":""measured"",""h2d_bytes"":""measured"",""h2d_ms"":""measured"",""host_prepare_ms"":""unavailable"",""load_ms"":""unavailable"",""mapped_remote_read_bytes"":""measured"",""overlap_wall_ms"":""measured"",""plan_build_ms"":""measured"",""query_total_ms"":""measured"",""resident_gpu_bytes"":""measured"",""resident_host_bytes"":""measured"",""resident_pinned_bytes"":""measured"",""session_setup_ms"":""measured"",""throughput_rows_per_second"":""measured"",""tune_ms"":""measured""}",1.0,,12,measured,unavailable,
2,v7-formal-sf1-resident,bc2d58dd-fda5-4679-89fc-ce7d88aa282c,ok,,0,arrow-acero,resident,1,ASIA,1994-01-01,0,False,32,1.0,0.0,0,process_tree,"{""sweep"":""threads""}","[""host_prepare_ms"",""load_ms""]",5,542abf4003633c7c,"[{""nation"":""INDONESIA"",""revenue_1e4"":555020411697},{""nation"":""VIETNAM"",""revenue_1e4"":552950869967},{""nation"":""CHINA"",""revenue_1e4"":537244942566},{""nation"":""INDIA"",""revenue_1e4"":520355120002},{""nation"":""JAPAN"",""revenue_1e4"":454101756954}]",expected_hash_match,,278.346318,,0.0,17.876388,0.0,0.0,0.0,296.226522,4533.040069043636,6001215,7243,6001215,0,0,0,0,677875712,,20258871.35116146,logs/arrow-acero-t32.stdout.jsonl,logs/arrow-acero-t32.stderr.txt,2026-07-14T06:55:14.900400Z,2026-07-14T06:55:19.433450Z,arrow-acero-t32,6f5389df-b98e-47c4-806c-096ab63f2cbb,resident,fixed,284.259542,0.015984,0.0,259329279,0,0,"{""cpu_scan_ms"":""measured"",""d2h_bytes"":""measured"",""d2h_ms"":""measured"",""dataset_load_ms"":""measured"",""gpu_kernel_ms"":""measured"",""h2d_bytes"":""measured"",""h2d_ms"":""measured"",""host_prepare_ms"":""unavailable"",""load_ms"":""unavailable"",""mapped_remote_read_bytes"":""measured"",""overlap_wall_ms"":""measured"",""plan_build_ms"":""measured"",""query_total_ms"":""measured"",""resident_gpu_bytes"":""measured"",""resident_host_bytes"":""measured"",""resident_pinned_bytes"":""measured"",""session_setup_ms"":""measured"",""throughput_rows_per_second"":""measured"",""tune_ms"":""measured""}",1.0,,3,measured,unavailable,
2,v7-formal-sf1-resident,e9417d93-2e52-47ca-b76c-8d7672e7061c,ok,,0,arrow-acero,resident,1,ASIA,1994-01-01,1,False,32,1.0,0.0,0,process_tree,"{""sweep"":""threads""}","[""host_prepare_ms"",""load_ms""]",5,542abf4003633c7c,"[{""nation"":""INDONESIA"",""revenue_1e4"":555020411697},{""nation"":""VIETNAM"",""revenue_1e4"":552950869967},{""nation"":""CHINA"",""revenue_1e4"":537244942566},{""nation"":""INDIA"",""revenue_1e4"":520355120002},{""nation"":""JAPAN"",""revenue_1e4"":454101756954}]",expected_hash_match,,291.559139,,0.0,31.968772,0.0,0.0,0.0,323.532387,4533.040069043636,6001215,7243,6001215,0,0,0,0,677875712,,18549039.41966094,logs/arrow-acero-t32.stdout.jsonl,logs/arrow-acero-t32.stderr.txt,2026-07-14T06:55:14.900400Z,2026-07-14T06:55:19.433450Z,arrow-acero-t32,6f5389df-b98e-47c4-806c-096ab63f2cbb,resident,fixed,284.259542,0.015984,0.0,259329279,0,0,"{""cpu_scan_ms"":""measured"",""d2h_bytes"":""measured"",""d2h_ms"":""measured"",""dataset_load_ms"":""measured"",""gpu_kernel_ms"":""measured"",""h2d_bytes"":""measured"",""h2d_ms"":""measured"",""host_prepare_ms"":""unavailable"",""load_ms"":""unavailable"",""mapped_remote_read_bytes"":""measured"",""overlap_wall_ms"":""measured"",""plan_build_ms"":""measured"",""query_total_ms"":""measured"",""resident_gpu_bytes"":""measured"",""resident_host_bytes"":""measured"",""resident_pinned_bytes"":""measured"",""session_setup_ms"":""measured"",""throughput_rows_per_second"":""measured"",""tune_ms"":""measured""}",1.0,,4,measured,unavailable,
2,v7-formal-sf1-resident,a2428888-8730-470a-aade-33ddecddfb16,ok,,0,arrow-acero,resident,1,ASIA,1994-01-01,2,False,32,1.0,0.0,0,process_tree,"{""sweep"":""threads""}","[""host_prepare_ms"",""load_ms""]",5,542abf4003633c7c,"[{""nation"":""INDONESIA"",""revenue_1e4"":555020411697},{""nation"":""VIETNAM"",""revenue_1e4"":552950869967},{""nation"":""CHINA"",""revenue_1e4"":537244942566},{""nation"":""INDIA"",""revenue_1e4"":520355120002},{""nation"":""JAPAN"",""revenue_1e4"":454101756954}]",expected_hash_match,,279.449763,,0.0,19.455097,0.0,0.0,0.0,298.909407,4533.040069043636,6001215,7243,6001215,0,0,0,0,677875712,,20077036.25065236,logs/arrow-acero-t32.stdout.jsonl,logs/arrow-acero-t32.stderr.txt,2026-07-14T06:55:14.900400Z,2026-07-14T06:55:19.433450Z,arrow-acero-t32,6f5389df-b98e-47c4-806c-096ab63f2cbb,resident,fixed,284.259542,0.015984,0.0,259329279,0,0,"{""cpu_scan_ms"":""measured"",""d2h_bytes"":""measured"",""d2h_ms"":""measured"",""dataset_load_ms"":""measured"",""gpu_kernel_ms"":""measured"",""h2d_bytes"":""measured"",""h2d_ms"":""measured"",""host_prepare_ms"":""unavailable"",""load_ms"":""unavailable"",""mapped_remote_read_bytes"":""measured"",""overlap_wall_ms"":""measured"",""plan_build_ms"":""measured"",""query_total_ms"":""measured"",""resident_gpu_bytes"":""measured"",""resident_host_bytes"":""measured"",""resident_pinned_bytes"":""measured"",""session_setup_ms"":""measured"",""throughput_rows_per_second"":""measured"",""tune_ms"":""measured""}",1.0,,5,measured,unavailable,
2,v7-formal-sf1-resident,477cf3f9-75c2-4f7e-ac98-c735655394b6,ok,,0,arrow-acero,resident,1,ASIA,1994-01-01,3,False,32,1.0,0.0,0,process_tree,"{""sweep"":""threads""}","[""host_prepare_ms"",""load_ms""]",5,542abf4003633c7c,"[{""nation"":""INDONESIA"",""revenue_1e4"":555020411697},{""nation"":""VIETNAM"",""revenue_1e4"":552950869967},{""nation"":""CHINA"",""revenue_1e4"":537244942566},{""nation"":""INDIA"",""revenue_1e4"":520355120002},{""nation"":""JAPAN"",""revenue_1e4"":454101756954}]",expected_hash_match,,287.326763,,0.0,22.735246,0.0,0.0,0.0,310.066576,4533.040069043636,6001215,7243,6001215,0,0,0,0,677875712,,19354601.44533605,logs/arrow-acero-t32.stdout.jsonl,logs/arrow-acero-t32.stderr.txt,2026-07-14T06:55:14.900400Z,2026-07-14T06:55:19.433450Z,arrow-acero-t32,6f5389df-b98e-47c4-806c-096ab63f2cbb,resident,fixed,284.259542,0.015984,0.0,259329279,0,0,"{""cpu_scan_ms"":""measured"",""d2h_bytes"":""measured"",""d2h_ms"":""measured"",""dataset_load_ms"":""measured"",""gpu_kernel_ms"":""measured"",""h2d_bytes"":""measured"",""h2d_ms"":""measured"",""host_prepare_ms"":""unavailable"",""load_ms"":""unavailable"",""mapped_remote_read_bytes"":""measured"",""overlap_wall_ms"":""measured"",""plan_build_ms"":""measured"",""query_total_ms"":""measured"",""resident_gpu_bytes"":""measured"",""resident_host_bytes"":""measured"",""resident_pinned_bytes"":""measured"",""session_setup_ms"":""measured"",""throughput_rows_per_second"":""measured"",""tune_ms"":""measured""}",1.0,,6,measured,unavailable,
2,v7-formal-sf1-resident,30898b95-764b-46eb-8661-386724293b6e,ok,,0,arrow-acero,resident,1,ASIA,1994-01-01,4,False,32,1.0,0.0,0,process_tree,"{""sweep"":""threads""}","[""host_prepare_ms"",""load_ms""]",5,542abf4003633c7c,"[{""nation"":""INDONESIA"",""revenue_1e4"":555020411697},{""nation"":""VIETNAM"",""revenue_1e4"":552950869967},{""nation"":""CHINA"",""revenue_1e4"":537244942566},{""nation"":""INDIA"",""revenue_1e4"":520355120002},{""nation"":""JAPAN"",""revenue_1e4"":454101756954}]",expected_hash_match,,279.481712,,0.0,16.866894,0.0,0.0,0.0,296.352832,4533.040069043636,6001215,7243,6001215,0,0,0,0,677875712,,20250236.717832346,logs/arrow-acero-t32.stdout.jsonl,logs/arrow-acero-t32.stderr.txt,2026-07-14T06:55:14.900400Z,2026-07-14T06:55:19.433450Z,arrow-acero-t32,6f5389df-b98e-47c4-806c-096ab63f2cbb,resident,fixed,284.259542,0.015984,0.0,259329279,0,0,"{""cpu_scan_ms"":""measured"",""d2h_bytes"":""measured"",""d2h_ms"":""measured"",""dataset_load_ms"":""measured"",""gpu_kernel_ms"":""measured"",""h2d_bytes"":""measured"",""h2d_ms"":""measured"",""host_prepare_ms"":""unavailable"",""load_ms"":""unavailable"",""mapped_remote_read_bytes"":""measured"",""overlap_wall_ms"":""measured"",""plan_build_ms"":""measured"",""query_total_ms"":""measured"",""resident_gpu_bytes"":""measured"",""resident_host_bytes"":""measured"",""resident_pinned_bytes"":""measured"",""session_setup_ms"":""measured"",""throughput_rows_per_second"":""measured"",""tune_ms"":""measured""}",1.0,,7,measured,unavailable,
2,v7-formal-sf1-resident,360a6307-fc78-4fac-adc9-b5a498ce05f2,ok,,0,arrow-acero,resident,1,ASIA,1994-01-01,5,False,32,1.0,0.0,0,process_tree,"{""sweep"":""threads""}","[""host_prepare_ms"",""load_ms""]",5,542abf4003633c7c,"[{""nation"":""INDONESIA"",""revenue_1e4"":555020411697},{""nation"":""VIETNAM"",""revenue_1e4"":552950869967},{""nation"":""CHINA"",""revenue_1e4"":537244942566},{""nation"":""INDIA"",""revenue_1e4"":520355120002},{""nation"":""JAPAN"",""revenue_1e4"":454101756954}]",expected_hash_match,,311.340413,,0.0,32.136662,0.0,0.0,0.0,343.482433,4533.040069043636,6001215,7243,6001215,0,0,0,0,677875712,,17471679.54874711,logs/arrow-acero-t32.stdout.jsonl,logs/arrow-acero-t32.stderr.txt,2026-07-14T06:55:14.900400Z,2026-07-14T06:55:19.433450Z,arrow-acero-t32,6f5389df-b98e-47c4-806c-096ab63f2cbb,resident,fixed,284.259542,0.015984,0.0,259329279,0,0,"{""cpu_scan_ms"":""measured"",""d2h_bytes"":""measured"",""d2h_ms"":""measured"",""dataset_load_ms"":""measured"",""gpu_kernel_ms"":""measured"",""h2d_bytes"":""measured"",""h2d_ms"":""measured"",""host_prepare_ms"":""unavailable"",""load_ms"":""unavailable"",""mapped_remote_read_bytes"":""measured"",""overlap_wall_ms"":""measured"",""plan_build_ms"":""measured"",""query_total_ms"":""measured"",""resident_gpu_bytes"":""measured"",""resident_host_bytes"":""measured"",""resident_pinned_bytes"":""measured"",""session_setup_ms"":""measured"",""throughput_rows_per_second"":""measured"",""tune_ms"":""measured""}",1.0,,8,measured,unavailable,
2,v7-formal-sf1-resident,640e4ea2-bd76-4e15-be15-017f2550450d,ok,,0,arrow-acero,resident,1,ASIA,1994-01-01,6,False,32,1.0,0.0,0,process_tree,"{""sweep"":""threads""}","[""host_prepare_ms"",""load_ms""]",5,542abf4003633c7c,"[{""nation"":""INDONESIA"",""revenue_1e4"":555020411697},{""nation"":""VIETNAM"",""revenue_1e4"":552950869967},{""nation"":""CHINA"",""revenue_1e4"":537244942566},{""nation"":""INDIA"",""revenue_1e4"":520355120002},{""nation"":""JAPAN"",""revenue_1e4"":454101756954}]",expected_hash_match,,293.594861,,0.0,19.254841,0.0,0.0,0.0,312.856131,4533.040069043636,6001215,7243,6001215,0,0,0,0,677875712,,19182027.792832356,logs/arrow-acero-t32.stdout.jsonl,logs/arrow-acero-t32.stderr.txt,2026-07-14T06:55:14.900400Z,2026-07-14T06:55:19.433450Z,arrow-acero-t32,6f5389df-b98e-47c4-806c-096ab63f2cbb,resident,fixed,284.259542,0.015984,0.0,259329279,0,0,"{""cpu_scan_ms"":""measured"",""d2h_bytes"":""measured"",""d2h_ms"":""measured"",""dataset_load_ms"":""measured"",""gpu_kernel_ms"":""measured"",""h2d_bytes"":""measured"",""h2d_ms"":""measured"",""host_prepare_ms"":""unavailable"",""load_ms"":""unavailable"",""mapped_remote_read_bytes"":""measured"",""overlap_wall_ms"":""measured"",""plan_build_ms"":""measured"",""query_total_ms"":""measured"",""resident_gpu_bytes"":""measured"",""resident_host_bytes"":""measured"",""resident_pinned_bytes"":""measured"",""session_setup_ms"":""measured"",""throughput_rows_per_second"":""measured"",""tune_ms"":""measured""}",1.0,,9,measured,unavailable,
2,v7-formal-sf1-resident,dc19943e-b691-4cbf-9f51-442686b6f2a1,ok,,0,arrow-acero,resident,1,ASIA,1994-01-01,7,False,32,1.0,0.0,0,process_tree,"{""sweep"":""threads""}","[""host_prepare_ms"",""load_ms""]",5,542abf4003633c7c,"[{""nation"":""INDONESIA"",""revenue_1e4"":555020411697},{""nation"":""VIETNAM"",""revenue_1e4"":552950869967},{""nation"":""CHINA"",""revenue_1e4"":537244942566},{""nation"":""INDIA"",""revenue_1e4"":520355120002},{""nation"":""JAPAN"",""revenue_1e4"":454101756954}]",expected_hash_match,,296.653582,,0.0,39.457896,0.0,0.0,0.0,336.117527,4533.040069043636,6001215,7243,6001215,0,0,0,0,677875712,,17854513.727872334,logs/arrow-acero-t32.stdout.jsonl,logs/arrow-acero-t32.stderr.txt,2026-07-14T06:55:14.900400Z,2026-07-14T06:55:19.433450Z,arrow-acero-t32,6f5389df-b98e-47c4-806c-096ab63f2cbb,resident,fixed,284.259542,0.015984,0.0,259329279,0,0,"{""cpu_scan_ms"":""measured"",""d2h_bytes"":""measured"",""d2h_ms"":""measured"",""dataset_load_ms"":""measured"",""gpu_kernel_ms"":""measured"",""h2d_bytes"":""measured"",""h2d_ms"":""measured"",""host_prepare_ms"":""unavailable"",""load_ms"":""unavailable"",""mapped_remote_read_bytes"":""measured"",""overlap_wall_ms"":""measured"",""plan_build_ms"":""measured"",""query_total_ms"":""measured"",""resident_gpu_bytes"":""measured"",""resident_host_bytes"":""measured"",""resident_pinned_bytes"":""measured"",""session_setup_ms"":""measured"",""throughput_rows_per_second"":""measured"",""tune_ms"":""measured""}",1.0,,10,measured,unavailable,
2,v7-formal-sf1-resident,6071adfe-f7e8-4023-b2f2-50d53ed53a60,ok,,0,arrow-acero,resident,1,ASIA,1994-01-01,8,False,32,1.0,0.0,0,process_tree,"{""sweep"":""threads""}","[""host_prepare_ms"",""load_ms""]",5,542abf4003633c7c,"[{""nation"":""INDONESIA"",""revenue_1e4"":555020411697},{""nation"":""VIETNAM"",""revenue_1e4"":552950869967},{""nation"":""CHINA"",""revenue_1e4"":537244942566},{""nation"":""INDIA"",""revenue_1e4"":520355120002},{""nation"":""JAPAN"",""revenue_1e4"":454101756954}]",expected_hash_match,,295.848119,,0.0,31.669961,0.0,0.0,0.0,327.522296,4533.040069043636,6001215,7243,6001215,0,0,0,0,677875712,,18323073.187054113,logs/arrow-acero-t32.stdout.jsonl,logs/arrow-acero-t32.stderr.txt,2026-07-14T06:55:14.900400Z,2026-07-14T06:55:19.433450Z,arrow-acero-t32,6f5389df-b98e-47c4-806c-096ab63f2cbb,resident,fixed,284.259542,0.015984,0.0,259329279,0,0,"{""cpu_scan_ms"":""measured"",""d2h_bytes"":""measured"",""d2h_ms"":""measured"",""dataset_load_ms"":""measured"",""gpu_kernel_ms"":""measured"",""h2d_bytes"":""measured"",""h2d_ms"":""measured"",""host_prepare_ms"":""unavailable"",""load_ms"":""unavailable"",""mapped_remote_read_bytes"":""measured"",""overlap_wall_ms"":""measured"",""plan_build_ms"":""measured"",""query_total_ms"":""measured"",""resident_gpu_bytes"":""measured"",""resident_host_bytes"":""measured"",""resident_pinned_bytes"":""measured"",""session_setup_ms"":""measured"",""throughput_rows_per_second"":""measured"",""tune_ms"":""measured""}",1.0,,11,measured,unavailable,
2,v7-formal-sf1-resident,c10c1768-f24a-49d8-9bcb-cd395d3f4edd,ok,,0,arrow-acero,resident,1,ASIA,1994-01-01,9,False,32,1.0,0.0,0,process_tree,"{""sweep"":""threads""}","[""host_prepare_ms"",""load_ms""]",5,542abf4003633c7c,"[{""nation"":""INDONESIA"",""revenue_1e4"":555020411697},{""nation"":""VIETNAM"",""revenue_1e4"":552950869967},{""nation"":""CHINA"",""revenue_1e4"":537244942566},{""nation"":""INDIA"",""revenue_1e4"":520355120002},{""nation"":""JAPAN"",""revenue_1e4"":454101756954}]",expected_hash_match,,286.766049,,0.0,19.550819,0.0,0.0,0.0,306.321025,4533.040069043636,6001215,7243,6001215,0,0,0,0,677875712,,19591260.508481257,logs/arrow-acero-t32.stdout.jsonl,logs/arrow-acero-t32.stderr.txt,2026-07-14T06:55:14.900400Z,2026-07-14T06:55:19.433450Z,arrow-acero-t32,6f5389df-b98e-47c4-806c-096ab63f2cbb,resident,fixed,284.259542,0.015984,0.0,259329279,0,0,"{""cpu_scan_ms"":""measured"",""d2h_bytes"":""measured"",""d2h_ms"":""measured"",""dataset_load_ms"":""measured"",""gpu_kernel_ms"":""measured"",""h2d_bytes"":""measured"",""h2d_ms"":""measured"",""host_prepare_ms"":""unavailable"",""load_ms"":""unavailable"",""mapped_remote_read_bytes"":""measured"",""overlap_wall_ms"":""measured"",""plan_build_ms"":""measured"",""query_total_ms"":""measured"",""resident_gpu_bytes"":""measured"",""resident_host_bytes"":""measured"",""resident_pinned_bytes"":""measured"",""session_setup_ms"":""measured"",""throughput_rows_per_second"":""measured"",""tune_ms"":""measured""}",1.0,,12,measured,unavailable,
2,v7-formal-sf1-resident,1bc7166c-fe41-4966-a31b-e810e8041ac6,ok,,0,gpu-copy,resident,1,ASIA,1994-01-01,0,False,1,0.0,1.0,0,process_tree,"{""memory_mode"":""copy""}","[""host_prepare_ms"",""load_ms""]",5,542abf4003633c7c,"[{""nation"":""INDONESIA"",""revenue_1e4"":555020411697},{""nation"":""VIETNAM"",""revenue_1e4"":552950869967},{""nation"":""CHINA"",""revenue_1e4"":537244942566},{""nation"":""INDIA"",""revenue_1e4"":520355120002},{""nation"":""JAPAN"",""revenue_1e4"":454101756954}]",expected_hash_match,,0.0,,0.0,0.0,1.2298239469528198,0.01600000075995922,0.0,1.263051,882.5014093890786,6001215,7243,0,6001215,0,212,0,466472960,,4751363959.175045,logs/gpu-copy.stdout.jsonl,logs/gpu-copy.stderr.txt,2026-07-14T06:55:19.436123Z,2026-07-14T06:55:20.318633Z,gpu-copy,2e298c5a-d2cb-493a-a749-71f784f92e22,resident,fixed,278.348601,298.245945,0.0,144064697,144064520,0,"{""cpu_scan_ms"":""measured"",""d2h_bytes"":""measured"",""d2h_ms"":""measured"",""dataset_load_ms"":""measured"",""gpu_kernel_ms"":""measured"",""h2d_bytes"":""measured"",""h2d_ms"":""measured"",""host_prepare_ms"":""unavailable"",""load_ms"":""unavailable"",""mapped_remote_read_bytes"":""measured"",""overlap_wall_ms"":""measured"",""plan_build_ms"":""measured"",""query_total_ms"":""measured"",""resident_gpu_bytes"":""measured"",""resident_host_bytes"":""measured"",""resident_pinned_bytes"":""measured"",""session_setup_ms"":""measured"",""throughput_rows_per_second"":""measured"",""tune_ms"":""measured""}",0.0,,3,measured,unavailable,
2,v7-formal-sf1-resident,915fdc19-1f68-4568-9986-62d3a54b3573,ok,,0,gpu-copy,resident,1,ASIA,1994-01-01,1,False,1,0.0,1.0,0,process_tree,"{""memory_mode"":""copy""}","[""host_prepare_ms"",""load_ms""]",5,542abf4003633c7c,"[{""nation"":""INDONESIA"",""revenue_1e4"":555020411697},{""nation"":""VIETNAM"",""revenue_1e4"":552950869967},{""nation"":""CHINA"",""revenue_1e4"":537244942566},{""nation"":""INDIA"",""revenue_1e4"":520355120002},{""nation"":""JAPAN"",""revenue_1e4"":454101756954}]",expected_hash_match,,0.0,,0.0,0.0,1.2216320037841797,0.01635199971497059,0.0,1.253807,882.5014093890786,6001215,7243,0,6001215,0,212,0,466472960,,4786394556.737999,logs/gpu-copy.stdout.jsonl,logs/gpu-copy.stderr.txt,2026-07-14T06:55:19.436123Z,2026-07-14T06:55:20.318633Z,gpu-copy,2e298c5a-d2cb-493a-a749-71f784f92e22,resident,fixed,278.348601,298.245945,0.0,144064697,144064520,0,"{""cpu_scan_ms"":""measured"",""d2h_bytes"":""measured"",""d2h_ms"":""measured"",""dataset_load_ms"":""measured"",""gpu_kernel_ms"":""measured"",""h2d_bytes"":""measured"",""h2d_ms"":""measured"",""host_prepare_ms"":""unavailable"",""load_ms"":""unavailable"",""mapped_remote_read_bytes"":""measured"",""overlap_wall_ms"":""measured"",""plan_build_ms"":""measured"",""query_total_ms"":""measured"",""resident_gpu_bytes"":""measured"",""resident_host_bytes"":""measured"",""resident_pinned_bytes"":""measured"",""session_setup_ms"":""measured"",""throughput_rows_per_second"":""measured"",""tune_ms"":""measured""}",0.0,,4,measured,unavailable,
2,v7-formal-sf1-resident,cfb01bde-8dd2-456a-bef4-fb5f3ab3013e,ok,,0,gpu-copy,resident,1,ASIA,1994-01-01,2,False,1,0.0,1.0,0,process_tree,"{""memory_mode"":""copy""}","[""host_prepare_ms"",""load_ms""]",5,542abf4003633c7c,"[{""nation"":""INDONESIA"",""revenue_1e4"":555020411697},{""nation"":""VIETNAM"",""revenue_1e4"":552950869967},{""nation"":""CHINA"",""revenue_1e4"":537244942566},{""nation"":""INDIA"",""revenue_1e4"":520355120002},{""nation"":""JAPAN"",""revenue_1e4"":454101756954}]",expected_hash_match,,0.0,,0.0,0.0,1.235967993736267,0.017152000218629837,0.0,1.270302,882.5014093890786,6001215,7243,0,6001215,0,212,0,466472960,,4724242739.128176,logs/gpu-copy.stdout.jsonl,logs/gpu-copy.stderr.txt,2026-07-14T06:55:19.436123Z,2026-07-14T06:55:20.318633Z,gpu-copy,2e298c5a-d2cb-493a-a749-71f784f92e22,resident,fixed,278.348601,298.245945,0.0,144064697,144064520,0,"{""cpu_scan_ms"":""measured"",""d2h_bytes"":""measured"",""d2h_ms"":""measured"",""dataset_load_ms"":""measured"",""gpu_kernel_ms"":""measured"",""h2d_bytes"":""measured"",""h2d_ms"":""measured"",""host_prepare_ms"":""unavailable"",""load_ms"":""unavailable"",""mapped_remote_read_bytes"":""measured"",""overlap_wall_ms"":""measured"",""plan_build_ms"":""measured"",""query_total_ms"":""measured"",""resident_gpu_bytes"":""measured"",""resident_host_bytes"":""measured"",""resident_pinned_bytes"":""measured"",""session_setup_ms"":""measured"",""throughput_rows_per_second"":""measured"",""tune_ms"":""measured""}",0.0,,5,measured,unavailable,
2,v7-formal-sf1-resident,182f72e5-ed23-4621-b90d-ad5deaecf961,ok,,0,gpu-copy,resident,1,ASIA,1994-01-01,3,False,1,0.0,1.0,0,process_tree,"{""memory_mode"":""copy""}","[""host_prepare_ms"",""load_ms""]",5,542abf4003633c7c,"[{""nation"":""INDONESIA"",""revenue_1e4"":555020411697},{""nation"":""VIETNAM"",""revenue_1e4"":552950869967},{""nation"":""CHINA"",""revenue_1e4"":537244942566},{""nation"":""INDIA"",""revenue_1e4"":520355120002},{""nation"":""JAPAN"",""revenue_1e4"":454101756954}]",expected_hash_match,,0.0,,0.0,0.0,1.2421120405197144,0.01692800037562847,0.0,1.2753,882.5014093890786,6001215,7243,0,6001215,0,212,0,466472960,,4705728063.984944,logs/gpu-copy.stdout.jsonl,logs/gpu-copy.stderr.txt,2026-07-14T06:55:19.436123Z,2026-07-14T06:55:20.318633Z,gpu-copy,2e298c5a-d2cb-493a-a749-71f784f92e22,resident,fixed,278.348601,298.245945,0.0,144064697,144064520,0,"{""cpu_scan_ms"":""measured"",""d2h_bytes"":""measured"",""d2h_ms"":""measured"",""dataset_load_ms"":""measured"",""gpu_kernel_ms"":""measured"",""h2d_bytes"":""measured"",""h2d_ms"":""measured"",""host_prepare_ms"":""unavailable"",""load_ms"":""unavailable"",""mapped_remote_read_bytes"":""measured"",""overlap_wall_ms"":""measured"",""plan_build_ms"":""measured"",""query_total_ms"":""measured"",""resident_gpu_bytes"":""measured"",""resident_host_bytes"":""measured"",""resident_pinned_bytes"":""measured"",""session_setup_ms"":""measured"",""throughput_rows_per_second"":""measured"",""tune_ms"":""measured""}",0.0,,6,measured,unavailable,
2,v7-formal-sf1-resident,a09c2f0a-125d-4b02-b949-5e4baab282c9,ok,,0,gpu-copy,resident,1,ASIA,1994-01-01,4,False,1,0.0,1.0,0,process_tree,"{""memory_mode"":""copy""}","[""host_prepare_ms"",""load_ms""]",5,542abf4003633c7c,"[{""nation"":""INDONESIA"",""revenue_1e4"":555020411697},{""nation"":""VIETNAM"",""revenue_1e4"":552950869967},{""nation"":""CHINA"",""revenue_1e4"":537244942566},{""nation"":""INDIA"",""revenue_1e4"":520355120002},{""nation"":""JAPAN"",""revenue_1e4"":454101756954}]",expected_hash_match,,0.0,,0.0,0.0,1.227776050567627,0.016672000288963318,0.0,1.260377,882.5014093890786,6001215,7243,0,6001215,0,212,0,466472960,,4761444393.225202,logs/gpu-copy.stdout.jsonl,logs/gpu-copy.stderr.txt,2026-07-14T06:55:19.436123Z,2026-07-14T06:55:20.318633Z,gpu-copy,2e298c5a-d2cb-493a-a749-71f784f92e22,resident,fixed,278.348601,298.245945,0.0,144064697,144064520,0,"{""cpu_scan_ms"":""measured"",""d2h_bytes"":""measured"",""d2h_ms"":""measured"",""dataset_load_ms"":""measured"",""gpu_kernel_ms"":""measured"",""h2d_bytes"":""measured"",""h2d_ms"":""measured"",""host_prepare_ms"":""unavailable"",""load_ms"":""unavailable"",""mapped_remote_read_bytes"":""measured"",""overlap_wall_ms"":""measured"",""plan_build_ms"":""measured"",""query_total_ms"":""measured"",""resident_gpu_bytes"":""measured"",""resident_host_bytes"":""measured"",""resident_pinned_bytes"":""measured"",""session_setup_ms"":""measured"",""throughput_rows_per_second"":""measured"",""tune_ms"":""measured""}",0.0,,7,measured,unavailable,
2,v7-formal-sf1-resident,c5e32c4a-fe09-4570-a6c2-c99d16f12329,ok,,0,gpu-copy,resident,1,ASIA,1994-01-01,5,False,1,0.0,1.0,0,process_tree,"{""memory_mode"":""copy""}","[""host_prepare_ms"",""load_ms""]",5,542abf4003633c7c,"[{""nation"":""INDONESIA"",""revenue_1e4"":555020411697},{""nation"":""VIETNAM"",""revenue_1e4"":552950869967},{""nation"":""CHINA"",""revenue_1e4"":537244942566},{""nation"":""INDIA"",""revenue_1e4"":520355120002},{""nation"":""JAPAN"",""revenue_1e4"":454101756954}]",expected_hash_match,,0.0,,0.0,0.0,1.2339199781417847,0.015456000342965126,0.0,1.265074,882.5014093890786,6001215,7243,0,6001215,0,212,0,466472960,,4743765977.326227,logs/gpu-copy.stdout.jsonl,logs/gpu-copy.stderr.txt,2026-07-14T06:55:19.436123Z,2026-07-14T06:55:20.318633Z,gpu-copy,2e298c5a-d2cb-493a-a749-71f784f92e22,resident,fixed,278.348601,298.245945,0.0,144064697,144064520,0,"{""cpu_scan_ms"":""measured"",""d2h_bytes"":""measured"",""d2h_ms"":""measured"",""dataset_load_ms"":""measured"",""gpu_kernel_ms"":""measured"",""h2d_bytes"":""measured"",""h2d_ms"":""measured"",""host_prepare_ms"":""unavailable"",""load_ms"":""unavailable"",""mapped_remote_read_bytes"":""measured"",""overlap_wall_ms"":""measured"",""plan_build_ms"":""measured"",""query_total_ms"":""measured"",""resident_gpu_bytes"":""measured"",""resident_host_bytes"":""measured"",""resident_pinned_bytes"":""measured"",""session_setup_ms"":""measured"",""throughput_rows_per_second"":""measured"",""tune_ms"":""measured""}",0.0,,8,measured,unavailable,
2,v7-formal-sf1-resident,30baef2b-5a94-447f-8216-8a9990d731b0,ok,,0,gpu-copy,resident,1,ASIA,1994-01-01,6,False,1,0.0,1.0,0,process_tree,"{""memory_mode"":""copy""}","[""host_prepare_ms"",""load_ms""]",5,542abf4003633c7c,"[{""nation"":""INDONESIA"",""revenue_1e4"":555020411697},{""nation"":""VIETNAM"",""revenue_1e4"":552950869967},{""nation"":""CHINA"",""revenue_1e4"":537244942566},{""nation"":""INDIA"",""revenue_1e4"":520355120002},{""nation"":""JAPAN"",""revenue_1e4"":454101756954}]",expected_hash_match,,0.0,,0.0,0.0,1.2369920015335083,0.016575999557971954,0.0,1.268929,882.5014093890786,6001215,7243,0,6001215,0,212,0,466472960,,4729354439.846517,logs/gpu-copy.stdout.jsonl,logs/gpu-copy.stderr.txt,2026-07-14T06:55:19.436123Z,2026-07-14T06:55:20.318633Z,gpu-copy,2e298c5a-d2cb-493a-a749-71f784f92e22,resident,fixed,278.348601,298.245945,0.0,144064697,144064520,0,"{""cpu_scan_ms"":""measured"",""d2h_bytes"":""measured"",""d2h_ms"":""measured"",""dataset_load_ms"":""measured"",""gpu_kernel_ms"":""measured"",""h2d_bytes"":""measured"",""h2d_ms"":""measured"",""host_prepare_ms"":""unavailable"",""load_ms"":""unavailable"",""mapped_remote_read_bytes"":""measured"",""overlap_wall_ms"":""measured"",""plan_build_ms"":""measured"",""query_total_ms"":""measured"",""resident_gpu_bytes"":""measured"",""resident_host_bytes"":""measured"",""resident_pinned_bytes"":""measured"",""session_setup_ms"":""measured"",""throughput_rows_per_second"":""measured"",""tune_ms"":""measured""}",0.0,,9,measured,unavailable,
2,v7-formal-sf1-resident,c94fa67b-307f-4c49-b9d0-bcca766ef8cc,ok,,0,gpu-copy,resident,1,ASIA,1994-01-01,7,False,1,0.0,1.0,0,process_tree,"{""memory_mode"":""copy""}","[""host_prepare_ms"",""load_ms""]",5,542abf4003633c7c,"[{""nation"":""INDONESIA"",""revenue_1e4"":555020411697},{""nation"":""VIETNAM"",""revenue_1e4"":552950869967},{""nation"":""CHINA"",""revenue_1e4"":537244942566},{""nation"":""INDIA"",""revenue_1e4"":520355120002},{""nation"":""JAPAN"",""revenue_1e4"":454101756954}]",expected_hash_match,,0.0,,0.0,0.0,1.2369920015335083,0.01724799908697605,0.0,1.270502,882.5014093890786,6001215,7243,0,6001215,0,212,0,466472960,,4723499057.852723,logs/gpu-copy.stdout.jsonl,logs/gpu-copy.stderr.txt,2026-07-14T06:55:19.436123Z,2026-07-14T06:55:20.318633Z,gpu-copy,2e298c5a-d2cb-493a-a749-71f784f92e22,resident,fixed,278.348601,298.245945,0.0,144064697,144064520,0,"{""cpu_scan_ms"":""measured"",""d2h_bytes"":""measured"",""d2h_ms"":""measured"",""dataset_load_ms"":""measured"",""gpu_kernel_ms"":""measured"",""h2d_bytes"":""measured"",""h2d_ms"":""measured"",""host_prepare_ms"":""unavailable"",""load_ms"":""unavailable"",""mapped_remote_read_bytes"":""measured"",""overlap_wall_ms"":""measured"",""plan_build_ms"":""measured"",""query_total_ms"":""measured"",""resident_gpu_bytes"":""measured"",""resident_host_bytes"":""measured"",""resident_pinned_bytes"":""measured"",""session_setup_ms"":""measured"",""throughput_rows_per_second"":""measured"",""tune_ms"":""measured""}",0.0,,10,measured,unavailable,
2,v7-formal-sf1-resident,7cc92382-3ea6-462c-a3e0-66cc03e9112c,ok,,0,gpu-copy,resident,1,ASIA,1994-01-01,8,False,1,0.0,1.0,0,process_tree,"{""memory_mode"":""copy""}","[""host_prepare_ms"",""load_ms""]",5,542abf4003633c7c,"[{""nation"":""INDONESIA"",""revenue_1e4"":555020411697},{""nation"":""VIETNAM"",""revenue_1e4"":552950869967},{""nation"":""CHINA"",""revenue_1e4"":537244942566},{""nation"":""INDIA"",""revenue_1e4"":520355120002},{""nation"":""JAPAN"",""revenue_1e4"":454101756954}]",expected_hash_match,,0.0,,0.0,0.0,1.2373119592666626,0.017343999817967415,0.0,1.270712,882.5014093890786,6001215,7243,0,6001215,0,212,0,466472960,,4722718444.462632,logs/gpu-copy.stdout.jsonl,logs/gpu-copy.stderr.txt,2026-07-14T06:55:19.436123Z,2026-07-14T06:55:20.318633Z,gpu-copy,2e298c5a-d2cb-493a-a749-71f784f92e22,resident,fixed,278.348601,298.245945,0.0,144064697,144064520,0,"{""cpu_scan_ms"":""measured"",""d2h_bytes"":""measured"",""d2h_ms"":""measured"",""dataset_load_ms"":""measured"",""gpu_kernel_ms"":""measured"",""h2d_bytes"":""measured"",""h2d_ms"":""measured"",""host_prepare_ms"":""unavailable"",""load_ms"":""unavailable"",""mapped_remote_read_bytes"":""measured"",""overlap_wall_ms"":""measured"",""plan_build_ms"":""measured"",""query_total_ms"":""measured"",""resident_gpu_bytes"":""measured"",""resident_host_bytes"":""measured"",""resident_pinned_bytes"":""measured"",""session_setup_ms"":""measured"",""throughput_rows_per_second"":""measured"",""tune_ms"":""measured""}",0.0,,11,measured,unavailable,
2,v7-formal-sf1-resident,0ba577a1-8459-4284-9890-c6db11d48830,ok,,0,gpu-copy,resident,1,ASIA,1994-01-01,9,False,1,0.0,1.0,0,process_tree,"{""memory_mode"":""copy""}","[""host_prepare_ms"",""load_ms""]",5,542abf4003633c7c,"[{""nation"":""INDONESIA"",""revenue_1e4"":555020411697},{""nation"":""VIETNAM"",""revenue_1e4"":552950869967},{""nation"":""CHINA"",""revenue_1e4"":537244942566},{""nation"":""INDIA"",""revenue_1e4"":520355120002},{""nation"":""JAPAN"",""revenue_1e4"":454101756954}]",expected_hash_match,,0.0,,0.0,0.0,1.2213120460510254,0.015968000516295433,0.0,1.252795,882.5014093890786,6001215,7243,0,6001215,0,212,0,466472960,,4790260976.456642,logs/gpu-copy.stdout.jsonl,logs/gpu-copy.stderr.txt,2026-07-14T06:55:19.436123Z,2026-07-14T06:55:20.318633Z,gpu-copy,2e298c5a-d2cb-493a-a749-71f784f92e22,resident,fixed,278.348601,298.245945,0.0,144064697,144064520,0,"{""cpu_scan_ms"":""measured"",""d2h_bytes"":""measured"",""d2h_ms"":""measured"",""dataset_load_ms"":""measured"",""gpu_kernel_ms"":""measured"",""h2d_bytes"":""measured"",""h2d_ms"":""measured"",""host_prepare_ms"":""unavailable"",""load_ms"":""unavailable"",""mapped_remote_read_bytes"":""measured"",""overlap_wall_ms"":""measured"",""plan_build_ms"":""measured"",""query_total_ms"":""measured"",""resident_gpu_bytes"":""measured"",""resident_host_bytes"":""measured"",""resident_pinned_bytes"":""measured"",""session_setup_ms"":""measured"",""throughput_rows_per_second"":""measured"",""tune_ms"":""measured""}",0.0,,12,measured,unavailable,
2,v7-formal-sf1-resident,51c3b901-4224-4440-b636-c049f427a265,ok,,0,gpu-managed,resident,1,ASIA,1994-01-01,0,False,1,0.0,1.0,0,process_tree,"{""memory_mode"":""managed""}","[""host_prepare_ms"",""load_ms""]",5,542abf4003633c7c,"[{""nation"":""INDONESIA"",""revenue_1e4"":555020411697},{""nation"":""VIETNAM"",""revenue_1e4"":552950869967},{""nation"":""CHINA"",""revenue_1e4"":537244942566},{""nation"":""INDIA"",""revenue_1e4"":520355120002},{""nation"":""JAPAN"",""revenue_1e4"":454101756954}]",expected_hash_match,,0.0,,0.09430400282144547,0.0,1.230847954750061,0.06758400052785873,0.0,1.432412,882.7809728682041,6001215,7243,0,6001215,212,212,0,544968704,,4189587213.734596,logs/gpu-managed.stdout.jsonl,logs/gpu-managed.stderr.txt,2026-07-14T06:55:20.321422Z,2026-07-14T06:55:21.204211Z,gpu-managed,dd6fc08d-b728-4eb9-9d2c-0031f96eda09,resident,fixed,287.616903,327.055302,0.0,144064697,144064520,0,"{""cpu_scan_ms"":""measured"",""d2h_bytes"":""measured"",""d2h_ms"":""measured"",""dataset_load_ms"":""measured"",""gpu_kernel_ms"":""measured"",""h2d_bytes"":""measured"",""h2d_ms"":""measured"",""host_prepare_ms"":""unavailable"",""load_ms"":""unavailable"",""mapped_remote_read_bytes"":""measured"",""overlap_wall_ms"":""measured"",""plan_build_ms"":""measured"",""query_total_ms"":""measured"",""resident_gpu_bytes"":""measured"",""resident_host_bytes"":""measured"",""resident_pinned_bytes"":""measured"",""session_setup_ms"":""measured"",""throughput_rows_per_second"":""measured"",""tune_ms"":""measured""}",0.0,,3,measured,unavailable,
2,v7-formal-sf1-resident,5db7878b-75e9-42ff-8f4c-55b2b3c1f8cd,ok,,0,gpu-managed,resident,1,ASIA,1994-01-01,1,False,1,0.0,1.0,0,process_tree,"{""memory_mode"":""managed""}","[""host_prepare_ms"",""load_ms""]",5,542abf4003633c7c,"[{""nation"":""INDONESIA"",""revenue_1e4"":555020411697},{""nation"":""VIETNAM"",""revenue_1e4"":552950869967},{""nation"":""CHINA"",""revenue_1e4"":537244942566},{""nation"":""INDIA"",""revenue_1e4"":520355120002},{""nation"":""JAPAN"",""revenue_1e4"":454101756954}]",expected_hash_match,,0.0,,0.09529600292444229,0.0,1.2390400171279907,0.06656000018119812,0.0,1.439252,882.7809728682041,6001215,7243,0,6001215,212,212,0,544968704,,4169676331.8723893,logs/gpu-managed.stdout.jsonl,logs/gpu-managed.stderr.txt,2026-07-14T06:55:20.321422Z,2026-07-14T06:55:21.204211Z,gpu-managed,dd6fc08d-b728-4eb9-9d2c-0031f96eda09,resident,fixed,287.616903,327.055302,0.0,144064697,144064520,0,"{""cpu_scan_ms"":""measured"",""d2h_bytes"":""measured"",""d2h_ms"":""measured"",""dataset_load_ms"":""measured"",""gpu_kernel_ms"":""measured"",""h2d_bytes"":""measured"",""h2d_ms"":""measured"",""host_prepare_ms"":""unavailable"",""load_ms"":""unavailable"",""mapped_remote_read_bytes"":""measured"",""overlap_wall_ms"":""measured"",""plan_build_ms"":""measured"",""query_total_ms"":""measured"",""resident_gpu_bytes"":""measured"",""resident_host_bytes"":""measured"",""resident_pinned_bytes"":""measured"",""session_setup_ms"":""measured"",""throughput_rows_per_second"":""measured"",""tune_ms"":""measured""}",0.0,,4,measured,unavailable,
2,v7-formal-sf1-resident,356f7e5b-3d5c-4b74-b747-9a3cf2821771,ok,,0,gpu-managed,resident,1,ASIA,1994-01-01,2,False,1,0.0,1.0,0,process_tree,"{""memory_mode"":""managed""}","[""host_prepare_ms"",""load_ms""]",5,542abf4003633c7c,"[{""nation"":""INDONESIA"",""revenue_1e4"":555020411697},{""nation"":""VIETNAM"",""revenue_1e4"":552950869967},{""nation"":""CHINA"",""revenue_1e4"":537244942566},{""nation"":""INDIA"",""revenue_1e4"":520355120002},{""nation"":""JAPAN"",""revenue_1e4"":454101756954}]",expected_hash_match,,0.0,,0.09622400254011154,0.0,1.2421120405197144,0.07680000364780426,0.0,1.449417,882.7809728682041,6001215,7243,0,6001215,212,212,0,544968704,,4140433705.41397,logs/gpu-managed.stdout.jsonl,logs/gpu-managed.stderr.txt,2026-07-14T06:55:20.321422Z,2026-07-14T06:55:21.204211Z,gpu-managed,dd6fc08d-b728-4eb9-9d2c-0031f96eda09,resident,fixed,287.616903,327.055302,0.0,144064697,144064520,0,"{""cpu_scan_ms"":""measured"",""d2h_bytes"":""measured"",""d2h_ms"":""measured"",""dataset_load_ms"":""measured"",""gpu_kernel_ms"":""measured"",""h2d_bytes"":""measured"",""h2d_ms"":""measured"",""host_prepare_ms"":""unavailable"",""load_ms"":""unavailable"",""mapped_remote_read_bytes"":""measured"",""overlap_wall_ms"":""measured"",""plan_build_ms"":""measured"",""query_total_ms"":""measured"",""resident_gpu_bytes"":""measured"",""resident_host_bytes"":""measured"",""resident_pinned_bytes"":""measured"",""session_setup_ms"":""measured"",""throughput_rows_per_second"":""measured"",""tune_ms"":""measured""}",0.0,,5,measured,unavailable,
2,v7-formal-sf1-resident,a3024153-9e9e-4134-b9ac-3ea50620e890,ok,,0,gpu-managed,resident,1,ASIA,1994-01-01,3,False,1,0.0,1.0,0,process_tree,"{""memory_mode"":""managed""}","[""host_prepare_ms"",""load_ms""]",5,542abf4003633c7c,"[{""nation"":""INDONESIA"",""revenue_1e4"":555020411697},{""nation"":""VIETNAM"",""revenue_1e4"":552950869967},{""nation"":""CHINA"",""revenue_1e4"":537244942566},{""nation"":""INDIA"",""revenue_1e4"":520355120002},{""nation"":""JAPAN"",""revenue_1e4"":454101756954}]",expected_hash_match,,0.0,,0.09523200243711472,0.0,1.2429440021514893,0.06758400052785873,0.0,1.442237,882.7809728682041,6001215,7243,0,6001215,212,212,0,544968704,,4161046346.751609,logs/gpu-managed.stdout.jsonl,logs/gpu-managed.stderr.txt,2026-07-14T06:55:20.321422Z,2026-07-14T06:55:21.204211Z,gpu-managed,dd6fc08d-b728-4eb9-9d2c-0031f96eda09,resident,fixed,287.616903,327.055302,0.0,144064697,144064520,0,"{""cpu_scan_ms"":""measured"",""d2h_bytes"":""measured"",""d2h_ms"":""measured"",""dataset_load_ms"":""measured"",""gpu_kernel_ms"":""measured"",""h2d_bytes"":""measured"",""h2d_ms"":""measured"",""host_prepare_ms"":""unavailable"",""load_ms"":""unavailable"",""mapped_remote_read_bytes"":""measured"",""overlap_wall_ms"":""measured"",""plan_build_ms"":""measured"",""query_total_ms"":""measured"",""resident_gpu_bytes"":""measured"",""resident_host_bytes"":""measured"",""resident_pinned_bytes"":""measured"",""session_setup_ms"":""measured"",""throughput_rows_per_second"":""measured"",""tune_ms"":""measured""}",0.0,,6,measured,unavailable,
2,v7-formal-sf1-resident,0d49f470-b918-44bb-97ff-ab9f1bac9a7d,ok,,0,gpu-managed,resident,1,ASIA,1994-01-01,4,False,1,0.0,1.0,0,process_tree,"{""memory_mode"":""managed""}","[""host_prepare_ms"",""load_ms""]",5,542abf4003633c7c,"[{""nation"":""INDONESIA"",""revenue_1e4"":555020411697},{""nation"":""VIETNAM"",""revenue_1e4"":552950869967},{""nation"":""CHINA"",""revenue_1e4"":537244942566},{""nation"":""INDIA"",""revenue_1e4"":520355120002},{""nation"":""JAPAN"",""revenue_1e4"":454101756954}]",expected_hash_match,,0.0,,0.09523200243711472,0.0,1.248255968093872,0.06758400052785873,0.0,1.441576,882.7809728682041,6001215,7243,0,6001215,212,212,0,544968704,,4162954294.466612,logs/gpu-managed.stdout.jsonl,logs/gpu-managed.stderr.txt,2026-07-14T06:55:20.321422Z,2026-07-14T06:55:21.204211Z,gpu-managed,dd6fc08d-b728-4eb9-9d2c-0031f96eda09,resident,fixed,287.616903,327.055302,0.0,144064697,144064520,0,"{""cpu_scan_ms"":""measured"",""d2h_bytes"":""measured"",""d2h_ms"":""measured"",""dataset_load_ms"":""measured"",""gpu_kernel_ms"":""measured"",""h2d_bytes"":""measured"",""h2d_ms"":""measured"",""host_prepare_ms"":""unavailable"",""load_ms"":""unavailable"",""mapped_remote_read_bytes"":""measured"",""overlap_wall_ms"":""measured"",""plan_build_ms"":""measured"",""query_total_ms"":""measured"",""resident_gpu_bytes"":""measured"",""resident_host_bytes"":""measured"",""resident_pinned_bytes"":""measured"",""session_setup_ms"":""measured"",""throughput_rows_per_second"":""measured"",""tune_ms"":""measured""}",0.0,,7,measured,unavailable,
2,v7-formal-sf1-resident,6cac7c8a-ec01-4bdb-8fa9-9fd946fc0805,ok,,0,gpu-managed,resident,1,ASIA,1994-01-01,5,False,1,0.0,1.0,0,process_tree,"{""memory_mode"":""managed""}","[""host_prepare_ms"",""load_ms""]",5,542abf4003633c7c,"[{""nation"":""INDONESIA"",""revenue_1e4"":555020411697},{""nation"":""VIETNAM"",""revenue_1e4"":552950869967},{""nation"":""CHINA"",""revenue_1e4"":537244942566},{""nation"":""INDIA"",""revenue_1e4"":520355120002},{""nation"":""JAPAN"",""revenue_1e4"":454101756954}]",expected_hash_match,,0.0,,0.09625600278377533,0.0,1.2390400171279907,0.06758400052785873,0.0,1.439262,882.7809728682041,6001215,7243,0,6001215,212,212,0,544968704,,4169647360.939148,logs/gpu-managed.stdout.jsonl,logs/gpu-managed.stderr.txt,2026-07-14T06:55:20.321422Z,2026-07-14T06:55:21.204211Z,gpu-managed,dd6fc08d-b728-4eb9-9d2c-0031f96eda09,resident,fixed,287.616903,327.055302,0.0,144064697,144064520,0,"{""cpu_scan_ms"":""measured"",""d2h_bytes"":""measured"",""d2h_ms"":""measured"",""dataset_load_ms"":""measured"",""gpu_kernel_ms"":""measured"",""h2d_bytes"":""measured"",""h2d_ms"":""measured"",""host_prepare_ms"":""unavailable"",""load_ms"":""unavailable"",""mapped_remote_read_bytes"":""measured"",""overlap_wall_ms"":""measured"",""plan_build_ms"":""measured"",""query_total_ms"":""measured"",""resident_gpu_bytes"":""measured"",""resident_host_bytes"":""measured"",""resident_pinned_bytes"":""measured"",""session_setup_ms"":""measured"",""throughput_rows_per_second"":""measured"",""tune_ms"":""measured""}",0.0,,8,measured,unavailable,
2,v7-formal-sf1-resident,8f4f1dfd-61fc-4c0c-bbb9-07afe29c6e32,ok,,0,gpu-managed,resident,1,ASIA,1994-01-01,6,False,1,0.0,1.0,0,process_tree,"{""memory_mode"":""managed""}","[""host_prepare_ms"",""load_ms""]",5,542abf4003633c7c,"[{""nation"":""INDONESIA"",""revenue_1e4"":555020411697},{""nation"":""VIETNAM"",""revenue_1e4"":552950869967},{""nation"":""CHINA"",""revenue_1e4"":537244942566},{""nation"":""INDIA"",""revenue_1e4"":520355120002},{""nation"":""JAPAN"",""revenue_1e4"":454101756954}]",expected_hash_match,,0.0,,0.0942080020904541,0.0,1.2441600561141968,0.07472000271081924,0.0,1.442076,882.7809728682041,6001215,7243,0,6001215,212,212,0,544968704,,4161510905.1117973,logs/gpu-managed.stdout.jsonl,logs/gpu-managed.stderr.txt,2026-07-14T06:55:20.321422Z,2026-07-14T06:55:21.204211Z,gpu-managed,dd6fc08d-b728-4eb9-9d2c-0031f96eda09,resident,fixed,287.616903,327.055302,0.0,144064697,144064520,0,"{""cpu_scan_ms"":""measured"",""d2h_bytes"":""measured"",""d2h_ms"":""measured"",""dataset_load_ms"":""measured"",""gpu_kernel_ms"":""measured"",""h2d_bytes"":""measured"",""h2d_ms"":""measured"",""host_prepare_ms"":""unavailable"",""load_ms"":""unavailable"",""mapped_remote_read_bytes"":""measured"",""overlap_wall_ms"":""measured"",""plan_build_ms"":""measured"",""query_total_ms"":""measured"",""resident_gpu_bytes"":""measured"",""resident_host_bytes"":""measured"",""resident_pinned_bytes"":""measured"",""session_setup_ms"":""measured"",""throughput_rows_per_second"":""measured"",""tune_ms"":""measured""}",0.0,,9,measured,unavailable,
2,v7-formal-sf1-resident,e334cc66-df97-46f9-9f5c-461f6b28c661,ok,,0,gpu-managed,resident,1,ASIA,1994-01-01,7,False,1,0.0,1.0,0,process_tree,"{""memory_mode"":""managed""}","[""host_prepare_ms"",""load_ms""]",5,542abf4003633c7c,"[{""nation"":""INDONESIA"",""revenue_1e4"":555020411697},{""nation"":""VIETNAM"",""revenue_1e4"":552950869967},{""nation"":""CHINA"",""revenue_1e4"":537244942566},{""nation"":""INDIA"",""revenue_1e4"":520355120002},{""nation"":""JAPAN"",""revenue_1e4"":454101756954}]",expected_hash_match,,0.0,,0.09516800194978714,0.0,1.2339199781417847,0.06844799965620041,0.0,1.432191,882.7809728682041,6001215,7243,0,6001215,212,212,0,544968704,,4190233704.8619914,logs/gpu-managed.stdout.jsonl,logs/gpu-managed.stderr.txt,2026-07-14T06:55:20.321422Z,2026-07-14T06:55:21.204211Z,gpu-managed,dd6fc08d-b728-4eb9-9d2c-0031f96eda09,resident,fixed,287.616903,327.055302,0.0,144064697,144064520,0,"{""cpu_scan_ms"":""measured"",""d2h_bytes"":""measured"",""d2h_ms"":""measured"",""dataset_load_ms"":""measured"",""gpu_kernel_ms"":""measured"",""h2d_bytes"":""measured"",""h2d_ms"":""measured"",""host_prepare_ms"":""unavailable"",""load_ms"":""unavailable"",""mapped_remote_read_bytes"":""measured"",""overlap_wall_ms"":""measured"",""plan_build_ms"":""measured"",""query_total_ms"":""measured"",""resident_gpu_bytes"":""measured"",""resident_host_bytes"":""measured"",""resident_pinned_bytes"":""measured"",""session_setup_ms"":""measured"",""throughput_rows_per_second"":""measured"",""tune_ms"":""measured""}",0.0,,10,measured,unavailable,
2,v7-formal-sf1-resident,3c500919-61b6-4c52-9253-86f06f35171f,ok,,0,gpu-managed,resident,1,ASIA,1994-01-01,8,False,1,0.0,1.0,0,process_tree,"{""memory_mode"":""managed""}","[""host_prepare_ms"",""load_ms""]",5,542abf4003633c7c,"[{""nation"":""INDONESIA"",""revenue_1e4"":555020411697},{""nation"":""VIETNAM"",""revenue_1e4"":552950869967},{""nation"":""CHINA"",""revenue_1e4"":537244942566},{""nation"":""INDIA"",""revenue_1e4"":520355120002},{""nation"":""JAPAN"",""revenue_1e4"":454101756954}]",expected_hash_match,,0.0,,0.09523200243711472,0.0,1.2350080013275146,0.06758400052785873,0.0,1.432111,882.7809728682041,6001215,7243,0,6001215,212,212,0,544968704,,4190467777.986483,logs/gpu-managed.stdout.jsonl,logs/gpu-managed.stderr.txt,2026-07-14T06:55:20.321422Z,2026-07-14T06:55:21.204211Z,gpu-managed,dd6fc08d-b728-4eb9-9d2c-0031f96eda09,resident,fixed,287.616903,327.055302,0.0,144064697,144064520,0,"{""cpu_scan_ms"":""measured"",""d2h_bytes"":""measured"",""d2h_ms"":""measured"",""dataset_load_ms"":""measured"",""gpu_kernel_ms"":""measured"",""h2d_bytes"":""measured"",""h2d_ms"":""measured"",""host_prepare_ms"":""unavailable"",""load_ms"":""unavailable"",""mapped_remote_read_bytes"":""measured"",""overlap_wall_ms"":""measured"",""plan_build_ms"":""measured"",""query_total_ms"":""measured"",""resident_gpu_bytes"":""measured"",""resident_host_bytes"":""measured"",""resident_pinned_bytes"":""measured"",""session_setup_ms"":""measured"",""throughput_rows_per_second"":""measured"",""tune_ms"":""measured""}",0.0,,11,measured,unavailable,
2,v7-formal-sf1-resident,a066ddea-2d2f-4004-8826-ebc4709952fb,ok,,0,gpu-managed,resident,1,ASIA,1994-01-01,9,False,1,0.0,1.0,0,process_tree,"{""memory_mode"":""managed""}","[""host_prepare_ms"",""load_ms""]",5,542abf4003633c7c,"[{""nation"":""INDONESIA"",""revenue_1e4"":555020411697},{""nation"":""VIETNAM"",""revenue_1e4"":552950869967},{""nation"":""CHINA"",""revenue_1e4"":537244942566},{""nation"":""INDIA"",""revenue_1e4"":520355120002},{""nation"":""JAPAN"",""revenue_1e4"":454101756954}]",expected_hash_match,,0.0,,0.09523200243711472,0.0,1.2349439859390259,0.077504001557827,0.0,1.440914,882.7809728682041,6001215,7243,0,6001215,212,212,0,544968704,,4164866883.1033635,logs/gpu-managed.stdout.jsonl,logs/gpu-managed.stderr.txt,2026-07-14T06:55:20.321422Z,2026-07-14T06:55:21.204211Z,gpu-managed,dd6fc08d-b728-4eb9-9d2c-0031f96eda09,resident,fixed,287.616903,327.055302,0.0,144064697,144064520,0,"{""cpu_scan_ms"":""measured"",""d2h_bytes"":""measured"",""d2h_ms"":""measured"",""dataset_load_ms"":""measured"",""gpu_kernel_ms"":""measured"",""h2d_bytes"":""measured"",""h2d_ms"":""measured"",""host_prepare_ms"":""unavailable"",""load_ms"":""unavailable"",""mapped_remote_read_bytes"":""measured"",""overlap_wall_ms"":""measured"",""plan_build_ms"":""measured"",""query_total_ms"":""measured"",""resident_gpu_bytes"":""measured"",""resident_host_bytes"":""measured"",""resident_pinned_bytes"":""measured"",""session_setup_ms"":""measured"",""throughput_rows_per_second"":""measured"",""tune_ms"":""measured""}",0.0,,12,measured,unavailable,
2,v7-formal-sf1-resident,4e5e4f4a-ed67-4914-b090-8c5692ebd41e,ok,,0,gpu-mapped,resident,1,ASIA,1994-01-01,0,False,1,0.0,1.0,0,process_tree,"{""memory_mode"":""mapped""}","[""host_prepare_ms"",""load_ms""]",5,542abf4003633c7c,"[{""nation"":""INDONESIA"",""revenue_1e4"":555020411697},{""nation"":""VIETNAM"",""revenue_1e4"":552950869967},{""nation"":""CHINA"",""revenue_1e4"":537244942566},{""nation"":""INDIA"",""revenue_1e4"":520355120002},{""nation"":""JAPAN"",""revenue_1e4"":454101756954}]",expected_hash_match,,0.0,,0.0,0.0,2.532288074493408,0.02191999927163124,0.0,22.965087,1257.3217693716288,6001215,7243,0,6001215,0,212,96106356,691060736,,261319062.27918926,logs/gpu-mapped.stdout.jsonl,logs/gpu-mapped.stderr.txt,2026-07-14T06:55:21.206903Z,2026-07-14T06:55:22.464234Z,gpu-mapped,0534fad5-427f-4756-8762-f033e9a4d457,resident,fixed,279.826957,378.731561,0.0,144064697,212,144064308,"{""cpu_scan_ms"":""measured"",""d2h_bytes"":""measured"",""d2h_ms"":""measured"",""dataset_load_ms"":""measured"",""gpu_kernel_ms"":""measured"",""h2d_bytes"":""measured"",""h2d_ms"":""measured"",""host_prepare_ms"":""unavailable"",""load_ms"":""unavailable"",""mapped_remote_read_bytes"":""measured"",""overlap_wall_ms"":""measured"",""plan_build_ms"":""measured"",""query_total_ms"":""measured"",""resident_gpu_bytes"":""measured"",""resident_host_bytes"":""measured"",""resident_pinned_bytes"":""measured"",""session_setup_ms"":""measured"",""throughput_rows_per_second"":""measured"",""tune_ms"":""measured""}",0.0,,3,measured,unavailable,
2,v7-formal-sf1-resident,389de3a0-2f2e-4adc-ae56-81a40c7d3dbd,ok,,0,gpu-mapped,resident,1,ASIA,1994-01-01,1,False,1,0.0,1.0,0,process_tree,"{""memory_mode"":""mapped""}","[""host_prepare_ms"",""load_ms""]",5,542abf4003633c7c,"[{""nation"":""INDONESIA"",""revenue_1e4"":555020411697},{""nation"":""VIETNAM"",""revenue_1e4"":552950869967},{""nation"":""CHINA"",""revenue_1e4"":537244942566},{""nation"":""INDIA"",""revenue_1e4"":520355120002},{""nation"":""JAPAN"",""revenue_1e4"":454101756954}]",expected_hash_match,,0.0,,0.0,0.0,2.529279947280884,0.022336000576615334,0.0,22.960982,1257.3217693716288,6001215,7243,0,6001215,0,212,96106356,691060736,,261365781.30674025,logs/gpu-mapped.stdout.jsonl,logs/gpu-mapped.stderr.txt,2026-07-14T06:55:21.206903Z,2026-07-14T06:55:22.464234Z,gpu-mapped,0534fad5-427f-4756-8762-f033e9a4d457,resident,fixed,279.826957,378.731561,0.0,144064697,212,144064308,"{""cpu_scan_ms"":""measured"",""d2h_bytes"":""measured"",""d2h_ms"":""measured"",""dataset_load_ms"":""measured"",""gpu_kernel_ms"":""measured"",""h2d_bytes"":""measured"",""h2d_ms"":""measured"",""host_prepare_ms"":""unavailable"",""load_ms"":""unavailable"",""mapped_remote_read_bytes"":""measured"",""overlap_wall_ms"":""measured"",""plan_build_ms"":""measured"",""query_total_ms"":""measured"",""resident_gpu_bytes"":""measured"",""resident_host_bytes"":""measured"",""resident_pinned_bytes"":""measured"",""session_setup_ms"":""measured"",""throughput_rows_per_second"":""measured"",""tune_ms"":""measured""}",0.0,,4,measured,unavailable,
2,v7-formal-sf1-resident,4c1ce048-cbe7-45f3-beff-61a8f943cb32,ok,,0,gpu-mapped,resident,1,ASIA,1994-01-01,2,False,1,0.0,1.0,0,process_tree,"{""memory_mode"":""mapped""}","[""host_prepare_ms"",""load_ms""]",5,542abf4003633c7c,"[{""nation"":""INDONESIA"",""revenue_1e4"":555020411697},{""nation"":""VIETNAM"",""revenue_1e4"":552950869967},{""nation"":""CHINA"",""revenue_1e4"":537244942566},{""nation"":""INDIA"",""revenue_1e4"":520355120002},{""nation"":""JAPAN"",""revenue_1e4"":454101756954}]",expected_hash_match,,0.0,,0.0,0.0,2.5323519706726074,0.023552000522613525,0.0,23.129631,1257.3217693716288,6001215,7243,0,6001215,0,212,96106356,691060736,,259460040.6725036,logs/gpu-mapped.stdout.jsonl,logs/gpu-mapped.stderr.txt,2026-07-14T06:55:21.206903Z,2026-07-14T06:55:22.464234Z,gpu-mapped,0534fad5-427f-4756-8762-f033e9a4d457,resident,fixed,279.826957,378.731561,0.0,144064697,212,144064308,"{""cpu_scan_ms"":""measured"",""d2h_bytes"":""measured"",""d2h_ms"":""measured"",""dataset_load_ms"":""measured"",""gpu_kernel_ms"":""measured"",""h2d_bytes"":""measured"",""h2d_ms"":""measured"",""host_prepare_ms"":""unavailable"",""load_ms"":""unavailable"",""mapped_remote_read_bytes"":""measured"",""overlap_wall_ms"":""measured"",""plan_build_ms"":""measured"",""query_total_ms"":""measured"",""resident_gpu_bytes"":""measured"",""resident_host_bytes"":""measured"",""resident_pinned_bytes"":""measured"",""session_setup_ms"":""measured"",""throughput_rows_per_second"":""measured"",""tune_ms"":""measured""}",0.0,,5,measured,unavailable,
2,v7-formal-sf1-resident,41a4ebb2-b306-4b33-8b9c-8dcd5833ca84,ok,,0,gpu-mapped,resident,1,ASIA,1994-01-01,3,False,1,0.0,1.0,0,process_tree,"{""memory_mode"":""mapped""}","[""host_prepare_ms"",""load_ms""]",5,542abf4003633c7c,"[{""nation"":""INDONESIA"",""revenue_1e4"":555020411697},{""nation"":""VIETNAM"",""revenue_1e4"":552950869967},{""nation"":""CHINA"",""revenue_1e4"":537244942566},{""nation"":""INDIA"",""revenue_1e4"":520355120002},{""nation"":""JAPAN"",""revenue_1e4"":454101756954}]",expected_hash_match,,0.0,,0.0,0.0,2.532320022583008,0.022624000906944275,0.0,23.016093,1257.3217693716288,6001215,7243,0,6001215,0,212,96106356,691060736,,260739952.69310042,logs/gpu-mapped.stdout.jsonl,logs/gpu-mapped.stderr.txt,2026-07-14T06:55:21.206903Z,2026-07-14T06:55:22.464234Z,gpu-mapped,0534fad5-427f-4756-8762-f033e9a4d457,resident,fixed,279.826957,378.731561,0.0,144064697,212,144064308,"{""cpu_scan_ms"":""measured"",""d2h_bytes"":""measured"",""d2h_ms"":""measured"",""dataset_load_ms"":""measured"",""gpu_kernel_ms"":""measured"",""h2d_bytes"":""measured"",""h2d_ms"":""measured"",""host_prepare_ms"":""unavailable"",""load_ms"":""unavailable"",""mapped_remote_read_bytes"":""measured"",""overlap_wall_ms"":""measured"",""plan_build_ms"":""measured"",""query_total_ms"":""measured"",""resident_gpu_bytes"":""measured"",""resident_host_bytes"":""measured"",""resident_pinned_bytes"":""measured"",""session_setup_ms"":""measured"",""throughput_rows_per_second"":""measured"",""tune_ms"":""measured""}",0.0,,6,measured,unavailable,
2,v7-formal-sf1-resident,394faf45-8fb0-482b-902e-ae94537660eb,ok,,0,gpu-mapped,resident,1,ASIA,1994-01-01,4,False,1,0.0,1.0,0,process_tree,"{""memory_mode"":""mapped""}","[""host_prepare_ms"",""load_ms""]",5,542abf4003633c7c,"[{""nation"":""INDONESIA"",""revenue_1e4"":555020411697},{""nation"":""VIETNAM"",""revenue_1e4"":552950869967},{""nation"":""CHINA"",""revenue_1e4"":537244942566},{""nation"":""INDIA"",""revenue_1e4"":520355120002},{""nation"":""JAPAN"",""revenue_1e4"":454101756954}]",expected_hash_match,,0.0,,0.0,0.0,2.531327962875366,0.02143999934196472,0.0,22.977837,1257.3217693716288,6001215,7243,0,6001215,0,212,96106356,691060736,,261174060.90051034,logs/gpu-mapped.stdout.jsonl,logs/gpu-mapped.stderr.txt,2026-07-14T06:55:21.206903Z,2026-07-14T06:55:22.464234Z,gpu-mapped,0534fad5-427f-4756-8762-f033e9a4d457,resident,fixed,279.826957,378.731561,0.0,144064697,212,144064308,"{""cpu_scan_ms"":""measured"",""d2h_bytes"":""measured"",""d2h_ms"":""measured"",""dataset_load_ms"":""measured"",""gpu_kernel_ms"":""measured"",""h2d_bytes"":""measured"",""h2d_ms"":""measured"",""host_prepare_ms"":""unavailable"",""load_ms"":""unavailable"",""mapped_remote_read_bytes"":""measured"",""overlap_wall_ms"":""measured"",""plan_build_ms"":""measured"",""query_total_ms"":""measured"",""resident_gpu_bytes"":""measured"",""resident_host_bytes"":""measured"",""resident_pinned_bytes"":""measured"",""session_setup_ms"":""measured"",""throughput_rows_per_second"":""measured"",""tune_ms"":""measured""}",0.0,,7,measured,unavailable,
2,v7-formal-sf1-resident,0df5e93e-d68f-4ebf-9861-2e87f8d7e6ab,ok,,0,gpu-mapped,resident,1,ASIA,1994-01-01,5,False,1,0.0,1.0,0,process_tree,"{""memory_mode"":""mapped""}","[""host_prepare_ms"",""load_ms""]",5,542abf4003633c7c,"[{""nation"":""INDONESIA"",""revenue_1e4"":555020411697},{""nation"":""VIETNAM"",""revenue_1e4"":552950869967},{""nation"":""CHINA"",""revenue_1e4"":537244942566},{""nation"":""INDIA"",""revenue_1e4"":520355120002},{""nation"":""JAPAN"",""revenue_1e4"":454101756954}]",expected_hash_match,,0.0,,0.0,0.0,2.5295040607452393,0.02304000034928322,0.0,23.214827,1257.3217693716288,6001215,7243,0,6001215,0,212,96106356,691060736,,258507849.31543967,logs/gpu-mapped.stdout.jsonl,logs/gpu-mapped.stderr.txt,2026-07-14T06:55:21.206903Z,2026-07-14T06:55:22.464234Z,gpu-mapped,0534fad5-427f-4756-8762-f033e9a4d457,resident,fixed,279.826957,378.731561,0.0,144064697,212,144064308,"{""cpu_scan_ms"":""measured"",""d2h_bytes"":""measured"",""d2h_ms"":""measured"",""dataset_load_ms"":""measured"",""gpu_kernel_ms"":""measured"",""h2d_bytes"":""measured"",""h2d_ms"":""measured"",""host_prepare_ms"":""unavailable"",""load_ms"":""unavailable"",""mapped_remote_read_bytes"":""measured"",""overlap_wall_ms"":""measured"",""plan_build_ms"":""measured"",""query_total_ms"":""measured"",""resident_gpu_bytes"":""measured"",""resident_host_bytes"":""measured"",""resident_pinned_bytes"":""measured"",""session_setup_ms"":""measured"",""throughput_rows_per_second"":""measured"",""tune_ms"":""measured""}",0.0,,8,measured,unavailable,
2,v7-formal-sf1-resident,eea79e1a-f3c0-4648-9d28-bd3a7fac65ae,ok,,0,gpu-mapped,resident,1,ASIA,1994-01-01,6,False,1,0.0,1.0,0,process_tree,"{""memory_mode"":""mapped""}","[""host_prepare_ms"",""load_ms""]",5,542abf4003633c7c,"[{""nation"":""INDONESIA"",""revenue_1e4"":555020411697},{""nation"":""VIETNAM"",""revenue_1e4"":552950869967},{""nation"":""CHINA"",""revenue_1e4"":537244942566},{""nation"":""INDIA"",""revenue_1e4"":520355120002},{""nation"":""JAPAN"",""revenue_1e4"":454101756954}]",expected_hash_match,,0.0,,0.0,0.0,2.531327962875366,0.02412799932062626,0.0,22.920652,1257.3217693716288,6001215,7243,0,6001215,0,212,96106356,691060736,,261825667.08835334,logs/gpu-mapped.stdout.jsonl,logs/gpu-mapped.stderr.txt,2026-07-14T06:55:21.206903Z,2026-07-14T06:55:22.464234Z,gpu-mapped,0534fad5-427f-4756-8762-f033e9a4d457,resident,fixed,279.826957,378.731561,0.0,144064697,212,144064308,"{""cpu_scan_ms"":""measured"",""d2h_bytes"":""measured"",""d2h_ms"":""measured"",""dataset_load_ms"":""measured"",""gpu_kernel_ms"":""measured"",""h2d_bytes"":""measured"",""h2d_ms"":""measured"",""host_prepare_ms"":""unavailable"",""load_ms"":""unavailable"",""mapped_remote_read_bytes"":""measured"",""overlap_wall_ms"":""measured"",""plan_build_ms"":""measured"",""query_total_ms"":""measured"",""resident_gpu_bytes"":""measured"",""resident_host_bytes"":""measured"",""resident_pinned_bytes"":""measured"",""session_setup_ms"":""measured"",""throughput_rows_per_second"":""measured"",""tune_ms"":""measured""}",0.0,,9,measured,unavailable,
2,v7-formal-sf1-resident,edd7deb7-17fa-433b-84f5-6955cba2bc29,ok,,0,gpu-mapped,resident,1,ASIA,1994-01-01,7,False,1,0.0,1.0,0,process_tree,"{""memory_mode"":""mapped""}","[""host_prepare_ms"",""load_ms""]",5,542abf4003633c7c,"[{""nation"":""INDONESIA"",""revenue_1e4"":555020411697},{""nation"":""VIETNAM"",""revenue_1e4"":552950869967},{""nation"":""CHINA"",""revenue_1e4"":537244942566},{""nation"":""INDIA"",""revenue_1e4"":520355120002},{""nation"":""JAPAN"",""revenue_1e4"":454101756954}]",expected_hash_match,,0.0,,0.0,0.0,2.528287887573242,0.02147199958562851,0.0,22.926731,1257.3217693716288,6001215,7243,0,6001215,0,212,96106356,691060736,,261756244.27224272,logs/gpu-mapped.stdout.jsonl,logs/gpu-mapped.stderr.txt,2026-07-14T06:55:21.206903Z,2026-07-14T06:55:22.464234Z,gpu-mapped,0534fad5-427f-4756-8762-f033e9a4d457,resident,fixed,279.826957,378.731561,0.0,144064697,212,144064308,"{""cpu_scan_ms"":""measured"",""d2h_bytes"":""measured"",""d2h_ms"":""measured"",""dataset_load_ms"":""measured"",""gpu_kernel_ms"":""measured"",""h2d_bytes"":""measured"",""h2d_ms"":""measured"",""host_prepare_ms"":""unavailable"",""load_ms"":""unavailable"",""mapped_remote_read_bytes"":""measured"",""overlap_wall_ms"":""measured"",""plan_build_ms"":""measured"",""query_total_ms"":""measured"",""resident_gpu_bytes"":""measured"",""resident_host_bytes"":""measured"",""resident_pinned_bytes"":""measured"",""session_setup_ms"":""measured"",""throughput_rows_per_second"":""measured"",""tune_ms"":""measured""}",0.0,,10,measured,unavailable,
2,v7-formal-sf1-resident,1b79361b-de9e-49b2-8d2b-1e9a2221a87b,ok,,0,gpu-mapped,resident,1,ASIA,1994-01-01,8,False,1,0.0,1.0,0,process_tree,"{""memory_mode"":""mapped""}","[""host_prepare_ms"",""load_ms""]",5,542abf4003633c7c,"[{""nation"":""INDONESIA"",""revenue_1e4"":555020411697},{""nation"":""VIETNAM"",""revenue_1e4"":552950869967},{""nation"":""CHINA"",""revenue_1e4"":537244942566},{""nation"":""INDIA"",""revenue_1e4"":520355120002},{""nation"":""JAPAN"",""revenue_1e4"":454101756954}]",expected_hash_match,,0.0,,0.0,0.0,2.531327962875366,0.02195199951529503,0.0,23.09475,1257.3217693716288,6001215,7243,0,6001215,0,212,96106356,691060736,,259851914.39612898,logs/gpu-mapped.stdout.jsonl,logs/gpu-mapped.stderr.txt,2026-07-14T06:55:21.206903Z,2026-07-14T06:55:22.464234Z,gpu-mapped,0534fad5-427f-4756-8762-f033e9a4d457,resident,fixed,279.826957,378.731561,0.0,144064697,212,144064308,"{""cpu_scan_ms"":""measured"",""d2h_bytes"":""measured"",""d2h_ms"":""measured"",""dataset_load_ms"":""measured"",""gpu_kernel_ms"":""measured"",""h2d_bytes"":""measured"",""h2d_ms"":""measured"",""host_prepare_ms"":""unavailable"",""load_ms"":""unavailable"",""mapped_remote_read_bytes"":""measured"",""overlap_wall_ms"":""measured"",""plan_build_ms"":""measured"",""query_total_ms"":""measured"",""resident_gpu_bytes"":""measured"",""resident_host_bytes"":""measured"",""resident_pinned_bytes"":""measured"",""session_setup_ms"":""measured"",""throughput_rows_per_second"":""measured"",""tune_ms"":""measured""}",0.0,,11,measured,unavailable,
2,v7-formal-sf1-resident,8cb664c8-f324-4afa-bb94-f47fa10f5dd3,ok,,0,gpu-mapped,resident,1,ASIA,1994-01-01,9,False,1,0.0,1.0,0,process_tree,"{""memory_mode"":""mapped""}","[""host_prepare_ms"",""load_ms""]",5,542abf4003633c7c,"[{""nation"":""INDONESIA"",""revenue_1e4"":555020411697},{""nation"":""VIETNAM"",""revenue_1e4"":552950869967},{""nation"":""CHINA"",""revenue_1e4"":537244942566},{""nation"":""INDIA"",""revenue_1e4"":520355120002},{""nation"":""JAPAN"",""revenue_1e4"":454101756954}]",expected_hash_match,,0.0,,0.0,0.0,2.530303955078125,0.02175999991595745,0.0,22.916065,1257.3217693716288,6001215,7243,0,6001215,0,212,96106356,691060736,,261878075.4898365,logs/gpu-mapped.stdout.jsonl,logs/gpu-mapped.stderr.txt,2026-07-14T06:55:21.206903Z,2026-07-14T06:55:22.464234Z,gpu-mapped,0534fad5-427f-4756-8762-f033e9a4d457,resident,fixed,279.826957,378.731561,0.0,144064697,212,144064308,"{""cpu_scan_ms"":""measured"",""d2h_bytes"":""measured"",""d2h_ms"":""measured"",""dataset_load_ms"":""measured"",""gpu_kernel_ms"":""measured"",""h2d_bytes"":""measured"",""h2d_ms"":""measured"",""host_prepare_ms"":""unavailable"",""load_ms"":""unavailable"",""mapped_remote_read_bytes"":""measured"",""overlap_wall_ms"":""measured"",""plan_build_ms"":""measured"",""query_total_ms"":""measured"",""resident_gpu_bytes"":""measured"",""resident_host_bytes"":""measured"",""resident_pinned_bytes"":""measured"",""session_setup_ms"":""measured"",""throughput_rows_per_second"":""measured"",""tune_ms"":""measured""}",0.0,,12,measured,unavailable,
2,v7-formal-sf1-resident,2a173e4a-e31b-4300-ad43-25fbaeae4de9,ok,,0,cudf,resident,1,ASIA,1994-01-01,0,False,1,0.0,1.0,0,process_tree,"{""framework"":""cudf""}","[""cpu_scan_ms"",""d2h_bytes"",""d2h_ms"",""gpu_kernel_ms"",""h2d_bytes"",""h2d_ms"",""host_prepare_ms"",""load_ms"",""mapped_remote_read_bytes"",""overlap_wall_ms"",""plan_build_ms""]",5,542abf4003633c7c,"[{""nation"":""INDONESIA"",""revenue_1e4"":555020411697},{""nation"":""VIETNAM"",""revenue_1e4"":552950869967},{""nation"":""CHINA"",""revenue_1e4"":537244942566},{""nation"":""INDIA"",""revenue_1e4"":520355120002},{""nation"":""JAPAN"",""revenue_1e4"":454101756954}]",expected_hash_match,,,,,,,,,13.705431949347258,3700.0076761469245,6001215,7243,0,6001215,,,,1260331008,,437871277.76631784,logs/cudf.stdout.jsonl,logs/cudf.stderr.txt,2026-07-14T06:55:22.466970Z,2026-07-14T06:55:26.166986Z,cudf,7afc2d3e-186d-416f-99ab-447559165d92,resident,fixed,875.3235880285501,263.8863269239664,0.0,0,145304859,0,"{""cpu_scan_ms"":""unavailable"",""d2h_bytes"":""unavailable"",""d2h_ms"":""unavailable"",""dataset_load_ms"":""measured"",""gpu_kernel_ms"":""unavailable"",""h2d_bytes"":""unavailable"",""h2d_ms"":""unavailable"",""host_prepare_ms"":""unavailable"",""load_ms"":""unavailable"",""mapped_remote_read_bytes"":""unavailable"",""overlap_wall_ms"":""unavailable"",""plan_build_ms"":""unavailable"",""query_total_ms"":""measured"",""resident_gpu_bytes"":""measured"",""resident_host_bytes"":""measured"",""resident_pinned_bytes"":""measured"",""session_setup_ms"":""measured"",""throughput_rows_per_second"":""measured"",""tune_ms"":""measured""}",0.0,,3,measured,unavailable,
2,v7-formal-sf1-resident,e1f12e42-a0d9-4128-be63-d24eefbd4a0c,ok,,0,cudf,resident,1,ASIA,1994-01-01,1,False,1,0.0,1.0,0,process_tree,"{""framework"":""cudf""}","[""cpu_scan_ms"",""d2h_bytes"",""d2h_ms"",""gpu_kernel_ms"",""h2d_bytes"",""h2d_ms"",""host_prepare_ms"",""load_ms"",""mapped_remote_read_bytes"",""overlap_wall_ms"",""plan_build_ms""]",5,542abf4003633c7c,"[{""nation"":""INDONESIA"",""revenue_1e4"":555020411697},{""nation"":""VIETNAM"",""revenue_1e4"":552950869967},{""nation"":""CHINA"",""revenue_1e4"":537244942566},{""nation"":""INDIA"",""revenue_1e4"":520355120002},{""nation"":""JAPAN"",""revenue_1e4"":454101756954}]",expected_hash_match,,,,,,,,,12.73431396111846,3700.0076761469245,6001215,7243,0,6001215,,,,1260331008,,471263314.09163016,logs/cudf.stdout.jsonl,logs/cudf.stderr.txt,2026-07-14T06:55:22.466970Z,2026-07-14T06:55:26.166986Z,cudf,7afc2d3e-186d-416f-99ab-447559165d92,resident,fixed,875.3235880285501,263.8863269239664,0.0,0,145304859,0,"{""cpu_scan_ms"":""unavailable"",""d2h_bytes"":""unavailable"",""d2h_ms"":""unavailable"",""dataset_load_ms"":""measured"",""gpu_kernel_ms"":""unavailable"",""h2d_bytes"":""unavailable"",""h2d_ms"":""unavailable"",""host_prepare_ms"":""unavailable"",""load_ms"":""unavailable"",""mapped_remote_read_bytes"":""unavailable"",""overlap_wall_ms"":""unavailable"",""plan_build_ms"":""unavailable"",""query_total_ms"":""measured"",""resident_gpu_bytes"":""measured"",""resident_host_bytes"":""measured"",""resident_pinned_bytes"":""measured"",""session_setup_ms"":""measured"",""throughput_rows_per_second"":""measured"",""tune_ms"":""measured""}",0.0,,4,measured,unavailable,
2,v7-formal-sf1-resident,4793db57-9c8a-41ce-8e09-c3aeeb057e1b,ok,,0,cudf,resident,1,ASIA,1994-01-01,2,False,1,0.0,1.0,0,process_tree,"{""framework"":""cudf""}","[""cpu_scan_ms"",""d2h_bytes"",""d2h_ms"",""gpu_kernel_ms"",""h2d_bytes"",""h2d_ms"",""host_prepare_ms"",""load_ms"",""mapped_remote_read_bytes"",""overlap_wall_ms"",""plan_build_ms""]",5,542abf4003633c7c,"[{""nation"":""INDONESIA"",""revenue_1e4"":555020411697},{""nation"":""VIETNAM"",""revenue_1e4"":552950869967},{""nation"":""CHINA"",""revenue_1e4"":537244942566},{""nation"":""INDIA"",""revenue_1e4"":520355120002},{""nation"":""JAPAN"",""revenue_1e4"":454101756954}]",expected_hash_match,,,,,,,,,12.78545893728733,3700.0076761469245,6001215,7243,0,6001215,,,,1260331008,,469378145.0815302,logs/cudf.stdout.jsonl,logs/cudf.stderr.txt,2026-07-14T06:55:22.466970Z,2026-07-14T06:55:26.166986Z,cudf,7afc2d3e-186d-416f-99ab-447559165d92,resident,fixed,875.3235880285501,263.8863269239664,0.0,0,145304859,0,"{""cpu_scan_ms"":""unavailable"",""d2h_bytes"":""unavailable"",""d2h_ms"":""unavailable"",""dataset_load_ms"":""measured"",""gpu_kernel_ms"":""unavailable"",""h2d_bytes"":""unavailable"",""h2d_ms"":""unavailable"",""host_prepare_ms"":""unavailable"",""load_ms"":""unavailable"",""mapped_remote_read_bytes"":""unavailable"",""overlap_wall_ms"":""unavailable"",""plan_build_ms"":""unavailable"",""query_total_ms"":""measured"",""resident_gpu_bytes"":""measured"",""resident_host_bytes"":""measured"",""resident_pinned_bytes"":""measured"",""session_setup_ms"":""measured"",""throughput_rows_per_second"":""measured"",""tune_ms"":""measured""}",0.0,,5,measured,unavailable,
2,v7-formal-sf1-resident,2c69d3b1-034a-4d06-ae90-94285cd4c05a,ok,,0,cudf,resident,1,ASIA,1994-01-01,3,False,1,0.0,1.0,0,process_tree,"{""framework"":""cudf""}","[""cpu_scan_ms"",""d2h_bytes"",""d2h_ms"",""gpu_kernel_ms"",""h2d_bytes"",""h2d_ms"",""host_prepare_ms"",""load_ms"",""mapped_remote_read_bytes"",""overlap_wall_ms"",""plan_build_ms""]",5,542abf4003633c7c,"[{""nation"":""INDONESIA"",""revenue_1e4"":555020411697},{""nation"":""VIETNAM"",""revenue_1e4"":552950869967},{""nation"":""CHINA"",""revenue_1e4"":537244942566},{""nation"":""INDIA"",""revenue_1e4"":520355120002},{""nation"":""JAPAN"",""revenue_1e4"":454101756954}]",expected_hash_match,,,,,,,,,12.780933175235987,3700.0076761469245,6001215,7243,0,6001215,,,,1260331008,,469544353.1171732,logs/cudf.stdout.jsonl,logs/cudf.stderr.txt,2026-07-14T06:55:22.466970Z,2026-07-14T06:55:26.166986Z,cudf,7afc2d3e-186d-416f-99ab-447559165d92,resident,fixed,875.3235880285501,263.8863269239664,0.0,0,145304859,0,"{""cpu_scan_ms"":""unavailable"",""d2h_bytes"":""unavailable"",""d2h_ms"":""unavailable"",""dataset_load_ms"":""measured"",""gpu_kernel_ms"":""unavailable"",""h2d_bytes"":""unavailable"",""h2d_ms"":""unavailable"",""host_prepare_ms"":""unavailable"",""load_ms"":""unavailable"",""mapped_remote_read_bytes"":""unavailable"",""overlap_wall_ms"":""unavailable"",""plan_build_ms"":""unavailable"",""query_total_ms"":""measured"",""resident_gpu_bytes"":""measured"",""resident_host_bytes"":""measured"",""resident_pinned_bytes"":""measured"",""session_setup_ms"":""measured"",""throughput_rows_per_second"":""measured"",""tune_ms"":""measured""}",0.0,,6,measured,unavailable,
2,v7-formal-sf1-resident,f86f86db-1ba1-42c4-8044-2633fa428c0d,ok,,0,cudf,resident,1,ASIA,1994-01-01,4,False,1,0.0,1.0,0,process_tree,"{""framework"":""cudf""}","[""cpu_scan_ms"",""d2h_bytes"",""d2h_ms"",""gpu_kernel_ms"",""h2d_bytes"",""h2d_ms"",""host_prepare_ms"",""load_ms"",""mapped_remote_read_bytes"",""overlap_wall_ms"",""plan_build_ms""]",5,542abf4003633c7c,"[{""nation"":""INDONESIA"",""revenue_1e4"":555020411697},{""nation"":""VIETNAM"",""revenue_1e4"":552950869967},{""nation"":""CHINA"",""revenue_1e4"":537244942566},{""nation"":""INDIA"",""revenue_1e4"":520355120002},{""nation"":""JAPAN"",""revenue_1e4"":454101756954}]",expected_hash_match,,,,,,,,,12.799208983778954,3700.0076761469245,6001215,7243,0,6001215,,,,1260331008,,468873897.4108185,logs/cudf.stdout.jsonl,logs/cudf.stderr.txt,2026-07-14T06:55:22.466970Z,2026-07-14T06:55:26.166986Z,cudf,7afc2d3e-186d-416f-99ab-447559165d92,resident,fixed,875.3235880285501,263.8863269239664,0.0,0,145304859,0,"{""cpu_scan_ms"":""unavailable"",""d2h_bytes"":""unavailable"",""d2h_ms"":""unavailable"",""dataset_load_ms"":""measured"",""gpu_kernel_ms"":""unavailable"",""h2d_bytes"":""unavailable"",""h2d_ms"":""unavailable"",""host_prepare_ms"":""unavailable"",""load_ms"":""unavailable"",""mapped_remote_read_bytes"":""unavailable"",""overlap_wall_ms"":""unavailable"",""plan_build_ms"":""unavailable"",""query_total_ms"":""measured"",""resident_gpu_bytes"":""measured"",""resident_host_bytes"":""measured"",""resident_pinned_bytes"":""measured"",""session_setup_ms"":""measured"",""throughput_rows_per_second"":""measured"",""tune_ms"":""measured""}",0.0,,7,measured,unavailable,
2,v7-formal-sf1-resident,91742d37-4d2c-4680-a992-739e0ede2980,ok,,0,cudf,resident,1,ASIA,1994-01-01,5,False,1,0.0,1.0,0,process_tree,"{""framework"":""cudf""}","[""cpu_scan_ms"",""d2h_bytes"",""d2h_ms"",""gpu_kernel_ms"",""h2d_bytes"",""h2d_ms"",""host_prepare_ms"",""load_ms"",""mapped_remote_read_bytes"",""overlap_wall_ms"",""plan_build_ms""]",5,542abf4003633c7c,"[{""nation"":""INDONESIA"",""revenue_1e4"":555020411697},{""nation"":""VIETNAM"",""revenue_1e4"":552950869967},{""nation"":""CHINA"",""revenue_1e4"":537244942566},{""nation"":""INDIA"",""revenue_1e4"":520355120002},{""nation"":""JAPAN"",""revenue_1e4"":454101756954}]",expected_hash_match,,,,,,,,,12.764658778905869,3700.0076761469245,6001215,7243,0,6001215,,,,1260331008,,470143002.17074805,logs/cudf.stdout.jsonl,logs/cudf.stderr.txt,2026-07-14T06:55:22.466970Z,2026-07-14T06:55:26.166986Z,cudf,7afc2d3e-186d-416f-99ab-447559165d92,resident,fixed,875.3235880285501,263.8863269239664,0.0,0,145304859,0,"{""cpu_scan_ms"":""unavailable"",""d2h_bytes"":""unavailable"",""d2h_ms"":""unavailable"",""dataset_load_ms"":""measured"",""gpu_kernel_ms"":""unavailable"",""h2d_bytes"":""unavailable"",""h2d_ms"":""unavailable"",""host_prepare_ms"":""unavailable"",""load_ms"":""unavailable"",""mapped_remote_read_bytes"":""unavailable"",""overlap_wall_ms"":""unavailable"",""plan_build_ms"":""unavailable"",""query_total_ms"":""measured"",""resident_gpu_bytes"":""measured"",""resident_host_bytes"":""measured"",""resident_pinned_bytes"":""measured"",""session_setup_ms"":""measured"",""throughput_rows_per_second"":""measured"",""tune_ms"":""measured""}",0.0,,8,measured,unavailable,
2,v7-formal-sf1-resident,677f817c-34a8-4c06-b127-773a1681b3fb,ok,,0,cudf,resident,1,ASIA,1994-01-01,6,False,1,0.0,1.0,0,process_tree,"{""framework"":""cudf""}","[""cpu_scan_ms"",""d2h_bytes"",""d2h_ms"",""gpu_kernel_ms"",""h2d_bytes"",""h2d_ms"",""host_prepare_ms"",""load_ms"",""mapped_remote_read_bytes"",""overlap_wall_ms"",""plan_build_ms""]",5,542abf4003633c7c,"[{""nation"":""INDONESIA"",""revenue_1e4"":555020411697},{""nation"":""VIETNAM"",""revenue_1e4"":552950869967},{""nation"":""CHINA"",""revenue_1e4"":537244942566},{""nation"":""INDIA"",""revenue_1e4"":520355120002},{""nation"":""JAPAN"",""revenue_1e4"":454101756954}]",expected_hash_match,,,,,,,,,12.713472824543715,3700.0076761469245,6001215,7243,0,6001215,,,,1260331008,,472035853.83959657,logs/cudf.stdout.jsonl,logs/cudf.stderr.txt,2026-07-14T06:55:22.466970Z,2026-07-14T06:55:26.166986Z,cudf,7afc2d3e-186d-416f-99ab-447559165d92,resident,fixed,875.3235880285501,263.8863269239664,0.0,0,145304859,0,"{""cpu_scan_ms"":""unavailable"",""d2h_bytes"":""unavailable"",""d2h_ms"":""unavailable"",""dataset_load_ms"":""measured"",""gpu_kernel_ms"":""unavailable"",""h2d_bytes"":""unavailable"",""h2d_ms"":""unavailable"",""host_prepare_ms"":""unavailable"",""load_ms"":""unavailable"",""mapped_remote_read_bytes"":""unavailable"",""overlap_wall_ms"":""unavailable"",""plan_build_ms"":""unavailable"",""query_total_ms"":""measured"",""resident_gpu_bytes"":""measured"",""resident_host_bytes"":""measured"",""resident_pinned_bytes"":""measured"",""session_setup_ms"":""measured"",""throughput_rows_per_second"":""measured"",""tune_ms"":""measured""}",0.0,,9,measured,unavailable,
2,v7-formal-sf1-resident,5d706130-7d55-4749-98be-902d1338c89d,ok,,0,cudf,resident,1,ASIA,1994-01-01,7,False,1,0.0,1.0,0,process_tree,"{""framework"":""cudf""}","[""cpu_scan_ms"",""d2h_bytes"",""d2h_ms"",""gpu_kernel_ms"",""h2d_bytes"",""h2d_ms"",""host_prepare_ms"",""load_ms"",""mapped_remote_read_bytes"",""overlap_wall_ms"",""plan_build_ms""]",5,542abf4003633c7c,"[{""nation"":""INDONESIA"",""revenue_1e4"":555020411697},{""nation"":""VIETNAM"",""revenue_1e4"":552950869967},{""nation"":""CHINA"",""revenue_1e4"":537244942566},{""nation"":""INDIA"",""revenue_1e4"":520355120002},{""nation"":""JAPAN"",""revenue_1e4"":454101756954}]",expected_hash_match,,,,,,,,,18.692619167268276,3700.0076761469245,6001215,7243,0,6001215,,,,1260331008,,321047304.6232297,logs/cudf.stdout.jsonl,logs/cudf.stderr.txt,2026-07-14T06:55:22.466970Z,2026-07-14T06:55:26.166986Z,cudf,7afc2d3e-186d-416f-99ab-447559165d92,resident,fixed,875.3235880285501,263.8863269239664,0.0,0,145304859,0,"{""cpu_scan_ms"":""unavailable"",""d2h_bytes"":""unavailable"",""d2h_ms"":""unavailable"",""dataset_load_ms"":""measured"",""gpu_kernel_ms"":""unavailable"",""h2d_bytes"":""unavailable"",""h2d_ms"":""unavailable"",""host_prepare_ms"":""unavailable"",""load_ms"":""unavailable"",""mapped_remote_read_bytes"":""unavailable"",""overlap_wall_ms"":""unavailable"",""plan_build_ms"":""unavailable"",""query_total_ms"":""measured"",""resident_gpu_bytes"":""measured"",""resident_host_bytes"":""measured"",""resident_pinned_bytes"":""measured"",""session_setup_ms"":""measured"",""throughput_rows_per_second"":""measured"",""tune_ms"":""measured""}",0.0,,10,measured,unavailable,
2,v7-formal-sf1-resident,04e1d5a5-a1e8-42ea-83dd-add756d85a8b,ok,,0,cudf,resident,1,ASIA,1994-01-01,8,False,1,0.0,1.0,0,process_tree,"{""framework"":""cudf""}","[""cpu_scan_ms"",""d2h_bytes"",""d2h_ms"",""gpu_kernel_ms"",""h2d_bytes"",""h2d_ms"",""host_prepare_ms"",""load_ms"",""mapped_remote_read_bytes"",""overlap_wall_ms"",""plan_build_ms""]",5,542abf4003633c7c,"[{""nation"":""INDONESIA"",""revenue_1e4"":555020411697},{""nation"":""VIETNAM"",""revenue_1e4"":552950869967},{""nation"":""CHINA"",""revenue_1e4"":537244942566},{""nation"":""INDIA"",""revenue_1e4"":520355120002},{""nation"":""JAPAN"",""revenue_1e4"":454101756954}]",expected_hash_match,,,,,,,,,12.752449605613947,3700.0076761469245,6001215,7243,0,6001215,,,,1260331008,,470593116.27141154,logs/cudf.stdout.jsonl,logs/cudf.stderr.txt,2026-07-14T06:55:22.466970Z,2026-07-14T06:55:26.166986Z,cudf,7afc2d3e-186d-416f-99ab-447559165d92,resident,fixed,875.3235880285501,263.8863269239664,0.0,0,145304859,0,"{""cpu_scan_ms"":""unavailable"",""d2h_bytes"":""unavailable"",""d2h_ms"":""unavailable"",""dataset_load_ms"":""measured"",""gpu_kernel_ms"":""unavailable"",""h2d_bytes"":""unavailable"",""h2d_ms"":""unavailable"",""host_prepare_ms"":""unavailable"",""load_ms"":""unavailable"",""mapped_remote_read_bytes"":""unavailable"",""overlap_wall_ms"":""unavailable"",""plan_build_ms"":""unavailable"",""query_total_ms"":""measured"",""resident_gpu_bytes"":""measured"",""resident_host_bytes"":""measured"",""resident_pinned_bytes"":""measured"",""session_setup_ms"":""measured"",""throughput_rows_per_second"":""measured"",""tune_ms"":""measured""}",0.0,,11,measured,unavailable,
2,v7-formal-sf1-resident,03157d7c-ade6-4c9e-a528-ef13857b5458,ok,,0,cudf,resident,1,ASIA,1994-01-01,9,False,1,0.0,1.0,0,process_tree,"{""framework"":""cudf""}","[""cpu_scan_ms"",""d2h_bytes"",""d2h_ms"",""gpu_kernel_ms"",""h2d_bytes"",""h2d_ms"",""host_prepare_ms"",""load_ms"",""mapped_remote_read_bytes"",""overlap_wall_ms"",""plan_build_ms""]",5,542abf4003633c7c,"[{""nation"":""INDONESIA"",""revenue_1e4"":555020411697},{""nation"":""VIETNAM"",""revenue_1e4"":552950869967},{""nation"":""CHINA"",""revenue_1e4"":537244942566},{""nation"":""INDIA"",""revenue_1e4"":520355120002},{""nation"":""JAPAN"",""revenue_1e4"":454101756954}]",expected_hash_match,,,,,,,,,12.729437090456486,3700.0076761469245,6001215,7243,0,6001215,,,,1260331008,,471443863.3346349,logs/cudf.stdout.jsonl,logs/cudf.stderr.txt,2026-07-14T06:55:22.466970Z,2026-07-14T06:55:26.166986Z,cudf,7afc2d3e-186d-416f-99ab-447559165d92,resident,fixed,875.3235880285501,263.8863269239664,0.0,0,145304859,0,"{""cpu_scan_ms"":""unavailable"",""d2h_bytes"":""unavailable"",""d2h_ms"":""unavailable"",""dataset_load_ms"":""measured"",""gpu_kernel_ms"":""unavailable"",""h2d_bytes"":""unavailable"",""h2d_ms"":""unavailable"",""host_prepare_ms"":""unavailable"",""load_ms"":""unavailable"",""mapped_remote_read_bytes"":""unavailable"",""overlap_wall_ms"":""unavailable"",""plan_build_ms"":""unavailable"",""query_total_ms"":""measured"",""resident_gpu_bytes"":""measured"",""resident_host_bytes"":""measured"",""resident_pinned_bytes"":""measured"",""session_setup_ms"":""measured"",""throughput_rows_per_second"":""measured"",""tune_ms"":""measured""}",0.0,,12,measured,unavailable,
2,v7-formal-sf1-resident,ee899420-583b-44a7-b01a-96e430c0f243,ok,,0,hybrid-arrow,resident,1,ASIA,1994-01-01,0,False,8,0.125,0.875,0,process_tree,"{""partition"":""fixed"",""selection"":""fixed"",""sweep"":""diagnostic""}","[""host_prepare_ms"",""load_ms""]",5,542abf4003633c7c,"[{""nation"":""INDONESIA"",""revenue_1e4"":555020411697},{""nation"":""VIETNAM"",""revenue_1e4"":552950869967},{""nation"":""CHINA"",""revenue_1e4"":537244942566},{""nation"":""INDIA"",""revenue_1e4"":520355120002},{""nation"":""JAPAN"",""revenue_1e4"":454101756954}]",expected_hash_match,,0.0,,0.0,0.967082,1.0309120416641235,0.019360000267624855,0.8778890000000001,1.167119,897.5430908612907,6001215,7243,750152,5251063,0,212,0,540733440,,5141904981.411492,logs/hybrid-fixed-r0125-t08.stdout.jsonl,logs/hybrid-fixed-r0125-t08.stderr.txt,2026-07-14T06:55:26.169616Z,2026-07-14T06:55:27.067168Z,hybrid-fixed-r0125-t08,fb86155d-20ea-4403-9030-af82f15621d4,resident,fixed,276.797356,332.826924,0.0,184559122,129061480,0,"{""cpu_scan_ms"":""measured"",""d2h_bytes"":""measured"",""d2h_ms"":""measured"",""dataset_load_ms"":""measured"",""gpu_kernel_ms"":""measured"",""h2d_bytes"":""measured"",""h2d_ms"":""measured"",""host_prepare_ms"":""unavailable"",""load_ms"":""unavailable"",""mapped_remote_read_bytes"":""measured"",""overlap_wall_ms"":""measured"",""plan_build_ms"":""measured"",""query_total_ms"":""measured"",""resident_gpu_bytes"":""measured"",""resident_host_bytes"":""measured"",""resident_pinned_bytes"":""measured"",""session_setup_ms"":""measured"",""throughput_rows_per_second"":""measured"",""tune_ms"":""measured""}",0.125,,3,measured,unavailable,
2,v7-formal-sf1-resident,9291c023-0263-4b26-a9a2-2068edf8141a,ok,,0,hybrid-arrow,resident,1,ASIA,1994-01-01,1,False,8,0.125,0.875,0,process_tree,"{""partition"":""fixed"",""selection"":""fixed"",""sweep"":""diagnostic""}","[""host_prepare_ms"",""load_ms""]",5,542abf4003633c7c,"[{""nation"":""INDONESIA"",""revenue_1e4"":555020411697},{""nation"":""VIETNAM"",""revenue_1e4"":552950869967},{""nation"":""CHINA"",""revenue_1e4"":537244942566},{""nation"":""INDIA"",""revenue_1e4"":520355120002},{""nation"":""JAPAN"",""revenue_1e4"":454101756954}]",expected_hash_match,,0.0,,0.0,1.001614,1.0414079427719116,0.01881599985063076,0.9130739999999999,1.172527,897.5430908612907,6001215,7243,750152,5251063,0,212,0,540733440,,5118189176.027503,logs/hybrid-fixed-r0125-t08.stdout.jsonl,logs/hybrid-fixed-r0125-t08.stderr.txt,2026-07-14T06:55:26.169616Z,2026-07-14T06:55:27.067168Z,hybrid-fixed-r0125-t08,fb86155d-20ea-4403-9030-af82f15621d4,resident,fixed,276.797356,332.826924,0.0,184559122,129061480,0,"{""cpu_scan_ms"":""measured"",""d2h_bytes"":""measured"",""d2h_ms"":""measured"",""dataset_load_ms"":""measured"",""gpu_kernel_ms"":""measured"",""h2d_bytes"":""measured"",""h2d_ms"":""measured"",""host_prepare_ms"":""unavailable"",""load_ms"":""unavailable"",""mapped_remote_read_bytes"":""measured"",""overlap_wall_ms"":""measured"",""plan_build_ms"":""measured"",""query_total_ms"":""measured"",""resident_gpu_bytes"":""measured"",""resident_host_bytes"":""measured"",""resident_pinned_bytes"":""measured"",""session_setup_ms"":""measured"",""throughput_rows_per_second"":""measured"",""tune_ms"":""measured""}",0.125,,4,measured,unavailable,
2,v7-formal-sf1-resident,a7bf5801-d847-4817-a781-6e0b02fd76b2,ok,,0,hybrid-arrow,resident,1,ASIA,1994-01-01,2,False,8,0.125,0.875,0,process_tree,"{""partition"":""fixed"",""selection"":""fixed"",""sweep"":""diagnostic""}","[""host_prepare_ms"",""load_ms""]",5,542abf4003633c7c,"[{""nation"":""INDONESIA"",""revenue_1e4"":555020411697},{""nation"":""VIETNAM"",""revenue_1e4"":552950869967},{""nation"":""CHINA"",""revenue_1e4"":537244942566},{""nation"":""INDIA"",""revenue_1e4"":520355120002},{""nation"":""JAPAN"",""revenue_1e4"":454101756954}]",expected_hash_match,,0.0,,0.0,0.953242,1.0277760028839111,0.0163199994713068,0.8723620000000001,1.146949,897.5430908612907,6001215,7243,750152,5251063,0,212,0,540733440,,5232329423.540193,logs/hybrid-fixed-r0125-t08.stdout.jsonl,logs/hybrid-fixed-r0125-t08.stderr.txt,2026-07-14T06:55:26.169616Z,2026-07-14T06:55:27.067168Z,hybrid-fixed-r0125-t08,fb86155d-20ea-4403-9030-af82f15621d4,resident,fixed,276.797356,332.826924,0.0,184559122,129061480,0,"{""cpu_scan_ms"":""measured"",""d2h_bytes"":""measured"",""d2h_ms"":""measured"",""dataset_load_ms"":""measured"",""gpu_kernel_ms"":""measured"",""h2d_bytes"":""measured"",""h2d_ms"":""measured"",""host_prepare_ms"":""unavailable"",""load_ms"":""unavailable"",""mapped_remote_read_bytes"":""measured"",""overlap_wall_ms"":""measured"",""plan_build_ms"":""measured"",""query_total_ms"":""measured"",""resident_gpu_bytes"":""measured"",""resident_host_bytes"":""measured"",""resident_pinned_bytes"":""measured"",""session_setup_ms"":""measured"",""throughput_rows_per_second"":""measured"",""tune_ms"":""measured""}",0.125,,5,measured,unavailable,
2,v7-formal-sf1-resident,cc7c7ddf-d28a-455b-9265-596059d8b717,ok,,0,hybrid-arrow,resident,1,ASIA,1994-01-01,3,False,8,0.125,0.875,0,process_tree,"{""partition"":""fixed"",""selection"":""fixed"",""sweep"":""diagnostic""}","[""host_prepare_ms"",""load_ms""]",5,542abf4003633c7c,"[{""nation"":""INDONESIA"",""revenue_1e4"":555020411697},{""nation"":""VIETNAM"",""revenue_1e4"":552950869967},{""nation"":""CHINA"",""revenue_1e4"":537244942566},{""nation"":""INDIA"",""revenue_1e4"":520355120002},{""nation"":""JAPAN"",""revenue_1e4"":454101756954}]",expected_hash_match,,0.0,,0.0,0.984828,1.0270719528198242,0.01836800016462803,0.893853,1.158496,897.5430908612907,6001215,7243,750152,5251063,0,212,0,540733440,,5180177575.06284,logs/hybrid-fixed-r0125-t08.stdout.jsonl,logs/hybrid-fixed-r0125-t08.stderr.txt,2026-07-14T06:55:26.169616Z,2026-07-14T06:55:27.067168Z,hybrid-fixed-r0125-t08,fb86155d-20ea-4403-9030-af82f15621d4,resident,fixed,276.797356,332.826924,0.0,184559122,129061480,0,"{""cpu_scan_ms"":""measured"",""d2h_bytes"":""measured"",""d2h_ms"":""measured"",""dataset_load_ms"":""measured"",""gpu_kernel_ms"":""measured"",""h2d_bytes"":""measured"",""h2d_ms"":""measured"",""host_prepare_ms"":""unavailable"",""load_ms"":""unavailable"",""mapped_remote_read_bytes"":""measured"",""overlap_wall_ms"":""measured"",""plan_build_ms"":""measured"",""query_total_ms"":""measured"",""resident_gpu_bytes"":""measured"",""resident_host_bytes"":""measured"",""resident_pinned_bytes"":""measured"",""session_setup_ms"":""measured"",""throughput_rows_per_second"":""measured"",""tune_ms"":""measured""}",0.125,,6,measured,unavailable,
2,v7-formal-sf1-resident,51f47245-3365-4115-8bf9-7aa5fed840d7,ok,,0,hybrid-arrow,resident,1,ASIA,1994-01-01,4,False,8,0.125,0.875,0,process_tree,"{""partition"":""fixed"",""selection"":""fixed"",""sweep"":""diagnostic""}","[""host_prepare_ms"",""load_ms""]",5,542abf4003633c7c,"[{""nation"":""INDONESIA"",""revenue_1e4"":555020411697},{""nation"":""VIETNAM"",""revenue_1e4"":552950869967},{""nation"":""CHINA"",""revenue_1e4"":537244942566},{""nation"":""INDIA"",""revenue_1e4"":520355120002},{""nation"":""JAPAN"",""revenue_1e4"":454101756954}]",expected_hash_match,,0.0,,0.0,0.946532,1.0393600463867188,0.03244800120592117,0.8586920000000002,1.214429,897.5430908612907,6001215,7243,750152,5251063,0,212,0,540733440,,4941593950.737343,logs/hybrid-fixed-r0125-t08.stdout.jsonl,logs/hybrid-fixed-r0125-t08.stderr.txt,2026-07-14T06:55:26.169616Z,2026-07-14T06:55:27.067168Z,hybrid-fixed-r0125-t08,fb86155d-20ea-4403-9030-af82f15621d4,resident,fixed,276.797356,332.826924,0.0,184559122,129061480,0,"{""cpu_scan_ms"":""measured"",""d2h_bytes"":""measured"",""d2h_ms"":""measured"",""dataset_load_ms"":""measured"",""gpu_kernel_ms"":""measured"",""h2d_bytes"":""measured"",""h2d_ms"":""measured"",""host_prepare_ms"":""unavailable"",""load_ms"":""unavailable"",""mapped_remote_read_bytes"":""measured"",""overlap_wall_ms"":""measured"",""plan_build_ms"":""measured"",""query_total_ms"":""measured"",""resident_gpu_bytes"":""measured"",""resident_host_bytes"":""measured"",""resident_pinned_bytes"":""measured"",""session_setup_ms"":""measured"",""throughput_rows_per_second"":""measured"",""tune_ms"":""measured""}",0.125,,7,measured,unavailable,
2,v7-formal-sf1-resident,61514bc0-efb5-42b4-8787-d506db8777eb,ok,,0,hybrid-arrow,resident,1,ASIA,1994-01-01,5,False,8,0.125,0.875,0,process_tree,"{""partition"":""fixed"",""selection"":""fixed"",""sweep"":""diagnostic""}","[""host_prepare_ms"",""load_ms""]",5,542abf4003633c7c,"[{""nation"":""INDONESIA"",""revenue_1e4"":555020411697},{""nation"":""VIETNAM"",""revenue_1e4"":552950869967},{""nation"":""CHINA"",""revenue_1e4"":537244942566},{""nation"":""INDIA"",""revenue_1e4"":520355120002},{""nation"":""JAPAN"",""revenue_1e4"":454101756954}]",expected_hash_match,,0.0,,0.0,0.947814,1.0362880229949951,0.018912000581622124,0.8675659999999998,1.157895,897.5430908612907,6001215,7243,750152,5251063,0,212,0,540733440,,5182866322.075836,logs/hybrid-fixed-r0125-t08.stdout.jsonl,logs/hybrid-fixed-r0125-t08.stderr.txt,2026-07-14T06:55:26.169616Z,2026-07-14T06:55:27.067168Z,hybrid-fixed-r0125-t08,fb86155d-20ea-4403-9030-af82f15621d4,resident,fixed,276.797356,332.826924,0.0,184559122,129061480,0,"{""cpu_scan_ms"":""measured"",""d2h_bytes"":""measured"",""d2h_ms"":""measured"",""dataset_load_ms"":""measured"",""gpu_kernel_ms"":""measured"",""h2d_bytes"":""measured"",""h2d_ms"":""measured"",""host_prepare_ms"":""unavailable"",""load_ms"":""unavailable"",""mapped_remote_read_bytes"":""measured"",""overlap_wall_ms"":""measured"",""plan_build_ms"":""measured"",""query_total_ms"":""measured"",""resident_gpu_bytes"":""measured"",""resident_host_bytes"":""measured"",""resident_pinned_bytes"":""measured"",""session_setup_ms"":""measured"",""throughput_rows_per_second"":""measured"",""tune_ms"":""measured""}",0.125,,8,measured,unavailable,
2,v7-formal-sf1-resident,af880308-ed8d-4263-bb6f-fd132317b403,ok,,0,hybrid-arrow,resident,1,ASIA,1994-01-01,6,False,8,0.125,0.875,0,process_tree,"{""partition"":""fixed"",""selection"":""fixed"",""sweep"":""diagnostic""}","[""host_prepare_ms"",""load_ms""]",5,542abf4003633c7c,"[{""nation"":""INDONESIA"",""revenue_1e4"":555020411697},{""nation"":""VIETNAM"",""revenue_1e4"":552950869967},{""nation"":""CHINA"",""revenue_1e4"":537244942566},{""nation"":""INDIA"",""revenue_1e4"":520355120002},{""nation"":""JAPAN"",""revenue_1e4"":454101756954}]",expected_hash_match,,0.0,,0.0,0.942647,1.0423680543899536,0.017472000792622566,0.8657730000000001,1.158326,897.5430908612907,6001215,7243,750152,5251063,0,212,0,540733440,,5180937836.153208,logs/hybrid-fixed-r0125-t08.stdout.jsonl,logs/hybrid-fixed-r0125-t08.stderr.txt,2026-07-14T06:55:26.169616Z,2026-07-14T06:55:27.067168Z,hybrid-fixed-r0125-t08,fb86155d-20ea-4403-9030-af82f15621d4,resident,fixed,276.797356,332.826924,0.0,184559122,129061480,0,"{""cpu_scan_ms"":""measured"",""d2h_bytes"":""measured"",""d2h_ms"":""measured"",""dataset_load_ms"":""measured"",""gpu_kernel_ms"":""measured"",""h2d_bytes"":""measured"",""h2d_ms"":""measured"",""host_prepare_ms"":""unavailable"",""load_ms"":""unavailable"",""mapped_remote_read_bytes"":""measured"",""overlap_wall_ms"":""measured"",""plan_build_ms"":""measured"",""query_total_ms"":""measured"",""resident_gpu_bytes"":""measured"",""resident_host_bytes"":""measured"",""resident_pinned_bytes"":""measured"",""session_setup_ms"":""measured"",""throughput_rows_per_second"":""measured"",""tune_ms"":""measured""}",0.125,,9,measured,unavailable,
2,v7-formal-sf1-resident,6f1e4bd8-6a58-49f4-a88a-e5225fc9a118,ok,,0,hybrid-arrow,resident,1,ASIA,1994-01-01,7,False,8,0.125,0.875,0,process_tree,"{""partition"":""fixed"",""selection"":""fixed"",""sweep"":""diagnostic""}","[""host_prepare_ms"",""load_ms""]",5,542abf4003633c7c,"[{""nation"":""INDONESIA"",""revenue_1e4"":555020411697},{""nation"":""VIETNAM"",""revenue_1e4"":552950869967},{""nation"":""CHINA"",""revenue_1e4"":537244942566},{""nation"":""INDIA"",""revenue_1e4"":520355120002},{""nation"":""JAPAN"",""revenue_1e4"":454101756954}]",expected_hash_match,,0.0,,0.0,0.914324,1.0199040174484253,0.018303999677300453,0.8344060000000002,1.139378,897.5430908612907,6001215,7243,750152,5251063,0,212,0,540733440,,5267097486.523349,logs/hybrid-fixed-r0125-t08.stdout.jsonl,logs/hybrid-fixed-r0125-t08.stderr.txt,2026-07-14T06:55:26.169616Z,2026-07-14T06:55:27.067168Z,hybrid-fixed-r0125-t08,fb86155d-20ea-4403-9030-af82f15621d4,resident,fixed,276.797356,332.826924,0.0,184559122,129061480,0,"{""cpu_scan_ms"":""measured"",""d2h_bytes"":""measured"",""d2h_ms"":""measured"",""dataset_load_ms"":""measured"",""gpu_kernel_ms"":""measured"",""h2d_bytes"":""measured"",""h2d_ms"":""measured"",""host_prepare_ms"":""unavailable"",""load_ms"":""unavailable"",""mapped_remote_read_bytes"":""measured"",""overlap_wall_ms"":""measured"",""plan_build_ms"":""measured"",""query_total_ms"":""measured"",""resident_gpu_bytes"":""measured"",""resident_host_bytes"":""measured"",""resident_pinned_bytes"":""measured"",""session_setup_ms"":""measured"",""throughput_rows_per_second"":""measured"",""tune_ms"":""measured""}",0.125,,10,measured,unavailable,
2,v7-formal-sf1-resident,c7ecfe23-55ca-49aa-8b99-20572cdcfa59,ok,,0,hybrid-arrow,resident,1,ASIA,1994-01-01,8,False,8,0.125,0.875,0,process_tree,"{""partition"":""fixed"",""selection"":""fixed"",""sweep"":""diagnostic""}","[""host_prepare_ms"",""load_ms""]",5,542abf4003633c7c,"[{""nation"":""INDONESIA"",""revenue_1e4"":555020411697},{""nation"":""VIETNAM"",""revenue_1e4"":552950869967},{""nation"":""CHINA"",""revenue_1e4"":537244942566},{""nation"":""INDIA"",""revenue_1e4"":520355120002},{""nation"":""JAPAN"",""revenue_1e4"":454101756954}]",expected_hash_match,,0.0,,0.0,0.943267,1.0342400074005127,0.0180479995906353,0.8566180000000001,1.16103,897.5430908612907,6001215,7243,750152,5251063,0,212,0,540733440,,5168871605.384873,logs/hybrid-fixed-r0125-t08.stdout.jsonl,logs/hybrid-fixed-r0125-t08.stderr.txt,2026-07-14T06:55:26.169616Z,2026-07-14T06:55:27.067168Z,hybrid-fixed-r0125-t08,fb86155d-20ea-4403-9030-af82f15621d4,resident,fixed,276.797356,332.826924,0.0,184559122,129061480,0,"{""cpu_scan_ms"":""measured"",""d2h_bytes"":""measured"",""d2h_ms"":""measured"",""dataset_load_ms"":""measured"",""gpu_kernel_ms"":""measured"",""h2d_bytes"":""measured"",""h2d_ms"":""measured"",""host_prepare_ms"":""unavailable"",""load_ms"":""unavailable"",""mapped_remote_read_bytes"":""measured"",""overlap_wall_ms"":""measured"",""plan_build_ms"":""measured"",""query_total_ms"":""measured"",""resident_gpu_bytes"":""measured"",""resident_host_bytes"":""measured"",""resident_pinned_bytes"":""measured"",""session_setup_ms"":""measured"",""throughput_rows_per_second"":""measured"",""tune_ms"":""measured""}",0.125,,11,measured,unavailable,
2,v7-formal-sf1-resident,392343f7-6aa8-4f13-9b84-f26e21b8aefc,ok,,0,hybrid-arrow,resident,1,ASIA,1994-01-01,9,False,8,0.125,0.875,0,process_tree,"{""partition"":""fixed"",""selection"":""fixed"",""sweep"":""diagnostic""}","[""host_prepare_ms"",""load_ms""]",5,542abf4003633c7c,"[{""nation"":""INDONESIA"",""revenue_1e4"":555020411697},{""nation"":""VIETNAM"",""revenue_1e4"":552950869967},{""nation"":""CHINA"",""revenue_1e4"":537244942566},{""nation"":""INDIA"",""revenue_1e4"":520355120002},{""nation"":""JAPAN"",""revenue_1e4"":454101756954}]",expected_hash_match,,0.0,,0.0,0.964549,1.0321919918060303,0.023455999791622162,0.869688,1.188551,897.5430908612907,6001215,7243,750152,5251063,0,212,0,540733440,,5049185941.537217,logs/hybrid-fixed-r0125-t08.stdout.jsonl,logs/hybrid-fixed-r0125-t08.stderr.txt,2026-07-14T06:55:26.169616Z,2026-07-14T06:55:27.067168Z,hybrid-fixed-r0125-t08,fb86155d-20ea-4403-9030-af82f15621d4,resident,fixed,276.797356,332.826924,0.0,184559122,129061480,0,"{""cpu_scan_ms"":""measured"",""d2h_bytes"":""measured"",""d2h_ms"":""measured"",""dataset_load_ms"":""measured"",""gpu_kernel_ms"":""measured"",""h2d_bytes"":""measured"",""h2d_ms"":""measured"",""host_prepare_ms"":""unavailable"",""load_ms"":""unavailable"",""mapped_remote_read_bytes"":""measured"",""overlap_wall_ms"":""measured"",""plan_build_ms"":""measured"",""query_total_ms"":""measured"",""resident_gpu_bytes"":""measured"",""resident_host_bytes"":""measured"",""resident_pinned_bytes"":""measured"",""session_setup_ms"":""measured"",""throughput_rows_per_second"":""measured"",""tune_ms"":""measured""}",0.125,,12,measured,unavailable,
2,v7-formal-sf1-resident,0c00c86d-b05f-4193-86c0-a2a1472ff39f,ok,,0,hybrid-arrow,resident,1,ASIA,1994-01-01,0,False,8,0.25,0.75,0,process_tree,"{""partition"":""fixed"",""selection"":""fixed"",""sweep"":""core""}","[""host_prepare_ms"",""load_ms""]",5,542abf4003633c7c,"[{""nation"":""INDONESIA"",""revenue_1e4"":555020411697},{""nation"":""VIETNAM"",""revenue_1e4"":552950869967},{""nation"":""CHINA"",""revenue_1e4"":537244942566},{""nation"":""INDIA"",""revenue_1e4"":520355120002},{""nation"":""JAPAN"",""revenue_1e4"":454101756954}]",expected_hash_match,,0.0,,0.0,1.435877,0.8407040238380432,0.030912000685930252,0.868617,1.496717,844.5659140124917,6001215,7243,1500304,4500911,0,212,0,535175168,,4009585646.4515333,logs/hybrid-fixed-r0250-t08.stdout.jsonl,logs/hybrid-fixed-r0250-t08.stderr.txt,2026-07-14T06:55:27.069920Z,2026-07-14T06:55:27.914494Z,hybrid-fixed-r0250-t08,d6def843-d613-438c-92e2-4eaa286e3df3,resident,fixed,274.752981,306.839712,0.0,201013362,114058440,0,"{""cpu_scan_ms"":""measured"",""d2h_bytes"":""measured"",""d2h_ms"":""measured"",""dataset_load_ms"":""measured"",""gpu_kernel_ms"":""measured"",""h2d_bytes"":""measured"",""h2d_ms"":""measured"",""host_prepare_ms"":""unavailable"",""load_ms"":""unavailable"",""mapped_remote_read_bytes"":""measured"",""overlap_wall_ms"":""measured"",""plan_build_ms"":""measured"",""query_total_ms"":""measured"",""resident_gpu_bytes"":""measured"",""resident_host_bytes"":""measured"",""resident_pinned_bytes"":""measured"",""session_setup_ms"":""measured"",""throughput_rows_per_second"":""measured"",""tune_ms"":""measured""}",0.25,,3,measured,unavailable,
2,v7-formal-sf1-resident,32555991-26b1-4796-a1ee-3be7a5bf704e,ok,,0,hybrid-arrow,resident,1,ASIA,1994-01-01,1,False,8,0.25,0.75,0,process_tree,"{""partition"":""fixed"",""selection"":""fixed"",""sweep"":""core""}","[""host_prepare_ms"",""load_ms""]",5,542abf4003633c7c,"[{""nation"":""INDONESIA"",""revenue_1e4"":555020411697},{""nation"":""VIETNAM"",""revenue_1e4"":552950869967},{""nation"":""CHINA"",""revenue_1e4"":537244942566},{""nation"":""INDIA"",""revenue_1e4"":520355120002},{""nation"":""JAPAN"",""revenue_1e4"":454101756954}]",expected_hash_match,,0.0,,0.0,1.421265,0.834559977054596,0.021088000386953354,0.8216669999999999,1.482597,844.5659140124917,6001215,7243,1500304,4500911,0,212,0,535175168,,4047772253.68728,logs/hybrid-fixed-r0250-t08.stdout.jsonl,logs/hybrid-fixed-r0250-t08.stderr.txt,2026-07-14T06:55:27.069920Z,2026-07-14T06:55:27.914494Z,hybrid-fixed-r0250-t08,d6def843-d613-438c-92e2-4eaa286e3df3,resident,fixed,274.752981,306.839712,0.0,201013362,114058440,0,"{""cpu_scan_ms"":""measured"",""d2h_bytes"":""measured"",""d2h_ms"":""measured"",""dataset_load_ms"":""measured"",""gpu_kernel_ms"":""measured"",""h2d_bytes"":""measured"",""h2d_ms"":""measured"",""host_prepare_ms"":""unavailable"",""load_ms"":""unavailable"",""mapped_remote_read_bytes"":""measured"",""overlap_wall_ms"":""measured"",""plan_build_ms"":""measured"",""query_total_ms"":""measured"",""resident_gpu_bytes"":""measured"",""resident_host_bytes"":""measured"",""resident_pinned_bytes"":""measured"",""session_setup_ms"":""measured"",""throughput_rows_per_second"":""measured"",""tune_ms"":""measured""}",0.25,,4,measured,unavailable,
2,v7-formal-sf1-resident,f27ac61b-860a-4473-b7f0-2c2c00758cd1,ok,,0,hybrid-arrow,resident,1,ASIA,1994-01-01,2,False,8,0.25,0.75,0,process_tree,"{""partition"":""fixed"",""selection"":""fixed"",""sweep"":""core""}","[""host_prepare_ms"",""load_ms""]",5,542abf4003633c7c,"[{""nation"":""INDONESIA"",""revenue_1e4"":555020411697},{""nation"":""VIETNAM"",""revenue_1e4"":552950869967},{""nation"":""CHINA"",""revenue_1e4"":537244942566},{""nation"":""INDIA"",""revenue_1e4"":520355120002},{""nation"":""JAPAN"",""revenue_1e4"":454101756954}]",expected_hash_match,,0.0,,0.0,1.49137,0.8396160006523132,0.03177599981427193,0.8669549999999999,1.551698,844.5659140124917,6001215,7243,1500304,4500911,0,212,0,535175168,,3867514812.805069,logs/hybrid-fixed-r0250-t08.stdout.jsonl,logs/hybrid-fixed-r0250-t08.stderr.txt,2026-07-14T06:55:27.069920Z,2026-07-14T06:55:27.914494Z,hybrid-fixed-r0250-t08,d6def843-d613-438c-92e2-4eaa286e3df3,resident,fixed,274.752981,306.839712,0.0,201013362,114058440,0,"{""cpu_scan_ms"":""measured"",""d2h_bytes"":""measured"",""d2h_ms"":""measured"",""dataset_load_ms"":""measured"",""gpu_kernel_ms"":""measured"",""h2d_bytes"":""measured"",""h2d_ms"":""measured"",""host_prepare_ms"":""unavailable"",""load_ms"":""unavailable"",""mapped_remote_read_bytes"":""measured"",""overlap_wall_ms"":""measured"",""plan_build_ms"":""measured"",""query_total_ms"":""measured"",""resident_gpu_bytes"":""measured"",""resident_host_bytes"":""measured"",""resident_pinned_bytes"":""measured"",""session_setup_ms"":""measured"",""throughput_rows_per_second"":""measured"",""tune_ms"":""measured""}",0.25,,5,measured,unavailable,
2,v7-formal-sf1-resident,b0d16580-c09c-4dc5-86e6-08b37633a6f9,ok,,0,hybrid-arrow,resident,1,ASIA,1994-01-01,3,False,8,0.25,0.75,0,process_tree,"{""partition"":""fixed"",""selection"":""fixed"",""sweep"":""core""}","[""host_prepare_ms"",""load_ms""]",5,542abf4003633c7c,"[{""nation"":""INDONESIA"",""revenue_1e4"":555020411697},{""nation"":""VIETNAM"",""revenue_1e4"":552950869967},{""nation"":""CHINA"",""revenue_1e4"":537244942566},{""nation"":""INDIA"",""revenue_1e4"":520355120002},{""nation"":""JAPAN"",""revenue_1e4"":454101756954}]",expected_hash_match,,0.0,,0.0,1.477298,0.8314880132675171,0.021183999255299568,0.8240000000000001,1.535064,844.5659140124917,6001215,7243,1500304,4500911,0,212,0,535175168,,3909423320.460906,logs/hybrid-fixed-r0250-t08.stdout.jsonl,logs/hybrid-fixed-r0250-t08.stderr.txt,2026-07-14T06:55:27.069920Z,2026-07-14T06:55:27.914494Z,hybrid-fixed-r0250-t08,d6def843-d613-438c-92e2-4eaa286e3df3,resident,fixed,274.752981,306.839712,0.0,201013362,114058440,0,"{""cpu_scan_ms"":""measured"",""d2h_bytes"":""measured"",""d2h_ms"":""measured"",""dataset_load_ms"":""measured"",""gpu_kernel_ms"":""measured"",""h2d_bytes"":""measured"",""h2d_ms"":""measured"",""host_prepare_ms"":""unavailable"",""load_ms"":""unavailable"",""mapped_remote_read_bytes"":""measured"",""overlap_wall_ms"":""measured"",""plan_build_ms"":""measured"",""query_total_ms"":""measured"",""resident_gpu_bytes"":""measured"",""resident_host_bytes"":""measured"",""resident_pinned_bytes"":""measured"",""session_setup_ms"":""measured"",""throughput_rows_per_second"":""measured"",""tune_ms"":""measured""}",0.25,,6,measured,unavailable,
2,v7-formal-sf1-resident,b89e1a64-a4e2-4547-a757-fb6066f733f6,ok,,0,hybrid-arrow,resident,1,ASIA,1994-01-01,4,False,8,0.25,0.75,0,process_tree,"{""partition"":""fixed"",""selection"":""fixed"",""sweep"":""core""}","[""host_prepare_ms"",""load_ms""]",5,542abf4003633c7c,"[{""nation"":""INDONESIA"",""revenue_1e4"":555020411697},{""nation"":""VIETNAM"",""revenue_1e4"":552950869967},{""nation"":""CHINA"",""revenue_1e4"":537244942566},{""nation"":""INDIA"",""revenue_1e4"":520355120002},{""nation"":""JAPAN"",""revenue_1e4"":454101756954}]",expected_hash_match,,0.0,,0.0,1.504489,0.8378880023956299,0.020864000543951988,0.8271049999999998,1.563747,844.5659140124917,6001215,7243,1500304,4500911,0,212,0,535175168,,3837714796.5751495,logs/hybrid-fixed-r0250-t08.stdout.jsonl,logs/hybrid-fixed-r0250-t08.stderr.txt,2026-07-14T06:55:27.069920Z,2026-07-14T06:55:27.914494Z,hybrid-fixed-r0250-t08,d6def843-d613-438c-92e2-4eaa286e3df3,resident,fixed,274.752981,306.839712,0.0,201013362,114058440,0,"{""cpu_scan_ms"":""measured"",""d2h_bytes"":""measured"",""d2h_ms"":""measured"",""dataset_load_ms"":""measured"",""gpu_kernel_ms"":""measured"",""h2d_bytes"":""measured"",""h2d_ms"":""measured"",""host_prepare_ms"":""unavailable"",""load_ms"":""unavailable"",""mapped_remote_read_bytes"":""measured"",""overlap_wall_ms"":""measured"",""plan_build_ms"":""measured"",""query_total_ms"":""measured"",""resident_gpu_bytes"":""measured"",""resident_host_bytes"":""measured"",""resident_pinned_bytes"":""measured"",""session_setup_ms"":""measured"",""throughput_rows_per_second"":""measured"",""tune_ms"":""measured""}",0.25,,7,measured,unavailable,
2,v7-formal-sf1-resident,f6937ea7-44d6-4a82-83b9-2cb0312bbe57,ok,,0,hybrid-arrow,resident,1,ASIA,1994-01-01,5,False,8,0.25,0.75,0,process_tree,"{""partition"":""fixed"",""selection"":""fixed"",""sweep"":""core""}","[""host_prepare_ms"",""load_ms""]",5,542abf4003633c7c,"[{""nation"":""INDONESIA"",""revenue_1e4"":555020411697},{""nation"":""VIETNAM"",""revenue_1e4"":552950869967},{""nation"":""CHINA"",""revenue_1e4"":537244942566},{""nation"":""INDIA"",""revenue_1e4"":520355120002},{""nation"":""JAPAN"",""revenue_1e4"":454101756954}]",expected_hash_match,,0.0,,0.0,1.462487,0.826367974281311,0.01881599985063076,0.8119430000000003,1.51841,844.5659140124917,6001215,7243,1500304,4500911,0,212,0,535175168,,3952302079.148583,logs/hybrid-fixed-r0250-t08.stdout.jsonl,logs/hybrid-fixed-r0250-t08.stderr.txt,2026-07-14T06:55:27.069920Z,2026-07-14T06:55:27.914494Z,hybrid-fixed-r0250-t08,d6def843-d613-438c-92e2-4eaa286e3df3,resident,fixed,274.752981,306.839712,0.0,201013362,114058440,0,"{""cpu_scan_ms"":""measured"",""d2h_bytes"":""measured"",""d2h_ms"":""measured"",""dataset_load_ms"":""measured"",""gpu_kernel_ms"":""measured"",""h2d_bytes"":""measured"",""h2d_ms"":""measured"",""host_prepare_ms"":""unavailable"",""load_ms"":""unavailable"",""mapped_remote_read_bytes"":""measured"",""overlap_wall_ms"":""measured"",""plan_build_ms"":""measured"",""query_total_ms"":""measured"",""resident_gpu_bytes"":""measured"",""resident_host_bytes"":""measured"",""resident_pinned_bytes"":""measured"",""session_setup_ms"":""measured"",""throughput_rows_per_second"":""measured"",""tune_ms"":""measured""}",0.25,,8,measured,unavailable,
2,v7-formal-sf1-resident,fbba0cb6-3138-4252-be48-e321ae7abda0,ok,,0,hybrid-arrow,resident,1,ASIA,1994-01-01,6,False,8,0.25,0.75,0,process_tree,"{""partition"":""fixed"",""selection"":""fixed"",""sweep"":""core""}","[""host_prepare_ms"",""load_ms""]",5,542abf4003633c7c,"[{""nation"":""INDONESIA"",""revenue_1e4"":555020411697},{""nation"":""VIETNAM"",""revenue_1e4"":552950869967},{""nation"":""CHINA"",""revenue_1e4"":537244942566},{""nation"":""INDIA"",""revenue_1e4"":520355120002},{""nation"":""JAPAN"",""revenue_1e4"":454101756954}]",expected_hash_match,,0.0,,0.0,1.429347,0.8273599743843079,0.020287999883294106,0.8207549999999999,1.48549,844.5659140124917,6001215,7243,1500304,4500911,0,212,0,535175168,,4039889194.8111396,logs/hybrid-fixed-r0250-t08.stdout.jsonl,logs/hybrid-fixed-r0250-t08.stderr.txt,2026-07-14T06:55:27.069920Z,2026-07-14T06:55:27.914494Z,hybrid-fixed-r0250-t08,d6def843-d613-438c-92e2-4eaa286e3df3,resident,fixed,274.752981,306.839712,0.0,201013362,114058440,0,"{""cpu_scan_ms"":""measured"",""d2h_bytes"":""measured"",""d2h_ms"":""measured"",""dataset_load_ms"":""measured"",""gpu_kernel_ms"":""measured"",""h2d_bytes"":""measured"",""h2d_ms"":""measured"",""host_prepare_ms"":""unavailable"",""load_ms"":""unavailable"",""mapped_remote_read_bytes"":""measured"",""overlap_wall_ms"":""measured"",""plan_build_ms"":""measured"",""query_total_ms"":""measured"",""resident_gpu_bytes"":""measured"",""resident_host_bytes"":""measured"",""resident_pinned_bytes"":""measured"",""session_setup_ms"":""measured"",""throughput_rows_per_second"":""measured"",""tune_ms"":""measured""}",0.25,,9,measured,unavailable,
2,v7-formal-sf1-resident,f6a834f5-b29f-402f-8792-1f2ee2f71cd1,ok,,0,hybrid-arrow,resident,1,ASIA,1994-01-01,7,False,8,0.25,0.75,0,process_tree,"{""partition"":""fixed"",""selection"":""fixed"",""sweep"":""core""}","[""host_prepare_ms"",""load_ms""]",5,542abf4003633c7c,"[{""nation"":""INDONESIA"",""revenue_1e4"":555020411697},{""nation"":""VIETNAM"",""revenue_1e4"":552950869967},{""nation"":""CHINA"",""revenue_1e4"":537244942566},{""nation"":""INDIA"",""revenue_1e4"":520355120002},{""nation"":""JAPAN"",""revenue_1e4"":454101756954}]",expected_hash_match,,0.0,,0.0,1.520632,0.8273919820785522,0.018239999189972878,0.8164890000000002,1.574523,844.5659140124917,6001215,7243,1500304,4500911,0,212,0,535175168,,3811449562.819978,logs/hybrid-fixed-r0250-t08.stdout.jsonl,logs/hybrid-fixed-r0250-t08.stderr.txt,2026-07-14T06:55:27.069920Z,2026-07-14T06:55:27.914494Z,hybrid-fixed-r0250-t08,d6def843-d613-438c-92e2-4eaa286e3df3,resident,fixed,274.752981,306.839712,0.0,201013362,114058440,0,"{""cpu_scan_ms"":""measured"",""d2h_bytes"":""measured"",""d2h_ms"":""measured"",""dataset_load_ms"":""measured"",""gpu_kernel_ms"":""measured"",""h2d_bytes"":""measured"",""h2d_ms"":""measured"",""host_prepare_ms"":""unavailable"",""load_ms"":""unavailable"",""mapped_remote_read_bytes"":""measured"",""overlap_wall_ms"":""measured"",""plan_build_ms"":""measured"",""query_total_ms"":""measured"",""resident_gpu_bytes"":""measured"",""resident_host_bytes"":""measured"",""resident_pinned_bytes"":""measured"",""session_setup_ms"":""measured"",""throughput_rows_per_second"":""measured"",""tune_ms"":""measured""}",0.25,,10,measured,unavailable,
2,v7-formal-sf1-resident,62ecb82d-f375-4fe8-b29f-497da7f9cf85,ok,,0,hybrid-arrow,resident,1,ASIA,1994-01-01,8,False,8,0.25,0.75,0,process_tree,"{""partition"":""fixed"",""selection"":""fixed"",""sweep"":""core""}","[""host_prepare_ms"",""load_ms""]",5,542abf4003633c7c,"[{""nation"":""INDONESIA"",""revenue_1e4"":555020411697},{""nation"":""VIETNAM"",""revenue_1e4"":552950869967},{""nation"":""CHINA"",""revenue_1e4"":537244942566},{""nation"":""INDIA"",""revenue_1e4"":520355120002},{""nation"":""JAPAN"",""revenue_1e4"":454101756954}]",expected_hash_match,,0.0,,0.0,1.429097,0.8253440260887146,0.02006400004029274,0.8156479999999999,1.485321,844.5659140124917,6001215,7243,1500304,4500911,0,212,0,535175168,,4040348853.88411,logs/hybrid-fixed-r0250-t08.stdout.jsonl,logs/hybrid-fixed-r0250-t08.stderr.txt,2026-07-14T06:55:27.069920Z,2026-07-14T06:55:27.914494Z,hybrid-fixed-r0250-t08,d6def843-d613-438c-92e2-4eaa286e3df3,resident,fixed,274.752981,306.839712,0.0,201013362,114058440,0,"{""cpu_scan_ms"":""measured"",""d2h_bytes"":""measured"",""d2h_ms"":""measured"",""dataset_load_ms"":""measured"",""gpu_kernel_ms"":""measured"",""h2d_bytes"":""measured"",""h2d_ms"":""measured"",""host_prepare_ms"":""unavailable"",""load_ms"":""unavailable"",""mapped_remote_read_bytes"":""measured"",""overlap_wall_ms"":""measured"",""plan_build_ms"":""measured"",""query_total_ms"":""measured"",""resident_gpu_bytes"":""measured"",""resident_host_bytes"":""measured"",""resident_pinned_bytes"":""measured"",""session_setup_ms"":""measured"",""throughput_rows_per_second"":""measured"",""tune_ms"":""measured""}",0.25,,11,measured,unavailable,
2,v7-formal-sf1-resident,42b1e5ae-bdb4-4131-bb2c-45447b9523f0,ok,,0,hybrid-arrow,resident,1,ASIA,1994-01-01,9,False,8,0.25,0.75,0,process_tree,"{""partition"":""fixed"",""selection"":""fixed"",""sweep"":""core""}","[""host_prepare_ms"",""load_ms""]",5,542abf4003633c7c,"[{""nation"":""INDONESIA"",""revenue_1e4"":555020411697},{""nation"":""VIETNAM"",""revenue_1e4"":552950869967},{""nation"":""CHINA"",""revenue_1e4"":537244942566},{""nation"":""INDIA"",""revenue_1e4"":520355120002},{""nation"":""JAPAN"",""revenue_1e4"":454101756954}]",expected_hash_match,,0.0,,0.0,1.462496,0.8314880132675171,0.022463999688625336,0.829758,1.515615,844.5659140124917,6001215,7243,1500304,4500911,0,212,0,535175168,,3959590661.216734,logs/hybrid-fixed-r0250-t08.stdout.jsonl,logs/hybrid-fixed-r0250-t08.stderr.txt,2026-07-14T06:55:27.069920Z,2026-07-14T06:55:27.914494Z,hybrid-fixed-r0250-t08,d6def843-d613-438c-92e2-4eaa286e3df3,resident,fixed,274.752981,306.839712,0.0,201013362,114058440,0,"{""cpu_scan_ms"":""measured"",""d2h_bytes"":""measured"",""d2h_ms"":""measured"",""dataset_load_ms"":""measured"",""gpu_kernel_ms"":""measured"",""h2d_bytes"":""measured"",""h2d_ms"":""measured"",""host_prepare_ms"":""unavailable"",""load_ms"":""unavailable"",""mapped_remote_read_bytes"":""measured"",""overlap_wall_ms"":""measured"",""plan_build_ms"":""measured"",""query_total_ms"":""measured"",""resident_gpu_bytes"":""measured"",""resident_host_bytes"":""measured"",""resident_pinned_bytes"":""measured"",""session_setup_ms"":""measured"",""throughput_rows_per_second"":""measured"",""tune_ms"":""measured""}",0.25,,12,measured,unavailable,
2,v7-formal-sf1-resident,ce8ea7cc-f561-4531-a659-0cebb9cf1877,ok,,0,hybrid-arrow,resident,1,ASIA,1994-01-01,0,False,8,0.375,0.625,0,process_tree,"{""partition"":""fixed"",""selection"":""fixed"",""sweep"":""diagnostic""}","[""host_prepare_ms"",""load_ms""]",5,542abf4003633c7c,"[{""nation"":""INDONESIA"",""revenue_1e4"":555020411697},{""nation"":""VIETNAM"",""revenue_1e4"":552950869967},{""nation"":""CHINA"",""revenue_1e4"":537244942566},{""nation"":""INDIA"",""revenue_1e4"":520355120002},{""nation"":""JAPAN"",""revenue_1e4"":454101756954}]",expected_hash_match,,0.0,,0.0,2.154722,0.6430720090866089,0.03753599897027016,0.6760730000000001,2.222843,842.4334139563143,6001215,7243,2250456,3750759,0,212,0,519995392,,2699792562.9475403,logs/hybrid-fixed-r0375-t08.stdout.jsonl,logs/hybrid-fixed-r0375-t08.stderr.txt,2026-07-14T06:55:27.917222Z,2026-07-14T06:55:28.759666Z,hybrid-fixed-r0375-t08,728899ba-1d9b-4298-80bd-ed3995eb4d65,resident,fixed,287.086414,292.094884,0.0,217467602,99055400,0,"{""cpu_scan_ms"":""measured"",""d2h_bytes"":""measured"",""d2h_ms"":""measured"",""dataset_load_ms"":""measured"",""gpu_kernel_ms"":""measured"",""h2d_bytes"":""measured"",""h2d_ms"":""measured"",""host_prepare_ms"":""unavailable"",""load_ms"":""unavailable"",""mapped_remote_read_bytes"":""measured"",""overlap_wall_ms"":""measured"",""plan_build_ms"":""measured"",""query_total_ms"":""measured"",""resident_gpu_bytes"":""measured"",""resident_host_bytes"":""measured"",""resident_pinned_bytes"":""measured"",""session_setup_ms"":""measured"",""throughput_rows_per_second"":""measured"",""tune_ms"":""measured""}",0.375,,3,measured,unavailable,
2,v7-formal-sf1-resident,dafae52c-4440-403b-8808-14271a4d39a2,ok,,0,hybrid-arrow,resident,1,ASIA,1994-01-01,1,False,8,0.375,0.625,0,process_tree,"{""partition"":""fixed"",""selection"":""fixed"",""sweep"":""diagnostic""}","[""host_prepare_ms"",""load_ms""]",5,542abf4003633c7c,"[{""nation"":""INDONESIA"",""revenue_1e4"":555020411697},{""nation"":""VIETNAM"",""revenue_1e4"":552950869967},{""nation"":""CHINA"",""revenue_1e4"":537244942566},{""nation"":""INDIA"",""revenue_1e4"":520355120002},{""nation"":""JAPAN"",""revenue_1e4"":454101756954}]",expected_hash_match,,0.0,,0.0,2.113561,0.6461439728736877,0.038176000118255615,0.6795070000000001,2.181893,842.4334139563143,6001215,7243,2250456,3750759,0,212,0,519995392,,2750462557.0548143,logs/hybrid-fixed-r0375-t08.stdout.jsonl,logs/hybrid-fixed-r0375-t08.stderr.txt,2026-07-14T06:55:27.917222Z,2026-07-14T06:55:28.759666Z,hybrid-fixed-r0375-t08,728899ba-1d9b-4298-80bd-ed3995eb4d65,resident,fixed,287.086414,292.094884,0.0,217467602,99055400,0,"{""cpu_scan_ms"":""measured"",""d2h_bytes"":""measured"",""d2h_ms"":""measured"",""dataset_load_ms"":""measured"",""gpu_kernel_ms"":""measured"",""h2d_bytes"":""measured"",""h2d_ms"":""measured"",""host_prepare_ms"":""unavailable"",""load_ms"":""unavailable"",""mapped_remote_read_bytes"":""measured"",""overlap_wall_ms"":""measured"",""plan_build_ms"":""measured"",""query_total_ms"":""measured"",""resident_gpu_bytes"":""measured"",""resident_host_bytes"":""measured"",""resident_pinned_bytes"":""measured"",""session_setup_ms"":""measured"",""throughput_rows_per_second"":""measured"",""tune_ms"":""measured""}",0.375,,4,measured,unavailable,
2,v7-formal-sf1-resident,c400c745-6300-4263-b0ef-800434b778fb,ok,,0,hybrid-arrow,resident,1,ASIA,1994-01-01,2,False,8,0.375,0.625,0,process_tree,"{""partition"":""fixed"",""selection"":""fixed"",""sweep"":""diagnostic""}","[""host_prepare_ms"",""load_ms""]",5,542abf4003633c7c,"[{""nation"":""INDONESIA"",""revenue_1e4"":555020411697},{""nation"":""VIETNAM"",""revenue_1e4"":552950869967},{""nation"":""CHINA"",""revenue_1e4"":537244942566},{""nation"":""INDIA"",""revenue_1e4"":520355120002},{""nation"":""JAPAN"",""revenue_1e4"":454101756954}]",expected_hash_match,,0.0,,0.0,2.149505,0.6512640118598938,0.036768000572919846,0.6835629999999999,2.220659,842.4334139563143,6001215,7243,2250456,3750759,0,212,0,519995392,,2702447786.895692,logs/hybrid-fixed-r0375-t08.stdout.jsonl,logs/hybrid-fixed-r0375-t08.stderr.txt,2026-07-14T06:55:27.917222Z,2026-07-14T06:55:28.759666Z,hybrid-fixed-r0375-t08,728899ba-1d9b-4298-80bd-ed3995eb4d65,resident,fixed,287.086414,292.094884,0.0,217467602,99055400,0,"{""cpu_scan_ms"":""measured"",""d2h_bytes"":""measured"",""d2h_ms"":""measured"",""dataset_load_ms"":""measured"",""gpu_kernel_ms"":""measured"",""h2d_bytes"":""measured"",""h2d_ms"":""measured"",""host_prepare_ms"":""unavailable"",""load_ms"":""unavailable"",""mapped_remote_read_bytes"":""measured"",""overlap_wall_ms"":""measured"",""plan_build_ms"":""measured"",""query_total_ms"":""measured"",""resident_gpu_bytes"":""measured"",""resident_host_bytes"":""measured"",""resident_pinned_bytes"":""measured"",""session_setup_ms"":""measured"",""throughput_rows_per_second"":""measured"",""tune_ms"":""measured""}",0.375,,5,measured,unavailable,
2,v7-formal-sf1-resident,bb1e65bd-3862-48dd-bad3-b65d689ad425,ok,,0,hybrid-arrow,resident,1,ASIA,1994-01-01,3,False,8,0.375,0.625,0,process_tree,"{""partition"":""fixed"",""selection"":""fixed"",""sweep"":""diagnostic""}","[""host_prepare_ms"",""load_ms""]",5,542abf4003633c7c,"[{""nation"":""INDONESIA"",""revenue_1e4"":555020411697},{""nation"":""VIETNAM"",""revenue_1e4"":552950869967},{""nation"":""CHINA"",""revenue_1e4"":537244942566},{""nation"":""INDIA"",""revenue_1e4"":520355120002},{""nation"":""JAPAN"",""revenue_1e4"":454101756954}]",expected_hash_match,,0.0,,0.0,2.182593,0.6369280219078064,0.03846399858593941,0.669651,2.251015,842.4334139563143,6001215,7243,2250456,3750759,0,212,0,519995392,,2666004002.638809,logs/hybrid-fixed-r0375-t08.stdout.jsonl,logs/hybrid-fixed-r0375-t08.stderr.txt,2026-07-14T06:55:27.917222Z,2026-07-14T06:55:28.759666Z,hybrid-fixed-r0375-t08,728899ba-1d9b-4298-80bd-ed3995eb4d65,resident,fixed,287.086414,292.094884,0.0,217467602,99055400,0,"{""cpu_scan_ms"":""measured"",""d2h_bytes"":""measured"",""d2h_ms"":""measured"",""dataset_load_ms"":""measured"",""gpu_kernel_ms"":""measured"",""h2d_bytes"":""measured"",""h2d_ms"":""measured"",""host_prepare_ms"":""unavailable"",""load_ms"":""unavailable"",""mapped_remote_read_bytes"":""measured"",""overlap_wall_ms"":""measured"",""plan_build_ms"":""measured"",""query_total_ms"":""measured"",""resident_gpu_bytes"":""measured"",""resident_host_bytes"":""measured"",""resident_pinned_bytes"":""measured"",""session_setup_ms"":""measured"",""throughput_rows_per_second"":""measured"",""tune_ms"":""measured""}",0.375,,6,measured,unavailable,
2,v7-formal-sf1-resident,fa831274-f4a7-4b43-af00-2cfad4bf4aa8,ok,,0,hybrid-arrow,resident,1,ASIA,1994-01-01,4,False,8,0.375,0.625,0,process_tree,"{""partition"":""fixed"",""selection"":""fixed"",""sweep"":""diagnostic""}","[""host_prepare_ms"",""load_ms""]",5,542abf4003633c7c,"[{""nation"":""INDONESIA"",""revenue_1e4"":555020411697},{""nation"":""VIETNAM"",""revenue_1e4"":552950869967},{""nation"":""CHINA"",""revenue_1e4"":537244942566},{""nation"":""INDIA"",""revenue_1e4"":520355120002},{""nation"":""JAPAN"",""revenue_1e4"":454101756954}]",expected_hash_match,,0.0,,0.0,2.180951,0.6440960168838501,0.03680000081658363,0.6768229999999997,2.250724,842.4334139563143,6001215,7243,2250456,3750759,0,212,0,519995392,,2666348694.9088383,logs/hybrid-fixed-r0375-t08.stdout.jsonl,logs/hybrid-fixed-r0375-t08.stderr.txt,2026-07-14T06:55:27.917222Z,2026-07-14T06:55:28.759666Z,hybrid-fixed-r0375-t08,728899ba-1d9b-4298-80bd-ed3995eb4d65,resident,fixed,287.086414,292.094884,0.0,217467602,99055400,0,"{""cpu_scan_ms"":""measured"",""d2h_bytes"":""measured"",""d2h_ms"":""measured"",""dataset_load_ms"":""measured"",""gpu_kernel_ms"":""measured"",""h2d_bytes"":""measured"",""h2d_ms"":""measured"",""host_prepare_ms"":""unavailable"",""load_ms"":""unavailable"",""mapped_remote_read_bytes"":""measured"",""overlap_wall_ms"":""measured"",""plan_build_ms"":""measured"",""query_total_ms"":""measured"",""resident_gpu_bytes"":""measured"",""resident_host_bytes"":""measured"",""resident_pinned_bytes"":""measured"",""session_setup_ms"":""measured"",""throughput_rows_per_second"":""measured"",""tune_ms"":""measured""}",0.375,,7,measured,unavailable,
2,v7-formal-sf1-resident,26ec2cdc-6f2f-4502-9215-6e9282cb366b,ok,,0,hybrid-arrow,resident,1,ASIA,1994-01-01,5,False,8,0.375,0.625,0,process_tree,"{""partition"":""fixed"",""selection"":""fixed"",""sweep"":""diagnostic""}","[""host_prepare_ms"",""load_ms""]",5,542abf4003633c7c,"[{""nation"":""INDONESIA"",""revenue_1e4"":555020411697},{""nation"":""VIETNAM"",""revenue_1e4"":552950869967},{""nation"":""CHINA"",""revenue_1e4"":537244942566},{""nation"":""INDIA"",""revenue_1e4"":520355120002},{""nation"":""JAPAN"",""revenue_1e4"":454101756954}]",expected_hash_match,,0.0,,0.0,2.137717,0.6355839967727661,0.027775999158620834,0.6394480000000002,2.204045,842.4334139563143,6001215,7243,2250456,3750759,0,212,0,519995392,,2722818726.477908,logs/hybrid-fixed-r0375-t08.stdout.jsonl,logs/hybrid-fixed-r0375-t08.stderr.txt,2026-07-14T06:55:27.917222Z,2026-07-14T06:55:28.759666Z,hybrid-fixed-r0375-t08,728899ba-1d9b-4298-80bd-ed3995eb4d65,resident,fixed,287.086414,292.094884,0.0,217467602,99055400,0,"{""cpu_scan_ms"":""measured"",""d2h_bytes"":""measured"",""d2h_ms"":""measured"",""dataset_load_ms"":""measured"",""gpu_kernel_ms"":""measured"",""h2d_bytes"":""measured"",""h2d_ms"":""measured"",""host_prepare_ms"":""unavailable"",""load_ms"":""unavailable"",""mapped_remote_read_bytes"":""measured"",""overlap_wall_ms"":""measured"",""plan_build_ms"":""measured"",""query_total_ms"":""measured"",""resident_gpu_bytes"":""measured"",""resident_host_bytes"":""measured"",""resident_pinned_bytes"":""measured"",""session_setup_ms"":""measured"",""throughput_rows_per_second"":""measured"",""tune_ms"":""measured""}",0.375,,8,measured,unavailable,
2,v7-formal-sf1-resident,7b755c08-8b0d-4ae7-a9b4-1f50c272bffa,ok,,0,hybrid-arrow,resident,1,ASIA,1994-01-01,6,False,8,0.375,0.625,0,process_tree,"{""partition"":""fixed"",""selection"":""fixed"",""sweep"":""diagnostic""}","[""host_prepare_ms"",""load_ms""]",5,542abf4003633c7c,"[{""nation"":""INDONESIA"",""revenue_1e4"":555020411697},{""nation"":""VIETNAM"",""revenue_1e4"":552950869967},{""nation"":""CHINA"",""revenue_1e4"":537244942566},{""nation"":""INDIA"",""revenue_1e4"":520355120002},{""nation"":""JAPAN"",""revenue_1e4"":454101756954}]",expected_hash_match,,0.0,,0.0,2.06584,0.6369280219078064,0.02425600029528141,0.6266880000000001,2.137977,842.4334139563143,6001215,7243,2250456,3750759,0,212,0,519995392,,2806959569.72409,logs/hybrid-fixed-r0375-t08.stdout.jsonl,logs/hybrid-fixed-r0375-t08.stderr.txt,2026-07-14T06:55:27.917222Z,2026-07-14T06:55:28.759666Z,hybrid-fixed-r0375-t08,728899ba-1d9b-4298-80bd-ed3995eb4d65,resident,fixed,287.086414,292.094884,0.0,217467602,99055400,0,"{""cpu_scan_ms"":""measured"",""d2h_bytes"":""measured"",""d2h_ms"":""measured"",""dataset_load_ms"":""measured"",""gpu_kernel_ms"":""measured"",""h2d_bytes"":""measured"",""h2d_ms"":""measured"",""host_prepare_ms"":""unavailable"",""load_ms"":""unavailable"",""mapped_remote_read_bytes"":""measured"",""overlap_wall_ms"":""measured"",""plan_build_ms"":""measured"",""query_total_ms"":""measured"",""resident_gpu_bytes"":""measured"",""resident_host_bytes"":""measured"",""resident_pinned_bytes"":""measured"",""session_setup_ms"":""measured"",""throughput_rows_per_second"":""measured"",""tune_ms"":""measured""}",0.375,,9,measured,unavailable,
2,v7-formal-sf1-resident,52f79f3b-2ed3-46bf-98fd-85436efba537,ok,,0,hybrid-arrow,resident,1,ASIA,1994-01-01,7,False,8,0.375,0.625,0,process_tree,"{""partition"":""fixed"",""selection"":""fixed"",""sweep"":""diagnostic""}","[""host_prepare_ms"",""load_ms""]",5,542abf4003633c7c,"[{""nation"":""INDONESIA"",""revenue_1e4"":555020411697},{""nation"":""VIETNAM"",""revenue_1e4"":552950869967},{""nation"":""CHINA"",""revenue_1e4"":537244942566},{""nation"":""INDIA"",""revenue_1e4"":520355120002},{""nation"":""JAPAN"",""revenue_1e4"":454101756954}]",expected_hash_match,,0.0,,0.0,2.314629,0.6481919884681702,0.03807999938726425,0.6814999999999998,2.385574,842.4334139563143,6001215,7243,2250456,3750759,0,212,0,519995392,,2515627266.2260737,logs/hybrid-fixed-r0375-t08.stdout.jsonl,logs/hybrid-fixed-r0375-t08.stderr.txt,2026-07-14T06:55:27.917222Z,2026-07-14T06:55:28.759666Z,hybrid-fixed-r0375-t08,728899ba-1d9b-4298-80bd-ed3995eb4d65,resident,fixed,287.086414,292.094884,0.0,217467602,99055400,0,"{""cpu_scan_ms"":""measured"",""d2h_bytes"":""measured"",""d2h_ms"":""measured"",""dataset_load_ms"":""measured"",""gpu_kernel_ms"":""measured"",""h2d_bytes"":""measured"",""h2d_ms"":""measured"",""host_prepare_ms"":""unavailable"",""load_ms"":""unavailable"",""mapped_remote_read_bytes"":""measured"",""overlap_wall_ms"":""measured"",""plan_build_ms"":""measured"",""query_total_ms"":""measured"",""resident_gpu_bytes"":""measured"",""resident_host_bytes"":""measured"",""resident_pinned_bytes"":""measured"",""session_setup_ms"":""measured"",""throughput_rows_per_second"":""measured"",""tune_ms"":""measured""}",0.375,,10,measured,unavailable,
2,v7-formal-sf1-resident,594e6388-9d73-436f-9ed9-ee3410692a09,ok,,0,hybrid-arrow,resident,1,ASIA,1994-01-01,8,False,8,0.375,0.625,0,process_tree,"{""partition"":""fixed"",""selection"":""fixed"",""sweep"":""diagnostic""}","[""host_prepare_ms"",""load_ms""]",5,542abf4003633c7c,"[{""nation"":""INDONESIA"",""revenue_1e4"":555020411697},{""nation"":""VIETNAM"",""revenue_1e4"":552950869967},{""nation"":""CHINA"",""revenue_1e4"":537244942566},{""nation"":""INDIA"",""revenue_1e4"":520355120002},{""nation"":""JAPAN"",""revenue_1e4"":454101756954}]",expected_hash_match,,0.0,,0.0,2.114633,0.6461439728736877,0.037728000432252884,0.6712259999999999,2.190815,842.4334139563143,6001215,7243,2250456,3750759,0,212,0,519995392,,2739261416.413526,logs/hybrid-fixed-r0375-t08.stdout.jsonl,logs/hybrid-fixed-r0375-t08.stderr.txt,2026-07-14T06:55:27.917222Z,2026-07-14T06:55:28.759666Z,hybrid-fixed-r0375-t08,728899ba-1d9b-4298-80bd-ed3995eb4d65,resident,fixed,287.086414,292.094884,0.0,217467602,99055400,0,"{""cpu_scan_ms"":""measured"",""d2h_bytes"":""measured"",""d2h_ms"":""measured"",""dataset_load_ms"":""measured"",""gpu_kernel_ms"":""measured"",""h2d_bytes"":""measured"",""h2d_ms"":""measured"",""host_prepare_ms"":""unavailable"",""load_ms"":""unavailable"",""mapped_remote_read_bytes"":""measured"",""overlap_wall_ms"":""measured"",""plan_build_ms"":""measured"",""query_total_ms"":""measured"",""resident_gpu_bytes"":""measured"",""resident_host_bytes"":""measured"",""resident_pinned_bytes"":""measured"",""session_setup_ms"":""measured"",""throughput_rows_per_second"":""measured"",""tune_ms"":""measured""}",0.375,,11,measured,unavailable,
2,v7-formal-sf1-resident,af31fee1-a958-46a4-857e-ef11a0ab3823,ok,,0,hybrid-arrow,resident,1,ASIA,1994-01-01,9,False,8,0.375,0.625,0,process_tree,"{""partition"":""fixed"",""selection"":""fixed"",""sweep"":""diagnostic""}","[""host_prepare_ms"",""load_ms""]",5,542abf4003633c7c,"[{""nation"":""INDONESIA"",""revenue_1e4"":555020411697},{""nation"":""VIETNAM"",""revenue_1e4"":552950869967},{""nation"":""CHINA"",""revenue_1e4"":537244942566},{""nation"":""INDIA"",""revenue_1e4"":520355120002},{""nation"":""JAPAN"",""revenue_1e4"":454101756954}]",expected_hash_match,,0.0,,0.0,2.140851,0.646943986415863,0.023584000766277313,0.6379150000000005,2.205988,842.4334139563143,6001215,7243,2250456,3750759,0,212,0,519995392,,2720420509.993708,logs/hybrid-fixed-r0375-t08.stdout.jsonl,logs/hybrid-fixed-r0375-t08.stderr.txt,2026-07-14T06:55:27.917222Z,2026-07-14T06:55:28.759666Z,hybrid-fixed-r0375-t08,728899ba-1d9b-4298-80bd-ed3995eb4d65,resident,fixed,287.086414,292.094884,0.0,217467602,99055400,0,"{""cpu_scan_ms"":""measured"",""d2h_bytes"":""measured"",""d2h_ms"":""measured"",""dataset_load_ms"":""measured"",""gpu_kernel_ms"":""measured"",""h2d_bytes"":""measured"",""h2d_ms"":""measured"",""host_prepare_ms"":""unavailable"",""load_ms"":""unavailable"",""mapped_remote_read_bytes"":""measured"",""overlap_wall_ms"":""measured"",""plan_build_ms"":""measured"",""query_total_ms"":""measured"",""resident_gpu_bytes"":""measured"",""resident_host_bytes"":""measured"",""resident_pinned_bytes"":""measured"",""session_setup_ms"":""measured"",""throughput_rows_per_second"":""measured"",""tune_ms"":""measured""}",0.375,,12,measured,unavailable,
2,v7-formal-sf1-resident,f600b1f5-68f5-4a93-94a9-7321aaee7ac4,ok,,0,hybrid-arrow,resident,1,ASIA,1994-01-01,0,False,8,0.5,0.5,0,process_tree,"{""partition"":""fixed"",""selection"":""fixed"",""sweep"":""core""}","[""host_prepare_ms"",""load_ms""]",5,542abf4003633c7c,"[{""nation"":""INDONESIA"",""revenue_1e4"":555020411697},{""nation"":""VIETNAM"",""revenue_1e4"":552950869967},{""nation"":""CHINA"",""revenue_1e4"":537244942566},{""nation"":""INDIA"",""revenue_1e4"":520355120002},{""nation"":""JAPAN"",""revenue_1e4"":454101756954}]",expected_hash_match,,0.0,,0.0,2.534825,0.45680001378059387,0.032287999987602234,0.4905759999999999,2.594343,841.7673660442233,6001215,7243,3000608,3000607,0,212,0,506482688,,2313192588.6438303,logs/hybrid-fixed-r0500-t08.stdout.jsonl,logs/hybrid-fixed-r0500-t08.stderr.txt,2026-07-14T06:55:28.762387Z,2026-07-14T06:55:29.604163Z,hybrid-fixed-r0500-t08,1b3143a9-7338-4851-a1dd-a4e8b3e64649,resident,fixed,276.661844,272.780495,0.0,233921842,84052360,0,"{""cpu_scan_ms"":""measured"",""d2h_bytes"":""measured"",""d2h_ms"":""measured"",""dataset_load_ms"":""measured"",""gpu_kernel_ms"":""measured"",""h2d_bytes"":""measured"",""h2d_ms"":""measured"",""host_prepare_ms"":""unavailable"",""load_ms"":""unavailable"",""mapped_remote_read_bytes"":""measured"",""overlap_wall_ms"":""measured"",""plan_build_ms"":""measured"",""query_total_ms"":""measured"",""resident_gpu_bytes"":""measured"",""resident_host_bytes"":""measured"",""resident_pinned_bytes"":""measured"",""session_setup_ms"":""measured"",""throughput_rows_per_second"":""measured"",""tune_ms"":""measured""}",0.5,,3,measured,unavailable,
2,v7-formal-sf1-resident,1e557e3d-850d-403f-87ad-20de65337e99,ok,,0,hybrid-arrow,resident,1,ASIA,1994-01-01,1,False,8,0.5,0.5,0,process_tree,"{""partition"":""fixed"",""selection"":""fixed"",""sweep"":""core""}","[""host_prepare_ms"",""load_ms""]",5,542abf4003633c7c,"[{""nation"":""INDONESIA"",""revenue_1e4"":555020411697},{""nation"":""VIETNAM"",""revenue_1e4"":552950869967},{""nation"":""CHINA"",""revenue_1e4"":537244942566},{""nation"":""INDIA"",""revenue_1e4"":520355120002},{""nation"":""JAPAN"",""revenue_1e4"":454101756954}]",expected_hash_match,,0.0,,0.0,2.483279,0.4615359902381897,0.03167999908328056,0.4970570000000003,2.537769,841.7673660442233,6001215,7243,3000608,3000607,0,212,0,506482688,,2364760149.5644403,logs/hybrid-fixed-r0500-t08.stdout.jsonl,logs/hybrid-fixed-r0500-t08.stderr.txt,2026-07-14T06:55:28.762387Z,2026-07-14T06:55:29.604163Z,hybrid-fixed-r0500-t08,1b3143a9-7338-4851-a1dd-a4e8b3e64649,resident,fixed,276.661844,272.780495,0.0,233921842,84052360,0,"{""cpu_scan_ms"":""measured"",""d2h_bytes"":""measured"",""d2h_ms"":""measured"",""dataset_load_ms"":""measured"",""gpu_kernel_ms"":""measured"",""h2d_bytes"":""measured"",""h2d_ms"":""measured"",""host_prepare_ms"":""unavailable"",""load_ms"":""unavailable"",""mapped_remote_read_bytes"":""measured"",""overlap_wall_ms"":""measured"",""plan_build_ms"":""measured"",""query_total_ms"":""measured"",""resident_gpu_bytes"":""measured"",""resident_host_bytes"":""measured"",""resident_pinned_bytes"":""measured"",""session_setup_ms"":""measured"",""throughput_rows_per_second"":""measured"",""tune_ms"":""measured""}",0.5,,4,measured,unavailable,
2,v7-formal-sf1-resident,1102079c-6e09-4de6-bf98-b65183d8c0fe,ok,,0,hybrid-arrow,resident,1,ASIA,1994-01-01,2,False,8,0.5,0.5,0,process_tree,"{""partition"":""fixed"",""selection"":""fixed"",""sweep"":""core""}","[""host_prepare_ms"",""load_ms""]",5,542abf4003633c7c,"[{""nation"":""INDONESIA"",""revenue_1e4"":555020411697},{""nation"":""VIETNAM"",""revenue_1e4"":552950869967},{""nation"":""CHINA"",""revenue_1e4"":537244942566},{""nation"":""INDIA"",""revenue_1e4"":520355120002},{""nation"":""JAPAN"",""revenue_1e4"":454101756954}]",expected_hash_match,,0.0,,0.0,2.522717,0.4413439929485321,0.019999999552965164,0.43005700000000013,2.580863,841.7673660442233,6001215,7243,3000608,3000607,0,212,0,506482688,,2325274530.2637143,logs/hybrid-fixed-r0500-t08.stdout.jsonl,logs/hybrid-fixed-r0500-t08.stderr.txt,2026-07-14T06:55:28.762387Z,2026-07-14T06:55:29.604163Z,hybrid-fixed-r0500-t08,1b3143a9-7338-4851-a1dd-a4e8b3e64649,resident,fixed,276.661844,272.780495,0.0,233921842,84052360,0,"{""cpu_scan_ms"":""measured"",""d2h_bytes"":""measured"",""d2h_ms"":""measured"",""dataset_load_ms"":""measured"",""gpu_kernel_ms"":""measured"",""h2d_bytes"":""measured"",""h2d_ms"":""measured"",""host_prepare_ms"":""unavailable"",""load_ms"":""unavailable"",""mapped_remote_read_bytes"":""measured"",""overlap_wall_ms"":""measured"",""plan_build_ms"":""measured"",""query_total_ms"":""measured"",""resident_gpu_bytes"":""measured"",""resident_host_bytes"":""measured"",""resident_pinned_bytes"":""measured"",""session_setup_ms"":""measured"",""throughput_rows_per_second"":""measured"",""tune_ms"":""measured""}",0.5,,5,measured,unavailable,
2,v7-formal-sf1-resident,11ae27ff-f0d9-4f0b-824a-3cd459bf1a76,ok,,0,hybrid-arrow,resident,1,ASIA,1994-01-01,3,False,8,0.5,0.5,0,process_tree,"{""partition"":""fixed"",""selection"":""fixed"",""sweep"":""core""}","[""host_prepare_ms"",""load_ms""]",5,542abf4003633c7c,"[{""nation"":""INDONESIA"",""revenue_1e4"":555020411697},{""nation"":""VIETNAM"",""revenue_1e4"":552950869967},{""nation"":""CHINA"",""revenue_1e4"":537244942566},{""nation"":""INDIA"",""revenue_1e4"":520355120002},{""nation"":""JAPAN"",""revenue_1e4"":454101756954}]",expected_hash_match,,0.0,,0.0,2.524309,0.44652798771858215,0.018880000337958336,0.434933,2.580293,841.7673660442233,6001215,7243,3000608,3000607,0,212,0,506482688,,2325788195.3716106,logs/hybrid-fixed-r0500-t08.stdout.jsonl,logs/hybrid-fixed-r0500-t08.stderr.txt,2026-07-14T06:55:28.762387Z,2026-07-14T06:55:29.604163Z,hybrid-fixed-r0500-t08,1b3143a9-7338-4851-a1dd-a4e8b3e64649,resident,fixed,276.661844,272.780495,0.0,233921842,84052360,0,"{""cpu_scan_ms"":""measured"",""d2h_bytes"":""measured"",""d2h_ms"":""measured"",""dataset_load_ms"":""measured"",""gpu_kernel_ms"":""measured"",""h2d_bytes"":""measured"",""h2d_ms"":""measured"",""host_prepare_ms"":""unavailable"",""load_ms"":""unavailable"",""mapped_remote_read_bytes"":""measured"",""overlap_wall_ms"":""measured"",""plan_build_ms"":""measured"",""query_total_ms"":""measured"",""resident_gpu_bytes"":""measured"",""resident_host_bytes"":""measured"",""resident_pinned_bytes"":""measured"",""session_setup_ms"":""measured"",""throughput_rows_per_second"":""measured"",""tune_ms"":""measured""}",0.5,,6,measured,unavailable,
2,v7-formal-sf1-resident,87aa7f40-b01b-4c4f-a781-947b5d5dd478,ok,,0,hybrid-arrow,resident,1,ASIA,1994-01-01,4,False,8,0.5,0.5,0,process_tree,"{""partition"":""fixed"",""selection"":""fixed"",""sweep"":""core""}","[""host_prepare_ms"",""load_ms""]",5,542abf4003633c7c,"[{""nation"":""INDONESIA"",""revenue_1e4"":555020411697},{""nation"":""VIETNAM"",""revenue_1e4"":552950869967},{""nation"":""CHINA"",""revenue_1e4"":537244942566},{""nation"":""INDIA"",""revenue_1e4"":520355120002},{""nation"":""JAPAN"",""revenue_1e4"":454101756954}]",expected_hash_match,,0.0,,0.0,2.466894,0.44233599305152893,0.01929599978029728,0.42390799999999995,2.53142,841.7673660442233,6001215,7243,3000608,3000607,0,212,0,506482688,,2370691153.5817842,logs/hybrid-fixed-r0500-t08.stdout.jsonl,logs/hybrid-fixed-r0500-t08.stderr.txt,2026-07-14T06:55:28.762387Z,2026-07-14T06:55:29.604163Z,hybrid-fixed-r0500-t08,1b3143a9-7338-4851-a1dd-a4e8b3e64649,resident,fixed,276.661844,272.780495,0.0,233921842,84052360,0,"{""cpu_scan_ms"":""measured"",""d2h_bytes"":""measured"",""d2h_ms"":""measured"",""dataset_load_ms"":""measured"",""gpu_kernel_ms"":""measured"",""h2d_bytes"":""measured"",""h2d_ms"":""measured"",""host_prepare_ms"":""unavailable"",""load_ms"":""unavailable"",""mapped_remote_read_bytes"":""measured"",""overlap_wall_ms"":""measured"",""plan_build_ms"":""measured"",""query_total_ms"":""measured"",""resident_gpu_bytes"":""measured"",""resident_host_bytes"":""measured"",""resident_pinned_bytes"":""measured"",""session_setup_ms"":""measured"",""throughput_rows_per_second"":""measured"",""tune_ms"":""measured""}",0.5,,7,measured,unavailable,
2,v7-formal-sf1-resident,c9a18ebd-de19-4ebe-9ae0-cfbb1d3d3062,ok,,0,hybrid-arrow,resident,1,ASIA,1994-01-01,5,False,8,0.5,0.5,0,process_tree,"{""partition"":""fixed"",""selection"":""fixed"",""sweep"":""core""}","[""host_prepare_ms"",""load_ms""]",5,542abf4003633c7c,"[{""nation"":""INDONESIA"",""revenue_1e4"":555020411697},{""nation"":""VIETNAM"",""revenue_1e4"":552950869967},{""nation"":""CHINA"",""revenue_1e4"":537244942566},{""nation"":""INDIA"",""revenue_1e4"":520355120002},{""nation"":""JAPAN"",""revenue_1e4"":454101756954}]",expected_hash_match,,0.0,,0.0,2.506453,0.4620479941368103,0.031199999153614044,0.48607999999999985,2.567634,841.7673660442233,6001215,7243,3000608,3000607,0,212,0,506482688,,2337254842.395762,logs/hybrid-fixed-r0500-t08.stdout.jsonl,logs/hybrid-fixed-r0500-t08.stderr.txt,2026-07-14T06:55:28.762387Z,2026-07-14T06:55:29.604163Z,hybrid-fixed-r0500-t08,1b3143a9-7338-4851-a1dd-a4e8b3e64649,resident,fixed,276.661844,272.780495,0.0,233921842,84052360,0,"{""cpu_scan_ms"":""measured"",""d2h_bytes"":""measured"",""d2h_ms"":""measured"",""dataset_load_ms"":""measured"",""gpu_kernel_ms"":""measured"",""h2d_bytes"":""measured"",""h2d_ms"":""measured"",""host_prepare_ms"":""unavailable"",""load_ms"":""unavailable"",""mapped_remote_read_bytes"":""measured"",""overlap_wall_ms"":""measured"",""plan_build_ms"":""measured"",""query_total_ms"":""measured"",""resident_gpu_bytes"":""measured"",""resident_host_bytes"":""measured"",""resident_pinned_bytes"":""measured"",""session_setup_ms"":""measured"",""throughput_rows_per_second"":""measured"",""tune_ms"":""measured""}",0.5,,8,measured,unavailable,
2,v7-formal-sf1-resident,01b1b5d6-8ecd-472c-a515-b017c632fab2,ok,,0,hybrid-arrow,resident,1,ASIA,1994-01-01,6,False,8,0.5,0.5,0,process_tree,"{""partition"":""fixed"",""selection"":""fixed"",""sweep"":""core""}","[""host_prepare_ms"",""load_ms""]",5,542abf4003633c7c,"[{""nation"":""INDONESIA"",""revenue_1e4"":555020411697},{""nation"":""VIETNAM"",""revenue_1e4"":552950869967},{""nation"":""CHINA"",""revenue_1e4"":537244942566},{""nation"":""INDIA"",""revenue_1e4"":520355120002},{""nation"":""JAPAN"",""revenue_1e4"":454101756954}]",expected_hash_match,,0.0,,0.0,2.428858,0.4433920085430145,0.020160000771284103,0.43240999999999996,2.488126,841.7673660442233,6001215,7243,3000608,3000607,0,212,0,506482688,,2411941758.576535,logs/hybrid-fixed-r0500-t08.stdout.jsonl,logs/hybrid-fixed-r0500-t08.stderr.txt,2026-07-14T06:55:28.762387Z,2026-07-14T06:55:29.604163Z,hybrid-fixed-r0500-t08,1b3143a9-7338-4851-a1dd-a4e8b3e64649,resident,fixed,276.661844,272.780495,0.0,233921842,84052360,0,"{""cpu_scan_ms"":""measured"",""d2h_bytes"":""measured"",""d2h_ms"":""measured"",""dataset_load_ms"":""measured"",""gpu_kernel_ms"":""measured"",""h2d_bytes"":""measured"",""h2d_ms"":""measured"",""host_prepare_ms"":""unavailable"",""load_ms"":""unavailable"",""mapped_remote_read_bytes"":""measured"",""overlap_wall_ms"":""measured"",""plan_build_ms"":""measured"",""query_total_ms"":""measured"",""resident_gpu_bytes"":""measured"",""resident_host_bytes"":""measured"",""resident_pinned_bytes"":""measured"",""session_setup_ms"":""measured"",""throughput_rows_per_second"":""measured"",""tune_ms"":""measured""}",0.5,,9,measured,unavailable,
2,v7-formal-sf1-resident,1e5989af-3e1b-4c54-8c61-b9a92c416cf5,ok,,0,hybrid-arrow,resident,1,ASIA,1994-01-01,7,False,8,0.5,0.5,0,process_tree,"{""partition"":""fixed"",""selection"":""fixed"",""sweep"":""core""}","[""host_prepare_ms"",""load_ms""]",5,542abf4003633c7c,"[{""nation"":""INDONESIA"",""revenue_1e4"":555020411697},{""nation"":""VIETNAM"",""revenue_1e4"":552950869967},{""nation"":""CHINA"",""revenue_1e4"":537244942566},{""nation"":""INDIA"",""revenue_1e4"":520355120002},{""nation"":""JAPAN"",""revenue_1e4"":454101756954}]",expected_hash_match,,0.0,,0.0,2.537048,0.4556800127029419,0.03200000151991844,0.4979169999999997,2.59206,841.7673660442233,6001215,7243,3000608,3000607,0,212,0,506482688,,2315229971.5284367,logs/hybrid-fixed-r0500-t08.stdout.jsonl,logs/hybrid-fixed-r0500-t08.stderr.txt,2026-07-14T06:55:28.762387Z,2026-07-14T06:55:29.604163Z,hybrid-fixed-r0500-t08,1b3143a9-7338-4851-a1dd-a4e8b3e64649,resident,fixed,276.661844,272.780495,0.0,233921842,84052360,0,"{""cpu_scan_ms"":""measured"",""d2h_bytes"":""measured"",""d2h_ms"":""measured"",""dataset_load_ms"":""measured"",""gpu_kernel_ms"":""measured"",""h2d_bytes"":""measured"",""h2d_ms"":""measured"",""host_prepare_ms"":""unavailable"",""load_ms"":""unavailable"",""mapped_remote_read_bytes"":""measured"",""overlap_wall_ms"":""measured"",""plan_build_ms"":""measured"",""query_total_ms"":""measured"",""resident_gpu_bytes"":""measured"",""resident_host_bytes"":""measured"",""resident_pinned_bytes"":""measured"",""session_setup_ms"":""measured"",""throughput_rows_per_second"":""measured"",""tune_ms"":""measured""}",0.5,,10,measured,unavailable,
2,v7-formal-sf1-resident,e750ed09-c27d-44bd-b6e5-6373af188dc5,ok,,0,hybrid-arrow,resident,1,ASIA,1994-01-01,8,False,8,0.5,0.5,0,process_tree,"{""partition"":""fixed"",""selection"":""fixed"",""sweep"":""core""}","[""host_prepare_ms"",""load_ms""]",5,542abf4003633c7c,"[{""nation"":""INDONESIA"",""revenue_1e4"":555020411697},{""nation"":""VIETNAM"",""revenue_1e4"":552950869967},{""nation"":""CHINA"",""revenue_1e4"":537244942566},{""nation"":""INDIA"",""revenue_1e4"":520355120002},{""nation"":""JAPAN"",""revenue_1e4"":454101756954}]",expected_hash_match,,0.0,,0.0,2.456779,0.44307199120521545,0.018464000895619392,0.4298359999999999,2.512923,841.7673660442233,6001215,7243,3000608,3000607,0,212,0,506482688,,2388141220.4034905,logs/hybrid-fixed-r0500-t08.stdout.jsonl,logs/hybrid-fixed-r0500-t08.stderr.txt,2026-07-14T06:55:28.762387Z,2026-07-14T06:55:29.604163Z,hybrid-fixed-r0500-t08,1b3143a9-7338-4851-a1dd-a4e8b3e64649,resident,fixed,276.661844,272.780495,0.0,233921842,84052360,0,"{""cpu_scan_ms"":""measured"",""d2h_bytes"":""measured"",""d2h_ms"":""measured"",""dataset_load_ms"":""measured"",""gpu_kernel_ms"":""measured"",""h2d_bytes"":""measured"",""h2d_ms"":""measured"",""host_prepare_ms"":""unavailable"",""load_ms"":""unavailable"",""mapped_remote_read_bytes"":""measured"",""overlap_wall_ms"":""measured"",""plan_build_ms"":""measured"",""query_total_ms"":""measured"",""resident_gpu_bytes"":""measured"",""resident_host_bytes"":""measured"",""resident_pinned_bytes"":""measured"",""session_setup_ms"":""measured"",""throughput_rows_per_second"":""measured"",""tune_ms"":""measured""}",0.5,,11,measured,unavailable,
2,v7-formal-sf1-resident,a1cda307-376b-4054-b30b-ad16f5bdd6bc,ok,,0,hybrid-arrow,resident,1,ASIA,1994-01-01,9,False,8,0.5,0.5,0,process_tree,"{""partition"":""fixed"",""selection"":""fixed"",""sweep"":""core""}","[""host_prepare_ms"",""load_ms""]",5,542abf4003633c7c,"[{""nation"":""INDONESIA"",""revenue_1e4"":555020411697},{""nation"":""VIETNAM"",""revenue_1e4"":552950869967},{""nation"":""CHINA"",""revenue_1e4"":537244942566},{""nation"":""INDIA"",""revenue_1e4"":520355120002},{""nation"":""JAPAN"",""revenue_1e4"":454101756954}]",expected_hash_match,,0.0,,0.0,2.466043,0.44646400213241577,0.02051199972629547,0.4397920000000002,2.520754,841.7673660442233,6001215,7243,3000608,3000607,0,212,0,506482688,,2380722196.612601,logs/hybrid-fixed-r0500-t08.stdout.jsonl,logs/hybrid-fixed-r0500-t08.stderr.txt,2026-07-14T06:55:28.762387Z,2026-07-14T06:55:29.604163Z,hybrid-fixed-r0500-t08,1b3143a9-7338-4851-a1dd-a4e8b3e64649,resident,fixed,276.661844,272.780495,0.0,233921842,84052360,0,"{""cpu_scan_ms"":""measured"",""d2h_bytes"":""measured"",""d2h_ms"":""measured"",""dataset_load_ms"":""measured"",""gpu_kernel_ms"":""measured"",""h2d_bytes"":""measured"",""h2d_ms"":""measured"",""host_prepare_ms"":""unavailable"",""load_ms"":""unavailable"",""mapped_remote_read_bytes"":""measured"",""overlap_wall_ms"":""measured"",""plan_build_ms"":""measured"",""query_total_ms"":""measured"",""resident_gpu_bytes"":""measured"",""resident_host_bytes"":""measured"",""resident_pinned_bytes"":""measured"",""session_setup_ms"":""measured"",""throughput_rows_per_second"":""measured"",""tune_ms"":""measured""}",0.5,,12,measured,unavailable,
2,v7-formal-sf1-resident,5d14cd74-7e7e-4fe5-813a-238a014452eb,ok,,0,hybrid-arrow,resident,1,ASIA,1994-01-01,0,False,8,0.625,0.375,0,process_tree,"{""partition"":""fixed"",""selection"":""fixed"",""sweep"":""diagnostic""}","[""host_prepare_ms"",""load_ms""]",5,542abf4003633c7c,"[{""nation"":""INDONESIA"",""revenue_1e4"":555020411697},{""nation"":""VIETNAM"",""revenue_1e4"":552950869967},{""nation"":""CHINA"",""revenue_1e4"":537244942566},{""nation"":""INDIA"",""revenue_1e4"":520355120002},{""nation"":""JAPAN"",""revenue_1e4"":454101756954}]",expected_hash_match,,0.0,,0.0,3.053434,0.23852799832820892,0.022143999114632607,0.23499900000000018,3.116847,846.7709152027965,6001215,7243,3750759,2250456,0,212,0,449232896,,1925412123.212978,logs/hybrid-fixed-r0625-t08.stdout.jsonl,logs/hybrid-fixed-r0625-t08.stderr.txt,2026-07-14T06:55:29.606899Z,2026-07-14T06:55:30.453678Z,hybrid-fixed-r0625-t08,313ff1fb-e6e0-47b7-a98e-1bc4b23c7a66,resident,fixed,274.708271,254.162879,0.0,250376102,69049340,0,"{""cpu_scan_ms"":""measured"",""d2h_bytes"":""measured"",""d2h_ms"":""measured"",""dataset_load_ms"":""measured"",""gpu_kernel_ms"":""measured"",""h2d_bytes"":""measured"",""h2d_ms"":""measured"",""host_prepare_ms"":""unavailable"",""load_ms"":""unavailable"",""mapped_remote_read_bytes"":""measured"",""overlap_wall_ms"":""measured"",""plan_build_ms"":""measured"",""query_total_ms"":""measured"",""resident_gpu_bytes"":""measured"",""resident_host_bytes"":""measured"",""resident_pinned_bytes"":""measured"",""session_setup_ms"":""measured"",""throughput_rows_per_second"":""measured"",""tune_ms"":""measured""}",0.625,,3,measured,unavailable,
2,v7-formal-sf1-resident,90cd0d51-4c20-4818-ab1c-f47562201a00,ok,,0,hybrid-arrow,resident,1,ASIA,1994-01-01,1,False,8,0.625,0.375,0,process_tree,"{""partition"":""fixed"",""selection"":""fixed"",""sweep"":""diagnostic""}","[""host_prepare_ms"",""load_ms""]",5,542abf4003633c7c,"[{""nation"":""INDONESIA"",""revenue_1e4"":555020411697},{""nation"":""VIETNAM"",""revenue_1e4"":552950869967},{""nation"":""CHINA"",""revenue_1e4"":537244942566},{""nation"":""INDIA"",""revenue_1e4"":520355120002},{""nation"":""JAPAN"",""revenue_1e4"":454101756954}]",expected_hash_match,,0.0,,0.0,2.994506,0.24371199309825897,0.030559999868273735,0.2648220000000001,3.05778,846.7709152027965,6001215,7243,3750759,2250456,0,212,0,449232896,,1962605223.3973665,logs/hybrid-fixed-r0625-t08.stdout.jsonl,logs/hybrid-fixed-r0625-t08.stderr.txt,2026-07-14T06:55:29.606899Z,2026-07-14T06:55:30.453678Z,hybrid-fixed-r0625-t08,313ff1fb-e6e0-47b7-a98e-1bc4b23c7a66,resident,fixed,274.708271,254.162879,0.0,250376102,69049340,0,"{""cpu_scan_ms"":""measured"",""d2h_bytes"":""measured"",""d2h_ms"":""measured"",""dataset_load_ms"":""measured"",""gpu_kernel_ms"":""measured"",""h2d_bytes"":""measured"",""h2d_ms"":""measured"",""host_prepare_ms"":""unavailable"",""load_ms"":""unavailable"",""mapped_remote_read_bytes"":""measured"",""overlap_wall_ms"":""measured"",""plan_build_ms"":""measured"",""query_total_ms"":""measured"",""resident_gpu_bytes"":""measured"",""resident_host_bytes"":""measured"",""resident_pinned_bytes"":""measured"",""session_setup_ms"":""measured"",""throughput_rows_per_second"":""measured"",""tune_ms"":""measured""}",0.625,,4,measured,unavailable,
2,v7-formal-sf1-resident,cfa6340d-4e0f-4b5f-a3b6-1351b11a9663,ok,,0,hybrid-arrow,resident,1,ASIA,1994-01-01,2,False,8,0.625,0.375,0,process_tree,"{""partition"":""fixed"",""selection"":""fixed"",""sweep"":""diagnostic""}","[""host_prepare_ms"",""load_ms""]",5,542abf4003633c7c,"[{""nation"":""INDONESIA"",""revenue_1e4"":555020411697},{""nation"":""VIETNAM"",""revenue_1e4"":552950869967},{""nation"":""CHINA"",""revenue_1e4"":537244942566},{""nation"":""INDIA"",""revenue_1e4"":520355120002},{""nation"":""JAPAN"",""revenue_1e4"":454101756954}]",expected_hash_match,,0.0,,0.0,3.01066,0.23756800591945648,0.019936000928282738,0.22576399999999985,3.070319,846.7709152027965,6001215,7243,3750759,2250456,0,212,0,449232896,,1954590060.5116277,logs/hybrid-fixed-r0625-t08.stdout.jsonl,logs/hybrid-fixed-r0625-t08.stderr.txt,2026-07-14T06:55:29.606899Z,2026-07-14T06:55:30.453678Z,hybrid-fixed-r0625-t08,313ff1fb-e6e0-47b7-a98e-1bc4b23c7a66,resident,fixed,274.708271,254.162879,0.0,250376102,69049340,0,"{""cpu_scan_ms"":""measured"",""d2h_bytes"":""measured"",""d2h_ms"":""measured"",""dataset_load_ms"":""measured"",""gpu_kernel_ms"":""measured"",""h2d_bytes"":""measured"",""h2d_ms"":""measured"",""host_prepare_ms"":""unavailable"",""load_ms"":""unavailable"",""mapped_remote_read_bytes"":""measured"",""overlap_wall_ms"":""measured"",""plan_build_ms"":""measured"",""query_total_ms"":""measured"",""resident_gpu_bytes"":""measured"",""resident_host_bytes"":""measured"",""resident_pinned_bytes"":""measured"",""session_setup_ms"":""measured"",""throughput_rows_per_second"":""measured"",""tune_ms"":""measured""}",0.625,,5,measured,unavailable,
2,v7-formal-sf1-resident,8cc70fac-45ac-4f06-bb60-ee762d8e251b,ok,,0,hybrid-arrow,resident,1,ASIA,1994-01-01,3,False,8,0.625,0.375,0,process_tree,"{""partition"":""fixed"",""selection"":""fixed"",""sweep"":""diagnostic""}","[""host_prepare_ms"",""load_ms""]",5,542abf4003633c7c,"[{""nation"":""INDONESIA"",""revenue_1e4"":555020411697},{""nation"":""VIETNAM"",""revenue_1e4"":552950869967},{""nation"":""CHINA"",""revenue_1e4"":537244942566},{""nation"":""INDIA"",""revenue_1e4"":520355120002},{""nation"":""JAPAN"",""revenue_1e4"":454101756954}]",expected_hash_match,,0.0,,0.0,2.994907,0.23244799673557281,0.01929599978029728,0.2209979999999998,3.052782,846.7709152027965,6001215,7243,3750759,2250456,0,212,0,449232896,,1965818391.224791,logs/hybrid-fixed-r0625-t08.stdout.jsonl,logs/hybrid-fixed-r0625-t08.stderr.txt,2026-07-14T06:55:29.606899Z,2026-07-14T06:55:30.453678Z,hybrid-fixed-r0625-t08,313ff1fb-e6e0-47b7-a98e-1bc4b23c7a66,resident,fixed,274.708271,254.162879,0.0,250376102,69049340,0,"{""cpu_scan_ms"":""measured"",""d2h_bytes"":""measured"",""d2h_ms"":""measured"",""dataset_load_ms"":""measured"",""gpu_kernel_ms"":""measured"",""h2d_bytes"":""measured"",""h2d_ms"":""measured"",""host_prepare_ms"":""unavailable"",""load_ms"":""unavailable"",""mapped_remote_read_bytes"":""measured"",""overlap_wall_ms"":""measured"",""plan_build_ms"":""measured"",""query_total_ms"":""measured"",""resident_gpu_bytes"":""measured"",""resident_host_bytes"":""measured"",""resident_pinned_bytes"":""measured"",""session_setup_ms"":""measured"",""throughput_rows_per_second"":""measured"",""tune_ms"":""measured""}",0.625,,6,measured,unavailable,
2,v7-formal-sf1-resident,eb8bda8c-d74a-44dc-9c5d-e67aca3c6e68,ok,,0,hybrid-arrow,resident,1,ASIA,1994-01-01,4,False,8,0.625,0.375,0,process_tree,"{""partition"":""fixed"",""selection"":""fixed"",""sweep"":""diagnostic""}","[""host_prepare_ms"",""load_ms""]",5,542abf4003633c7c,"[{""nation"":""INDONESIA"",""revenue_1e4"":555020411697},{""nation"":""VIETNAM"",""revenue_1e4"":552950869967},{""nation"":""CHINA"",""revenue_1e4"":537244942566},{""nation"":""INDIA"",""revenue_1e4"":520355120002},{""nation"":""JAPAN"",""revenue_1e4"":454101756954}]",expected_hash_match,,0.0,,0.0,3.097018,0.2303999960422516,0.018912000581622124,0.20385299999999962,3.16625,846.7709152027965,6001215,7243,3750759,2250456,0,212,0,449232896,,1895369917.0943546,logs/hybrid-fixed-r0625-t08.stdout.jsonl,logs/hybrid-fixed-r0625-t08.stderr.txt,2026-07-14T06:55:29.606899Z,2026-07-14T06:55:30.453678Z,hybrid-fixed-r0625-t08,313ff1fb-e6e0-47b7-a98e-1bc4b23c7a66,resident,fixed,274.708271,254.162879,0.0,250376102,69049340,0,"{""cpu_scan_ms"":""measured"",""d2h_bytes"":""measured"",""d2h_ms"":""measured"",""dataset_load_ms"":""measured"",""gpu_kernel_ms"":""measured"",""h2d_bytes"":""measured"",""h2d_ms"":""measured"",""host_prepare_ms"":""unavailable"",""load_ms"":""unavailable"",""mapped_remote_read_bytes"":""measured"",""overlap_wall_ms"":""measured"",""plan_build_ms"":""measured"",""query_total_ms"":""measured"",""resident_gpu_bytes"":""measured"",""resident_host_bytes"":""measured"",""resident_pinned_bytes"":""measured"",""session_setup_ms"":""measured"",""throughput_rows_per_second"":""measured"",""tune_ms"":""measured""}",0.625,,7,measured,unavailable,
2,v7-formal-sf1-resident,c152b8ee-bf9b-4719-aa81-fa3214e1f85f,ok,,0,hybrid-arrow,resident,1,ASIA,1994-01-01,5,False,8,0.625,0.375,0,process_tree,"{""partition"":""fixed"",""selection"":""fixed"",""sweep"":""diagnostic""}","[""host_prepare_ms"",""load_ms""]",5,542abf4003633c7c,"[{""nation"":""INDONESIA"",""revenue_1e4"":555020411697},{""nation"":""VIETNAM"",""revenue_1e4"":552950869967},{""nation"":""CHINA"",""revenue_1e4"":537244942566},{""nation"":""INDIA"",""revenue_1e4"":520355120002},{""nation"":""JAPAN"",""revenue_1e4"":454101756954}]",expected_hash_match,,0.0,,0.0,2.952243,0.23654399812221527,0.023840000852942467,0.23111199999999998,3.016448,846.7709152027965,6001215,7243,3750759,2250456,0,212,0,449232896,,1989497249.745396,logs/hybrid-fixed-r0625-t08.stdout.jsonl,logs/hybrid-fixed-r0625-t08.stderr.txt,2026-07-14T06:55:29.606899Z,2026-07-14T06:55:30.453678Z,hybrid-fixed-r0625-t08,313ff1fb-e6e0-47b7-a98e-1bc4b23c7a66,resident,fixed,274.708271,254.162879,0.0,250376102,69049340,0,"{""cpu_scan_ms"":""measured"",""d2h_bytes"":""measured"",""d2h_ms"":""measured"",""dataset_load_ms"":""measured"",""gpu_kernel_ms"":""measured"",""h2d_bytes"":""measured"",""h2d_ms"":""measured"",""host_prepare_ms"":""unavailable"",""load_ms"":""unavailable"",""mapped_remote_read_bytes"":""measured"",""overlap_wall_ms"":""measured"",""plan_build_ms"":""measured"",""query_total_ms"":""measured"",""resident_gpu_bytes"":""measured"",""resident_host_bytes"":""measured"",""resident_pinned_bytes"":""measured"",""session_setup_ms"":""measured"",""throughput_rows_per_second"":""measured"",""tune_ms"":""measured""}",0.625,,8,measured,unavailable,
2,v7-formal-sf1-resident,0c134bd7-52f0-4707-bad5-045b3fe628c8,ok,,0,hybrid-arrow,resident,1,ASIA,1994-01-01,6,False,8,0.625,0.375,0,process_tree,"{""partition"":""fixed"",""selection"":""fixed"",""sweep"":""diagnostic""}","[""host_prepare_ms"",""load_ms""]",5,542abf4003633c7c,"[{""nation"":""INDONESIA"",""revenue_1e4"":555020411697},{""nation"":""VIETNAM"",""revenue_1e4"":552950869967},{""nation"":""CHINA"",""revenue_1e4"":537244942566},{""nation"":""INDIA"",""revenue_1e4"":520355120002},{""nation"":""JAPAN"",""revenue_1e4"":454101756954}]",expected_hash_match,,0.0,,0.0,2.994586,0.2314240038394928,0.02099199965596199,0.21953500000000004,3.056247,846.7709152027965,6001215,7243,3750759,2250456,0,212,0,449232896,,1963589657.5113204,logs/hybrid-fixed-r0625-t08.stdout.jsonl,logs/hybrid-fixed-r0625-t08.stderr.txt,2026-07-14T06:55:29.606899Z,2026-07-14T06:55:30.453678Z,hybrid-fixed-r0625-t08,313ff1fb-e6e0-47b7-a98e-1bc4b23c7a66,resident,fixed,274.708271,254.162879,0.0,250376102,69049340,0,"{""cpu_scan_ms"":""measured"",""d2h_bytes"":""measured"",""d2h_ms"":""measured"",""dataset_load_ms"":""measured"",""gpu_kernel_ms"":""measured"",""h2d_bytes"":""measured"",""h2d_ms"":""measured"",""host_prepare_ms"":""unavailable"",""load_ms"":""unavailable"",""mapped_remote_read_bytes"":""measured"",""overlap_wall_ms"":""measured"",""plan_build_ms"":""measured"",""query_total_ms"":""measured"",""resident_gpu_bytes"":""measured"",""resident_host_bytes"":""measured"",""resident_pinned_bytes"":""measured"",""session_setup_ms"":""measured"",""throughput_rows_per_second"":""measured"",""tune_ms"":""measured""}",0.625,,9,measured,unavailable,
2,v7-formal-sf1-resident,26c5ab09-315a-4be7-9011-5c6a628e29fc,ok,,0,hybrid-arrow,resident,1,ASIA,1994-01-01,7,False,8,0.625,0.375,0,process_tree,"{""partition"":""fixed"",""selection"":""fixed"",""sweep"":""diagnostic""}","[""host_prepare_ms"",""load_ms""]",5,542abf4003633c7c,"[{""nation"":""INDONESIA"",""revenue_1e4"":555020411697},{""nation"":""VIETNAM"",""revenue_1e4"":552950869967},{""nation"":""CHINA"",""revenue_1e4"":537244942566},{""nation"":""INDIA"",""revenue_1e4"":520355120002},{""nation"":""JAPAN"",""revenue_1e4"":454101756954}]",expected_hash_match,,0.0,,0.0,2.914608,0.23244799673557281,0.019039999693632126,0.21700199999999992,2.973495,846.7709152027965,6001215,7243,3750759,2250456,0,212,0,449232896,,2018236116.0856164,logs/hybrid-fixed-r0625-t08.stdout.jsonl,logs/hybrid-fixed-r0625-t08.stderr.txt,2026-07-14T06:55:29.606899Z,2026-07-14T06:55:30.453678Z,hybrid-fixed-r0625-t08,313ff1fb-e6e0-47b7-a98e-1bc4b23c7a66,resident,fixed,274.708271,254.162879,0.0,250376102,69049340,0,"{""cpu_scan_ms"":""measured"",""d2h_bytes"":""measured"",""d2h_ms"":""measured"",""dataset_load_ms"":""measured"",""gpu_kernel_ms"":""measured"",""h2d_bytes"":""measured"",""h2d_ms"":""measured"",""host_prepare_ms"":""unavailable"",""load_ms"":""unavailable"",""mapped_remote_read_bytes"":""measured"",""overlap_wall_ms"":""measured"",""plan_build_ms"":""measured"",""query_total_ms"":""measured"",""resident_gpu_bytes"":""measured"",""resident_host_bytes"":""measured"",""resident_pinned_bytes"":""measured"",""session_setup_ms"":""measured"",""throughput_rows_per_second"":""measured"",""tune_ms"":""measured""}",0.625,,10,measured,unavailable,
2,v7-formal-sf1-resident,935cbc6a-b5e7-4648-b91d-5261aa29e53c,ok,,0,hybrid-arrow,resident,1,ASIA,1994-01-01,8,False,8,0.625,0.375,0,process_tree,"{""partition"":""fixed"",""selection"":""fixed"",""sweep"":""diagnostic""}","[""host_prepare_ms"",""load_ms""]",5,542abf4003633c7c,"[{""nation"":""INDONESIA"",""revenue_1e4"":555020411697},{""nation"":""VIETNAM"",""revenue_1e4"":552950869967},{""nation"":""CHINA"",""revenue_1e4"":537244942566},{""nation"":""INDIA"",""revenue_1e4"":520355120002},{""nation"":""JAPAN"",""revenue_1e4"":454101756954}]",expected_hash_match,,0.0,,0.0,2.918964,0.2449599951505661,0.0326399989426136,0.27774199999999993,2.980205,846.7709152027965,6001215,7243,3750759,2250456,0,212,0,449232896,,2013692011.1200402,logs/hybrid-fixed-r0625-t08.stdout.jsonl,logs/hybrid-fixed-r0625-t08.stderr.txt,2026-07-14T06:55:29.606899Z,2026-07-14T06:55:30.453678Z,hybrid-fixed-r0625-t08,313ff1fb-e6e0-47b7-a98e-1bc4b23c7a66,resident,fixed,274.708271,254.162879,0.0,250376102,69049340,0,"{""cpu_scan_ms"":""measured"",""d2h_bytes"":""measured"",""d2h_ms"":""measured"",""dataset_load_ms"":""measured"",""gpu_kernel_ms"":""measured"",""h2d_bytes"":""measured"",""h2d_ms"":""measured"",""host_prepare_ms"":""unavailable"",""load_ms"":""unavailable"",""mapped_remote_read_bytes"":""measured"",""overlap_wall_ms"":""measured"",""plan_build_ms"":""measured"",""query_total_ms"":""measured"",""resident_gpu_bytes"":""measured"",""resident_host_bytes"":""measured"",""resident_pinned_bytes"":""measured"",""session_setup_ms"":""measured"",""throughput_rows_per_second"":""measured"",""tune_ms"":""measured""}",0.625,,11,measured,unavailable,
2,v7-formal-sf1-resident,02f1ac98-bf39-41e9-b953-1650ac5e62ab,ok,,0,hybrid-arrow,resident,1,ASIA,1994-01-01,9,False,8,0.625,0.375,0,process_tree,"{""partition"":""fixed"",""selection"":""fixed"",""sweep"":""diagnostic""}","[""host_prepare_ms"",""load_ms""]",5,542abf4003633c7c,"[{""nation"":""INDONESIA"",""revenue_1e4"":555020411697},{""nation"":""VIETNAM"",""revenue_1e4"":552950869967},{""nation"":""CHINA"",""revenue_1e4"":537244942566},{""nation"":""INDIA"",""revenue_1e4"":520355120002},{""nation"":""JAPAN"",""revenue_1e4"":454101756954}]",expected_hash_match,,0.0,,0.0,3.101865,0.24883200228214264,0.03209599852561951,0.28649400000000025,3.163836,846.7709152027965,6001215,7243,3750759,2250456,0,212,0,449232896,,1896816080.2266617,logs/hybrid-fixed-r0625-t08.stdout.jsonl,logs/hybrid-fixed-r0625-t08.stderr.txt,2026-07-14T06:55:29.606899Z,2026-07-14T06:55:30.453678Z,hybrid-fixed-r0625-t08,313ff1fb-e6e0-47b7-a98e-1bc4b23c7a66,resident,fixed,274.708271,254.162879,0.0,250376102,69049340,0,"{""cpu_scan_ms"":""measured"",""d2h_bytes"":""measured"",""d2h_ms"":""measured"",""dataset_load_ms"":""measured"",""gpu_kernel_ms"":""measured"",""h2d_bytes"":""measured"",""h2d_ms"":""measured"",""host_prepare_ms"":""unavailable"",""load_ms"":""unavailable"",""mapped_remote_read_bytes"":""measured"",""overlap_wall_ms"":""measured"",""plan_build_ms"":""measured"",""query_total_ms"":""measured"",""resident_gpu_bytes"":""measured"",""resident_host_bytes"":""measured"",""resident_pinned_bytes"":""measured"",""session_setup_ms"":""measured"",""throughput_rows_per_second"":""measured"",""tune_ms"":""measured""}",0.625,,12,measured,unavailable,
2,v7-formal-sf1-resident,9b01dd92-78d5-44a0-86f9-74752100ba68,ok,,0,hybrid-arrow,resident,1,ASIA,1994-01-01,0,False,8,0.75,0.25,0,process_tree,"{""partition"":""fixed"",""selection"":""fixed"",""sweep"":""core""}","[""host_prepare_ms"",""load_ms""]",5,542abf4003633c7c,"[{""nation"":""INDONESIA"",""revenue_1e4"":555020411697},{""nation"":""VIETNAM"",""revenue_1e4"":552950869967},{""nation"":""CHINA"",""revenue_1e4"":537244942566},{""nation"":""INDIA"",""revenue_1e4"":520355120002},{""nation"":""JAPAN"",""revenue_1e4"":454101756954}]",expected_hash_match,,0.0,,0.0,3.576588,0.11286400258541107,0.024960000067949295,0.09205599999999992,3.657718,891.4430402219296,6001215,7243,4500911,1500304,0,212,0,455045120,,1640699200.9772213,logs/hybrid-fixed-r0750-t08.stdout.jsonl,logs/hybrid-fixed-r0750-t08.stderr.txt,2026-07-14T06:55:30.456415Z,2026-07-14T06:55:31.347867Z,hybrid-fixed-r0750-t08,9bc80d3c-d50b-4da6-a541-9dd41ada252f,resident,fixed,275.868654,261.344919,0.0,266830342,54046300,0,"{""cpu_scan_ms"":""measured"",""d2h_bytes"":""measured"",""d2h_ms"":""measured"",""dataset_load_ms"":""measured"",""gpu_kernel_ms"":""measured"",""h2d_bytes"":""measured"",""h2d_ms"":""measured"",""host_prepare_ms"":""unavailable"",""load_ms"":""unavailable"",""mapped_remote_read_bytes"":""measured"",""overlap_wall_ms"":""measured"",""plan_build_ms"":""measured"",""query_total_ms"":""measured"",""resident_gpu_bytes"":""measured"",""resident_host_bytes"":""measured"",""resident_pinned_bytes"":""measured"",""session_setup_ms"":""measured"",""throughput_rows_per_second"":""measured"",""tune_ms"":""measured""}",0.75,,3,measured,unavailable,
2,v7-formal-sf1-resident,2849cc95-e546-448b-aaea-c932061b81dc,ok,,0,hybrid-arrow,resident,1,ASIA,1994-01-01,1,False,8,0.75,0.25,0,process_tree,"{""partition"":""fixed"",""selection"":""fixed"",""sweep"":""core""}","[""host_prepare_ms"",""load_ms""]",5,542abf4003633c7c,"[{""nation"":""INDONESIA"",""revenue_1e4"":555020411697},{""nation"":""VIETNAM"",""revenue_1e4"":552950869967},{""nation"":""CHINA"",""revenue_1e4"":537244942566},{""nation"":""INDIA"",""revenue_1e4"":520355120002},{""nation"":""JAPAN"",""revenue_1e4"":454101756954}]",expected_hash_match,,0.0,,0.0,3.64513,0.11238399893045425,0.026464000344276428,0.10324400000000011,3.716946,891.4430402219296,6001215,7243,4500911,1500304,0,212,0,455045120,,1614555336.5585618,logs/hybrid-fixed-r0750-t08.stdout.jsonl,logs/hybrid-fixed-r0750-t08.stderr.txt,2026-07-14T06:55:30.456415Z,2026-07-14T06:55:31.347867Z,hybrid-fixed-r0750-t08,9bc80d3c-d50b-4da6-a541-9dd41ada252f,resident,fixed,275.868654,261.344919,0.0,266830342,54046300,0,"{""cpu_scan_ms"":""measured"",""d2h_bytes"":""measured"",""d2h_ms"":""measured"",""dataset_load_ms"":""measured"",""gpu_kernel_ms"":""measured"",""h2d_bytes"":""measured"",""h2d_ms"":""measured"",""host_prepare_ms"":""unavailable"",""load_ms"":""unavailable"",""mapped_remote_read_bytes"":""measured"",""overlap_wall_ms"":""measured"",""plan_build_ms"":""measured"",""query_total_ms"":""measured"",""resident_gpu_bytes"":""measured"",""resident_host_bytes"":""measured"",""resident_pinned_bytes"":""measured"",""session_setup_ms"":""measured"",""throughput_rows_per_second"":""measured"",""tune_ms"":""measured""}",0.75,,4,measured,unavailable,
2,v7-formal-sf1-resident,b6f28668-c556-4f25-b642-94213594df8d,ok,,0,hybrid-arrow,resident,1,ASIA,1994-01-01,2,False,8,0.75,0.25,0,process_tree,"{""partition"":""fixed"",""selection"":""fixed"",""sweep"":""core""}","[""host_prepare_ms"",""load_ms""]",5,542abf4003633c7c,"[{""nation"":""INDONESIA"",""revenue_1e4"":555020411697},{""nation"":""VIETNAM"",""revenue_1e4"":552950869967},{""nation"":""CHINA"",""revenue_1e4"":537244942566},{""nation"":""INDIA"",""revenue_1e4"":520355120002},{""nation"":""JAPAN"",""revenue_1e4"":454101756954}]",expected_hash_match,,0.0,,0.0,3.623197,0.11587200313806534,0.023679999634623528,0.092387,3.69932,891.4430402219296,6001215,7243,4500911,1500304,0,212,0,455045120,,1622248142.9019387,logs/hybrid-fixed-r0750-t08.stdout.jsonl,logs/hybrid-fixed-r0750-t08.stderr.txt,2026-07-14T06:55:30.456415Z,2026-07-14T06:55:31.347867Z,hybrid-fixed-r0750-t08,9bc80d3c-d50b-4da6-a541-9dd41ada252f,resident,fixed,275.868654,261.344919,0.0,266830342,54046300,0,"{""cpu_scan_ms"":""measured"",""d2h_bytes"":""measured"",""d2h_ms"":""measured"",""dataset_load_ms"":""measured"",""gpu_kernel_ms"":""measured"",""h2d_bytes"":""measured"",""h2d_ms"":""measured"",""host_prepare_ms"":""unavailable"",""load_ms"":""unavailable"",""mapped_remote_read_bytes"":""measured"",""overlap_wall_ms"":""measured"",""plan_build_ms"":""measured"",""query_total_ms"":""measured"",""resident_gpu_bytes"":""measured"",""resident_host_bytes"":""measured"",""resident_pinned_bytes"":""measured"",""session_setup_ms"":""measured"",""throughput_rows_per_second"":""measured"",""tune_ms"":""measured""}",0.75,,5,measured,unavailable,
2,v7-formal-sf1-resident,47b2323c-0764-4f68-bb60-396cc0d5feca,ok,,0,hybrid-arrow,resident,1,ASIA,1994-01-01,3,False,8,0.75,0.25,0,process_tree,"{""partition"":""fixed"",""selection"":""fixed"",""sweep"":""core""}","[""host_prepare_ms"",""load_ms""]",5,542abf4003633c7c,"[{""nation"":""INDONESIA"",""revenue_1e4"":555020411697},{""nation"":""VIETNAM"",""revenue_1e4"":552950869967},{""nation"":""CHINA"",""revenue_1e4"":537244942566},{""nation"":""INDIA"",""revenue_1e4"":520355120002},{""nation"":""JAPAN"",""revenue_1e4"":454101756954}]",expected_hash_match,,0.0,,0.0,3.579632,0.11673600226640701,0.023903999477624893,0.09322700000000017,3.655635,891.4430402219296,6001215,7243,4500911,1500304,0,212,0,455045120,,1641634079.9888391,logs/hybrid-fixed-r0750-t08.stdout.jsonl,logs/hybrid-fixed-r0750-t08.stderr.txt,2026-07-14T06:55:30.456415Z,2026-07-14T06:55:31.347867Z,hybrid-fixed-r0750-t08,9bc80d3c-d50b-4da6-a541-9dd41ada252f,resident,fixed,275.868654,261.344919,0.0,266830342,54046300,0,"{""cpu_scan_ms"":""measured"",""d2h_bytes"":""measured"",""d2h_ms"":""measured"",""dataset_load_ms"":""measured"",""gpu_kernel_ms"":""measured"",""h2d_bytes"":""measured"",""h2d_ms"":""measured"",""host_prepare_ms"":""unavailable"",""load_ms"":""unavailable"",""mapped_remote_read_bytes"":""measured"",""overlap_wall_ms"":""measured"",""plan_build_ms"":""measured"",""query_total_ms"":""measured"",""resident_gpu_bytes"":""measured"",""resident_host_bytes"":""measured"",""resident_pinned_bytes"":""measured"",""session_setup_ms"":""measured"",""throughput_rows_per_second"":""measured"",""tune_ms"":""measured""}",0.75,,6,measured,unavailable,
2,v7-formal-sf1-resident,9d89419a-b270-4750-bd2d-e75eedfbca56,ok,,0,hybrid-arrow,resident,1,ASIA,1994-01-01,4,False,8,0.75,0.25,0,process_tree,"{""partition"":""fixed"",""selection"":""fixed"",""sweep"":""core""}","[""host_prepare_ms"",""load_ms""]",5,542abf4003633c7c,"[{""nation"":""INDONESIA"",""revenue_1e4"":555020411697},{""nation"":""VIETNAM"",""revenue_1e4"":552950869967},{""nation"":""CHINA"",""revenue_1e4"":537244942566},{""nation"":""INDIA"",""revenue_1e4"":520355120002},{""nation"":""JAPAN"",""revenue_1e4"":454101756954}]",expected_hash_match,,0.0,,0.0,3.662566,0.12211199849843979,0.03939199820160866,0.1461380000000001,3.741853,891.4430402219296,6001215,7243,4500911,1500304,0,212,0,455045120,,1603808327.0507956,logs/hybrid-fixed-r0750-t08.stdout.jsonl,logs/hybrid-fixed-r0750-t08.stderr.txt,2026-07-14T06:55:30.456415Z,2026-07-14T06:55:31.347867Z,hybrid-fixed-r0750-t08,9bc80d3c-d50b-4da6-a541-9dd41ada252f,resident,fixed,275.868654,261.344919,0.0,266830342,54046300,0,"{""cpu_scan_ms"":""measured"",""d2h_bytes"":""measured"",""d2h_ms"":""measured"",""dataset_load_ms"":""measured"",""gpu_kernel_ms"":""measured"",""h2d_bytes"":""measured"",""h2d_ms"":""measured"",""host_prepare_ms"":""unavailable"",""load_ms"":""unavailable"",""mapped_remote_read_bytes"":""measured"",""overlap_wall_ms"":""measured"",""plan_build_ms"":""measured"",""query_total_ms"":""measured"",""resident_gpu_bytes"":""measured"",""resident_host_bytes"":""measured"",""resident_pinned_bytes"":""measured"",""session_setup_ms"":""measured"",""throughput_rows_per_second"":""measured"",""tune_ms"":""measured""}",0.75,,7,measured,unavailable,
2,v7-formal-sf1-resident,b5d27b7c-461d-4b7d-9a30-6d5236c138ef,ok,,0,hybrid-arrow,resident,1,ASIA,1994-01-01,5,False,8,0.75,0.25,0,process_tree,"{""partition"":""fixed"",""selection"":""fixed"",""sweep"":""core""}","[""host_prepare_ms"",""load_ms""]",5,542abf4003633c7c,"[{""nation"":""INDONESIA"",""revenue_1e4"":555020411697},{""nation"":""VIETNAM"",""revenue_1e4"":552950869967},{""nation"":""CHINA"",""revenue_1e4"":537244942566},{""nation"":""INDIA"",""revenue_1e4"":520355120002},{""nation"":""JAPAN"",""revenue_1e4"":454101756954}]",expected_hash_match,,0.0,,0.0,3.576849,0.11462400108575821,0.02518399991095066,0.0927579999999999,3.657067,891.4430402219296,6001215,7243,4500911,1500304,0,212,0,455045120,,1640991264.31099,logs/hybrid-fixed-r0750-t08.stdout.jsonl,logs/hybrid-fixed-r0750-t08.stderr.txt,2026-07-14T06:55:30.456415Z,2026-07-14T06:55:31.347867Z,hybrid-fixed-r0750-t08,9bc80d3c-d50b-4da6-a541-9dd41ada252f,resident,fixed,275.868654,261.344919,0.0,266830342,54046300,0,"{""cpu_scan_ms"":""measured"",""d2h_bytes"":""measured"",""d2h_ms"":""measured"",""dataset_load_ms"":""measured"",""gpu_kernel_ms"":""measured"",""h2d_bytes"":""measured"",""h2d_ms"":""measured"",""host_prepare_ms"":""unavailable"",""load_ms"":""unavailable"",""mapped_remote_read_bytes"":""measured"",""overlap_wall_ms"":""measured"",""plan_build_ms"":""measured"",""query_total_ms"":""measured"",""resident_gpu_bytes"":""measured"",""resident_host_bytes"":""measured"",""resident_pinned_bytes"":""measured"",""session_setup_ms"":""measured"",""throughput_rows_per_second"":""measured"",""tune_ms"":""measured""}",0.75,,8,measured,unavailable,
2,v7-formal-sf1-resident,fdc8ede4-45ef-45b9-a93e-59425f0f1d2c,ok,,0,hybrid-arrow,resident,1,ASIA,1994-01-01,6,False,8,0.75,0.25,0,process_tree,"{""partition"":""fixed"",""selection"":""fixed"",""sweep"":""core""}","[""host_prepare_ms"",""load_ms""]",5,542abf4003633c7c,"[{""nation"":""INDONESIA"",""revenue_1e4"":555020411697},{""nation"":""VIETNAM"",""revenue_1e4"":552950869967},{""nation"":""CHINA"",""revenue_1e4"":537244942566},{""nation"":""INDIA"",""revenue_1e4"":520355120002},{""nation"":""JAPAN"",""revenue_1e4"":454101756954}]",expected_hash_match,,0.0,,0.0,3.541175,0.12495999783277512,0.0379519984126091,0.15527900000000017,3.613804,891.4430402219296,6001215,7243,4500911,1500304,0,212,0,455045120,,1660636548.0806375,logs/hybrid-fixed-r0750-t08.stdout.jsonl,logs/hybrid-fixed-r0750-t08.stderr.txt,2026-07-14T06:55:30.456415Z,2026-07-14T06:55:31.347867Z,hybrid-fixed-r0750-t08,9bc80d3c-d50b-4da6-a541-9dd41ada252f,resident,fixed,275.868654,261.344919,0.0,266830342,54046300,0,"{""cpu_scan_ms"":""measured"",""d2h_bytes"":""measured"",""d2h_ms"":""measured"",""dataset_load_ms"":""measured"",""gpu_kernel_ms"":""measured"",""h2d_bytes"":""measured"",""h2d_ms"":""measured"",""host_prepare_ms"":""unavailable"",""load_ms"":""unavailable"",""mapped_remote_read_bytes"":""measured"",""overlap_wall_ms"":""measured"",""plan_build_ms"":""measured"",""query_total_ms"":""measured"",""resident_gpu_bytes"":""measured"",""resident_host_bytes"":""measured"",""resident_pinned_bytes"":""measured"",""session_setup_ms"":""measured"",""throughput_rows_per_second"":""measured"",""tune_ms"":""measured""}",0.75,,9,measured,unavailable,
2,v7-formal-sf1-resident,e08a4188-50e2-4403-85d9-764dd02c8393,ok,,0,hybrid-arrow,resident,1,ASIA,1994-01-01,7,False,8,0.75,0.25,0,process_tree,"{""partition"":""fixed"",""selection"":""fixed"",""sweep"":""core""}","[""host_prepare_ms"",""load_ms""]",5,542abf4003633c7c,"[{""nation"":""INDONESIA"",""revenue_1e4"":555020411697},{""nation"":""VIETNAM"",""revenue_1e4"":552950869967},{""nation"":""CHINA"",""revenue_1e4"":537244942566},{""nation"":""INDIA"",""revenue_1e4"":520355120002},{""nation"":""JAPAN"",""revenue_1e4"":454101756954}]",expected_hash_match,,0.0,,0.0,3.927508,0.11660800129175186,0.02470399998128414,0.08877199999999963,4.014197,891.4430402219296,6001215,7243,4500911,1500304,0,212,0,455045120,,1494997629.6629188,logs/hybrid-fixed-r0750-t08.stdout.jsonl,logs/hybrid-fixed-r0750-t08.stderr.txt,2026-07-14T06:55:30.456415Z,2026-07-14T06:55:31.347867Z,hybrid-fixed-r0750-t08,9bc80d3c-d50b-4da6-a541-9dd41ada252f,resident,fixed,275.868654,261.344919,0.0,266830342,54046300,0,"{""cpu_scan_ms"":""measured"",""d2h_bytes"":""measured"",""d2h_ms"":""measured"",""dataset_load_ms"":""measured"",""gpu_kernel_ms"":""measured"",""h2d_bytes"":""measured"",""h2d_ms"":""measured"",""host_prepare_ms"":""unavailable"",""load_ms"":""unavailable"",""mapped_remote_read_bytes"":""measured"",""overlap_wall_ms"":""measured"",""plan_build_ms"":""measured"",""query_total_ms"":""measured"",""resident_gpu_bytes"":""measured"",""resident_host_bytes"":""measured"",""resident_pinned_bytes"":""measured"",""session_setup_ms"":""measured"",""throughput_rows_per_second"":""measured"",""tune_ms"":""measured""}",0.75,,10,measured,unavailable,
2,v7-formal-sf1-resident,436e7d55-760e-49d9-9d96-1008b0061a01,ok,,0,hybrid-arrow,resident,1,ASIA,1994-01-01,8,False,8,0.75,0.25,0,process_tree,"{""partition"":""fixed"",""selection"":""fixed"",""sweep"":""core""}","[""host_prepare_ms"",""load_ms""]",5,542abf4003633c7c,"[{""nation"":""INDONESIA"",""revenue_1e4"":555020411697},{""nation"":""VIETNAM"",""revenue_1e4"":552950869967},{""nation"":""CHINA"",""revenue_1e4"":537244942566},{""nation"":""INDIA"",""revenue_1e4"":520355120002},{""nation"":""JAPAN"",""revenue_1e4"":454101756954}]",expected_hash_match,,0.0,,0.0,3.825457,0.12595200538635254,0.04009599983692169,0.15815400000000013,3.897624,891.4430402219296,6001215,7243,4500911,1500304,0,212,0,455045120,,1539711116.3108602,logs/hybrid-fixed-r0750-t08.stdout.jsonl,logs/hybrid-fixed-r0750-t08.stderr.txt,2026-07-14T06:55:30.456415Z,2026-07-14T06:55:31.347867Z,hybrid-fixed-r0750-t08,9bc80d3c-d50b-4da6-a541-9dd41ada252f,resident,fixed,275.868654,261.344919,0.0,266830342,54046300,0,"{""cpu_scan_ms"":""measured"",""d2h_bytes"":""measured"",""d2h_ms"":""measured"",""dataset_load_ms"":""measured"",""gpu_kernel_ms"":""measured"",""h2d_bytes"":""measured"",""h2d_ms"":""measured"",""host_prepare_ms"":""unavailable"",""load_ms"":""unavailable"",""mapped_remote_read_bytes"":""measured"",""overlap_wall_ms"":""measured"",""plan_build_ms"":""measured"",""query_total_ms"":""measured"",""resident_gpu_bytes"":""measured"",""resident_host_bytes"":""measured"",""resident_pinned_bytes"":""measured"",""session_setup_ms"":""measured"",""throughput_rows_per_second"":""measured"",""tune_ms"":""measured""}",0.75,,11,measured,unavailable,
2,v7-formal-sf1-resident,e2acaec6-de8a-4edb-be20-e74839d88455,ok,,0,hybrid-arrow,resident,1,ASIA,1994-01-01,9,False,8,0.75,0.25,0,process_tree,"{""partition"":""fixed"",""selection"":""fixed"",""sweep"":""core""}","[""host_prepare_ms"",""load_ms""]",5,542abf4003633c7c,"[{""nation"":""INDONESIA"",""revenue_1e4"":555020411697},{""nation"":""VIETNAM"",""revenue_1e4"":552950869967},{""nation"":""CHINA"",""revenue_1e4"":537244942566},{""nation"":""INDIA"",""revenue_1e4"":520355120002},{""nation"":""JAPAN"",""revenue_1e4"":454101756954}]",expected_hash_match,,0.0,,0.0,3.58425,0.11980800330638885,0.03203200176358223,0.12437500000000012,3.664959,891.4430402219296,6001215,7243,4500911,1500304,0,212,0,455045120,,1637457608.6662905,logs/hybrid-fixed-r0750-t08.stdout.jsonl,logs/hybrid-fixed-r0750-t08.stderr.txt,2026-07-14T06:55:30.456415Z,2026-07-14T06:55:31.347867Z,hybrid-fixed-r0750-t08,9bc80d3c-d50b-4da6-a541-9dd41ada252f,resident,fixed,275.868654,261.344919,0.0,266830342,54046300,0,"{""cpu_scan_ms"":""measured"",""d2h_bytes"":""measured"",""d2h_ms"":""measured"",""dataset_load_ms"":""measured"",""gpu_kernel_ms"":""measured"",""h2d_bytes"":""measured"",""h2d_ms"":""measured"",""host_prepare_ms"":""unavailable"",""load_ms"":""unavailable"",""mapped_remote_read_bytes"":""measured"",""overlap_wall_ms"":""measured"",""plan_build_ms"":""measured"",""query_total_ms"":""measured"",""resident_gpu_bytes"":""measured"",""resident_host_bytes"":""measured"",""resident_pinned_bytes"":""measured"",""session_setup_ms"":""measured"",""throughput_rows_per_second"":""measured"",""tune_ms"":""measured""}",0.75,,12,measured,unavailable,
2,v7-formal-sf1-resident,f514b02f-3caa-4793-b58d-95d2311bbc0c,ok,,0,hybrid-arrow,resident,1,ASIA,1994-01-01,0,False,8,0.875,0.125,0,process_tree,"{""partition"":""fixed"",""selection"":""fixed"",""sweep"":""diagnostic""}","[""host_prepare_ms"",""load_ms""]",5,542abf4003633c7c,"[{""nation"":""INDONESIA"",""revenue_1e4"":555020411697},{""nation"":""VIETNAM"",""revenue_1e4"":552950869967},{""nation"":""CHINA"",""revenue_1e4"":537244942566},{""nation"":""INDIA"",""revenue_1e4"":520355120002},{""nation"":""JAPAN"",""revenue_1e4"":454101756954}]",expected_hash_match,,0.0,,0.0,4.065904,0.04601600021123886,0.021888000890612602,0.032838999999999174,4.129106,884.8703317344189,6001215,7243,5251063,750152,0,212,0,460709888,,1453393301.1165128,logs/hybrid-fixed-r0875-t08.stdout.jsonl,logs/hybrid-fixed-r0875-t08.stderr.txt,2026-07-14T06:55:31.350611Z,2026-07-14T06:55:32.235490Z,hybrid-fixed-r0875-t08,6ef46623-585e-461a-926f-f61b3865cad9,resident,fixed,278.056087,224.953071,0.0,283284582,39043260,0,"{""cpu_scan_ms"":""measured"",""d2h_bytes"":""measured"",""d2h_ms"":""measured"",""dataset_load_ms"":""measured"",""gpu_kernel_ms"":""measured"",""h2d_bytes"":""measured"",""h2d_ms"":""measured"",""host_prepare_ms"":""unavailable"",""load_ms"":""unavailable"",""mapped_remote_read_bytes"":""measured"",""overlap_wall_ms"":""measured"",""plan_build_ms"":""measured"",""query_total_ms"":""measured"",""resident_gpu_bytes"":""measured"",""resident_host_bytes"":""measured"",""resident_pinned_bytes"":""measured"",""session_setup_ms"":""measured"",""throughput_rows_per_second"":""measured"",""tune_ms"":""measured""}",0.875,,3,measured,unavailable,
2,v7-formal-sf1-resident,da5c44ed-30db-4cc7-9319-5e3c9caad73b,ok,,0,hybrid-arrow,resident,1,ASIA,1994-01-01,1,False,8,0.875,0.125,0,process_tree,"{""partition"":""fixed"",""selection"":""fixed"",""sweep"":""diagnostic""}","[""host_prepare_ms"",""load_ms""]",5,542abf4003633c7c,"[{""nation"":""INDONESIA"",""revenue_1e4"":555020411697},{""nation"":""VIETNAM"",""revenue_1e4"":552950869967},{""nation"":""CHINA"",""revenue_1e4"":537244942566},{""nation"":""INDIA"",""revenue_1e4"":520355120002},{""nation"":""JAPAN"",""revenue_1e4"":454101756954}]",expected_hash_match,,0.0,,0.0,4.295473,0.045951999723911285,0.020608000457286835,0.0318480000000001,4.357506,884.8703317344189,6001215,7243,5251063,750152,0,212,0,460709888,,1377213249.964544,logs/hybrid-fixed-r0875-t08.stdout.jsonl,logs/hybrid-fixed-r0875-t08.stderr.txt,2026-07-14T06:55:31.350611Z,2026-07-14T06:55:32.235490Z,hybrid-fixed-r0875-t08,6ef46623-585e-461a-926f-f61b3865cad9,resident,fixed,278.056087,224.953071,0.0,283284582,39043260,0,"{""cpu_scan_ms"":""measured"",""d2h_bytes"":""measured"",""d2h_ms"":""measured"",""dataset_load_ms"":""measured"",""gpu_kernel_ms"":""measured"",""h2d_bytes"":""measured"",""h2d_ms"":""measured"",""host_prepare_ms"":""unavailable"",""load_ms"":""unavailable"",""mapped_remote_read_bytes"":""measured"",""overlap_wall_ms"":""measured"",""plan_build_ms"":""measured"",""query_total_ms"":""measured"",""resident_gpu_bytes"":""measured"",""resident_host_bytes"":""measured"",""resident_pinned_bytes"":""measured"",""session_setup_ms"":""measured"",""throughput_rows_per_second"":""measured"",""tune_ms"":""measured""}",0.875,,4,measured,unavailable,
2,v7-formal-sf1-resident,75e36945-4e32-4e87-8e64-9c61532216b3,ok,,0,hybrid-arrow,resident,1,ASIA,1994-01-01,2,False,8,0.875,0.125,0,process_tree,"{""partition"":""fixed"",""selection"":""fixed"",""sweep"":""diagnostic""}","[""host_prepare_ms"",""load_ms""]",5,542abf4003633c7c,"[{""nation"":""INDONESIA"",""revenue_1e4"":555020411697},{""nation"":""VIETNAM"",""revenue_1e4"":552950869967},{""nation"":""CHINA"",""revenue_1e4"":537244942566},{""nation"":""INDIA"",""revenue_1e4"":520355120002},{""nation"":""JAPAN"",""revenue_1e4"":454101756954}]",expected_hash_match,,0.0,,0.0,4.376623,0.05632000043988228,0.03136000037193298,0.08427400000000063,4.438125,884.8703317344189,6001215,7243,5251063,750152,0,212,0,460709888,,1352196028.728348,logs/hybrid-fixed-r0875-t08.stdout.jsonl,logs/hybrid-fixed-r0875-t08.stderr.txt,2026-07-14T06:55:31.350611Z,2026-07-14T06:55:32.235490Z,hybrid-fixed-r0875-t08,6ef46623-585e-461a-926f-f61b3865cad9,resident,fixed,278.056087,224.953071,0.0,283284582,39043260,0,"{""cpu_scan_ms"":""measured"",""d2h_bytes"":""measured"",""d2h_ms"":""measured"",""dataset_load_ms"":""measured"",""gpu_kernel_ms"":""measured"",""h2d_bytes"":""measured"",""h2d_ms"":""measured"",""host_prepare_ms"":""unavailable"",""load_ms"":""unavailable"",""mapped_remote_read_bytes"":""measured"",""overlap_wall_ms"":""measured"",""plan_build_ms"":""measured"",""query_total_ms"":""measured"",""resident_gpu_bytes"":""measured"",""resident_host_bytes"":""measured"",""resident_pinned_bytes"":""measured"",""session_setup_ms"":""measured"",""throughput_rows_per_second"":""measured"",""tune_ms"":""measured""}",0.875,,5,measured,unavailable,
2,v7-formal-sf1-resident,12d6ef2e-5b3b-4633-8f55-da47a24595cb,ok,,0,hybrid-arrow,resident,1,ASIA,1994-01-01,3,False,8,0.875,0.125,0,process_tree,"{""partition"":""fixed"",""selection"":""fixed"",""sweep"":""diagnostic""}","[""host_prepare_ms"",""load_ms""]",5,542abf4003633c7c,"[{""nation"":""INDONESIA"",""revenue_1e4"":555020411697},{""nation"":""VIETNAM"",""revenue_1e4"":552950869967},{""nation"":""CHINA"",""revenue_1e4"":537244942566},{""nation"":""INDIA"",""revenue_1e4"":520355120002},{""nation"":""JAPAN"",""revenue_1e4"":454101756954}]",expected_hash_match,,0.0,,0.0,4.035378,0.04608000069856644,0.02147199958562851,0.025868000000000002,4.108245,884.8703317344189,6001215,7243,5251063,750152,0,212,0,460709888,,1460773395.9391418,logs/hybrid-fixed-r0875-t08.stdout.jsonl,logs/hybrid-fixed-r0875-t08.stderr.txt,2026-07-14T06:55:31.350611Z,2026-07-14T06:55:32.235490Z,hybrid-fixed-r0875-t08,6ef46623-585e-461a-926f-f61b3865cad9,resident,fixed,278.056087,224.953071,0.0,283284582,39043260,0,"{""cpu_scan_ms"":""measured"",""d2h_bytes"":""measured"",""d2h_ms"":""measured"",""dataset_load_ms"":""measured"",""gpu_kernel_ms"":""measured"",""h2d_bytes"":""measured"",""h2d_ms"":""measured"",""host_prepare_ms"":""unavailable"",""load_ms"":""unavailable"",""mapped_remote_read_bytes"":""measured"",""overlap_wall_ms"":""measured"",""plan_build_ms"":""measured"",""query_total_ms"":""measured"",""resident_gpu_bytes"":""measured"",""resident_host_bytes"":""measured"",""resident_pinned_bytes"":""measured"",""session_setup_ms"":""measured"",""throughput_rows_per_second"":""measured"",""tune_ms"":""measured""}",0.875,,6,measured,unavailable,
2,v7-formal-sf1-resident,72416ec1-ada5-41d5-8993-ced0fb7609cf,ok,,0,hybrid-arrow,resident,1,ASIA,1994-01-01,4,False,8,0.875,0.125,0,process_tree,"{""partition"":""fixed"",""selection"":""fixed"",""sweep"":""diagnostic""}","[""host_prepare_ms"",""load_ms""]",5,542abf4003633c7c,"[{""nation"":""INDONESIA"",""revenue_1e4"":555020411697},{""nation"":""VIETNAM"",""revenue_1e4"":552950869967},{""nation"":""CHINA"",""revenue_1e4"":537244942566},{""nation"":""INDIA"",""revenue_1e4"":520355120002},{""nation"":""JAPAN"",""revenue_1e4"":454101756954}]",expected_hash_match,,0.0,,0.0,4.301913,0.04742399975657463,0.021183999255299568,0.03241899999999909,4.369363,884.8703317344189,6001215,7243,5251063,750152,0,212,0,460709888,,1373475950.6133962,logs/hybrid-fixed-r0875-t08.stdout.jsonl,logs/hybrid-fixed-r0875-t08.stderr.txt,2026-07-14T06:55:31.350611Z,2026-07-14T06:55:32.235490Z,hybrid-fixed-r0875-t08,6ef46623-585e-461a-926f-f61b3865cad9,resident,fixed,278.056087,224.953071,0.0,283284582,39043260,0,"{""cpu_scan_ms"":""measured"",""d2h_bytes"":""measured"",""d2h_ms"":""measured"",""dataset_load_ms"":""measured"",""gpu_kernel_ms"":""measured"",""h2d_bytes"":""measured"",""h2d_ms"":""measured"",""host_prepare_ms"":""unavailable"",""load_ms"":""unavailable"",""mapped_remote_read_bytes"":""measured"",""overlap_wall_ms"":""measured"",""plan_build_ms"":""measured"",""query_total_ms"":""measured"",""resident_gpu_bytes"":""measured"",""resident_host_bytes"":""measured"",""resident_pinned_bytes"":""measured"",""session_setup_ms"":""measured"",""throughput_rows_per_second"":""measured"",""tune_ms"":""measured""}",0.875,,7,measured,unavailable,
2,v7-formal-sf1-resident,699acfe1-e567-43db-bd37-453daf4ea95a,ok,,0,hybrid-arrow,resident,1,ASIA,1994-01-01,5,False,8,0.875,0.125,0,process_tree,"{""partition"":""fixed"",""selection"":""fixed"",""sweep"":""diagnostic""}","[""host_prepare_ms"",""load_ms""]",5,542abf4003633c7c,"[{""nation"":""INDONESIA"",""revenue_1e4"":555020411697},{""nation"":""VIETNAM"",""revenue_1e4"":552950869967},{""nation"":""CHINA"",""revenue_1e4"":537244942566},{""nation"":""INDIA"",""revenue_1e4"":520355120002},{""nation"":""JAPAN"",""revenue_1e4"":454101756954}]",expected_hash_match,,0.0,,0.0,4.282494,0.055296000093221664,0.03292800113558769,0.08310199999999934,4.343344,884.8703317344189,6001215,7243,5251063,750152,0,212,0,460709888,,1381703820.8348222,logs/hybrid-fixed-r0875-t08.stdout.jsonl,logs/hybrid-fixed-r0875-t08.stderr.txt,2026-07-14T06:55:31.350611Z,2026-07-14T06:55:32.235490Z,hybrid-fixed-r0875-t08,6ef46623-585e-461a-926f-f61b3865cad9,resident,fixed,278.056087,224.953071,0.0,283284582,39043260,0,"{""cpu_scan_ms"":""measured"",""d2h_bytes"":""measured"",""d2h_ms"":""measured"",""dataset_load_ms"":""measured"",""gpu_kernel_ms"":""measured"",""h2d_bytes"":""measured"",""h2d_ms"":""measured"",""host_prepare_ms"":""unavailable"",""load_ms"":""unavailable"",""mapped_remote_read_bytes"":""measured"",""overlap_wall_ms"":""measured"",""plan_build_ms"":""measured"",""query_total_ms"":""measured"",""resident_gpu_bytes"":""measured"",""resident_host_bytes"":""measured"",""resident_pinned_bytes"":""measured"",""session_setup_ms"":""measured"",""throughput_rows_per_second"":""measured"",""tune_ms"":""measured""}",0.875,,8,measured,unavailable,
2,v7-formal-sf1-resident,6741cbc6-d9c7-4482-b4dc-330019dd254d,ok,,0,hybrid-arrow,resident,1,ASIA,1994-01-01,6,False,8,0.875,0.125,0,process_tree,"{""partition"":""fixed"",""selection"":""fixed"",""sweep"":""diagnostic""}","[""host_prepare_ms"",""load_ms""]",5,542abf4003633c7c,"[{""nation"":""INDONESIA"",""revenue_1e4"":555020411697},{""nation"":""VIETNAM"",""revenue_1e4"":552950869967},{""nation"":""CHINA"",""revenue_1e4"":537244942566},{""nation"":""INDIA"",""revenue_1e4"":520355120002},{""nation"":""JAPAN"",""revenue_1e4"":454101756954}]",expected_hash_match,,0.0,,0.0,4.128355,0.04899200052022934,0.023135999217629433,0.034430000000000405,4.196647,884.8703317344189,6001215,7243,5251063,750152,0,212,0,460709888,,1430002332.814745,logs/hybrid-fixed-r0875-t08.stdout.jsonl,logs/hybrid-fixed-r0875-t08.stderr.txt,2026-07-14T06:55:31.350611Z,2026-07-14T06:55:32.235490Z,hybrid-fixed-r0875-t08,6ef46623-585e-461a-926f-f61b3865cad9,resident,fixed,278.056087,224.953071,0.0,283284582,39043260,0,"{""cpu_scan_ms"":""measured"",""d2h_bytes"":""measured"",""d2h_ms"":""measured"",""dataset_load_ms"":""measured"",""gpu_kernel_ms"":""measured"",""h2d_bytes"":""measured"",""h2d_ms"":""measured"",""host_prepare_ms"":""unavailable"",""load_ms"":""unavailable"",""mapped_remote_read_bytes"":""measured"",""overlap_wall_ms"":""measured"",""plan_build_ms"":""measured"",""query_total_ms"":""measured"",""resident_gpu_bytes"":""measured"",""resident_host_bytes"":""measured"",""resident_pinned_bytes"":""measured"",""session_setup_ms"":""measured"",""throughput_rows_per_second"":""measured"",""tune_ms"":""measured""}",0.875,,9,measured,unavailable,
2,v7-formal-sf1-resident,460f6a5e-cad6-4b65-a971-a13c24229b10,ok,,0,hybrid-arrow,resident,1,ASIA,1994-01-01,7,False,8,0.875,0.125,0,process_tree,"{""partition"":""fixed"",""selection"":""fixed"",""sweep"":""diagnostic""}","[""host_prepare_ms"",""load_ms""]",5,542abf4003633c7c,"[{""nation"":""INDONESIA"",""revenue_1e4"":555020411697},{""nation"":""VIETNAM"",""revenue_1e4"":552950869967},{""nation"":""CHINA"",""revenue_1e4"":537244942566},{""nation"":""INDIA"",""revenue_1e4"":520355120002},{""nation"":""JAPAN"",""revenue_1e4"":454101756954}]",expected_hash_match,,0.0,,0.0,4.20595,0.048128001391887665,0.02304000034928322,0.041069999999999496,4.26628,884.8703317344189,6001215,7243,5251063,750152,0,212,0,460709888,,1406662244.390898,logs/hybrid-fixed-r0875-t08.stdout.jsonl,logs/hybrid-fixed-r0875-t08.stderr.txt,2026-07-14T06:55:31.350611Z,2026-07-14T06:55:32.235490Z,hybrid-fixed-r0875-t08,6ef46623-585e-461a-926f-f61b3865cad9,resident,fixed,278.056087,224.953071,0.0,283284582,39043260,0,"{""cpu_scan_ms"":""measured"",""d2h_bytes"":""measured"",""d2h_ms"":""measured"",""dataset_load_ms"":""measured"",""gpu_kernel_ms"":""measured"",""h2d_bytes"":""measured"",""h2d_ms"":""measured"",""host_prepare_ms"":""unavailable"",""load_ms"":""unavailable"",""mapped_remote_read_bytes"":""measured"",""overlap_wall_ms"":""measured"",""plan_build_ms"":""measured"",""query_total_ms"":""measured"",""resident_gpu_bytes"":""measured"",""resident_host_bytes"":""measured"",""resident_pinned_bytes"":""measured"",""session_setup_ms"":""measured"",""throughput_rows_per_second"":""measured"",""tune_ms"":""measured""}",0.875,,10,measured,unavailable,
2,v7-formal-sf1-resident,0600d0c3-e582-45da-a96d-04ac71eab359,ok,,0,hybrid-arrow,resident,1,ASIA,1994-01-01,8,False,8,0.875,0.125,0,process_tree,"{""partition"":""fixed"",""selection"":""fixed"",""sweep"":""diagnostic""}","[""host_prepare_ms"",""load_ms""]",5,542abf4003633c7c,"[{""nation"":""INDONESIA"",""revenue_1e4"":555020411697},{""nation"":""VIETNAM"",""revenue_1e4"":552950869967},{""nation"":""CHINA"",""revenue_1e4"":537244942566},{""nation"":""INDIA"",""revenue_1e4"":520355120002},{""nation"":""JAPAN"",""revenue_1e4"":454101756954}]",expected_hash_match,,0.0,,0.0,4.316995,0.05718399956822395,0.03203200176358223,0.057185000000000485,4.403854,884.8703317344189,6001215,7243,5251063,750152,0,212,0,460709888,,1362718882.1427777,logs/hybrid-fixed-r0875-t08.stdout.jsonl,logs/hybrid-fixed-r0875-t08.stderr.txt,2026-07-14T06:55:31.350611Z,2026-07-14T06:55:32.235490Z,hybrid-fixed-r0875-t08,6ef46623-585e-461a-926f-f61b3865cad9,resident,fixed,278.056087,224.953071,0.0,283284582,39043260,0,"{""cpu_scan_ms"":""measured"",""d2h_bytes"":""measured"",""d2h_ms"":""measured"",""dataset_load_ms"":""measured"",""gpu_kernel_ms"":""measured"",""h2d_bytes"":""measured"",""h2d_ms"":""measured"",""host_prepare_ms"":""unavailable"",""load_ms"":""unavailable"",""mapped_remote_read_bytes"":""measured"",""overlap_wall_ms"":""measured"",""plan_build_ms"":""measured"",""query_total_ms"":""measured"",""resident_gpu_bytes"":""measured"",""resident_host_bytes"":""measured"",""resident_pinned_bytes"":""measured"",""session_setup_ms"":""measured"",""throughput_rows_per_second"":""measured"",""tune_ms"":""measured""}",0.875,,11,measured,unavailable,
2,v7-formal-sf1-resident,85a6c59b-256d-454a-8735-ed1c10ff309d,ok,,0,hybrid-arrow,resident,1,ASIA,1994-01-01,9,False,8,0.875,0.125,0,process_tree,"{""partition"":""fixed"",""selection"":""fixed"",""sweep"":""diagnostic""}","[""host_prepare_ms"",""load_ms""]",5,542abf4003633c7c,"[{""nation"":""INDONESIA"",""revenue_1e4"":555020411697},{""nation"":""VIETNAM"",""revenue_1e4"":552950869967},{""nation"":""CHINA"",""revenue_1e4"":537244942566},{""nation"":""INDIA"",""revenue_1e4"":520355120002},{""nation"":""JAPAN"",""revenue_1e4"":454101756954}]",expected_hash_match,,0.0,,0.0,4.277687,0.0488319993019104,0.02271999977529049,0.04086999999999996,4.341902,884.8703317344189,6001215,7243,5251063,750152,0,212,0,460709888,,1382162701.9679394,logs/hybrid-fixed-r0875-t08.stdout.jsonl,logs/hybrid-fixed-r0875-t08.stderr.txt,2026-07-14T06:55:31.350611Z,2026-07-14T06:55:32.235490Z,hybrid-fixed-r0875-t08,6ef46623-585e-461a-926f-f61b3865cad9,resident,fixed,278.056087,224.953071,0.0,283284582,39043260,0,"{""cpu_scan_ms"":""measured"",""d2h_bytes"":""measured"",""d2h_ms"":""measured"",""dataset_load_ms"":""measured"",""gpu_kernel_ms"":""measured"",""h2d_bytes"":""measured"",""h2d_ms"":""measured"",""host_prepare_ms"":""unavailable"",""load_ms"":""unavailable"",""mapped_remote_read_bytes"":""measured"",""overlap_wall_ms"":""measured"",""plan_build_ms"":""measured"",""query_total_ms"":""measured"",""resident_gpu_bytes"":""measured"",""resident_host_bytes"":""measured"",""resident_pinned_bytes"":""measured"",""session_setup_ms"":""measured"",""throughput_rows_per_second"":""measured"",""tune_ms"":""measured""}",0.875,,12,measured,unavailable,
2,v7-formal-sf1-resident,d5f3c438-bdd5-49a3-9005-260a4f19f622,ok,,0,hybrid-arrow,resident,1,ASIA,1994-01-01,0,False,8,0.26209092658736605,0.7379090734126339,0,process_tree,"{""selection"":""auto""}","[""host_prepare_ms"",""load_ms""]",5,542abf4003633c7c,"[{""nation"":""INDONESIA"",""revenue_1e4"":555020411697},{""nation"":""VIETNAM"",""revenue_1e4"":552950869967},{""nation"":""CHINA"",""revenue_1e4"":537244942566},{""nation"":""INDIA"",""revenue_1e4"":520355120002},{""nation"":""JAPAN"",""revenue_1e4"":454101756954}]",expected_hash_match,,0.0,,0.0,1.465832,0.8077120184898376,0.02006400004029274,0.7987940000000002,1.524429,1145.0256858952343,6001215,7243,1572864,4428351,0,212,0,539906048,,3936696953.416656,logs/hybrid-auto-t08.stdout.jsonl,logs/hybrid-auto-t08.stderr.txt,2026-07-14T06:55:32.238175Z,2026-07-14T06:55:33.383210Z,hybrid-auto-t08,980fb16c-6aa8-408d-aec6-a1835976ccfd,resident,auto,275.371183,566.468814,398.383262,199562162,112607240,0,"{""cpu_scan_ms"":""measured"",""d2h_bytes"":""measured"",""d2h_ms"":""measured"",""dataset_load_ms"":""measured"",""gpu_kernel_ms"":""measured"",""h2d_bytes"":""measured"",""h2d_ms"":""measured"",""host_prepare_ms"":""unavailable"",""load_ms"":""unavailable"",""mapped_remote_read_bytes"":""measured"",""overlap_wall_ms"":""measured"",""plan_build_ms"":""measured"",""query_total_ms"":""measured"",""resident_gpu_bytes"":""measured"",""resident_host_bytes"":""measured"",""resident_pinned_bytes"":""measured"",""session_setup_ms"":""measured"",""throughput_rows_per_second"":""measured"",""tune_ms"":""measured""}",0.26209092658736605,0.24319614604075737,3,measured,unavailable,
2,v7-formal-sf1-resident,22cbbf2c-226d-49ec-bdbb-1cf50bb79666,ok,,0,hybrid-arrow,resident,1,ASIA,1994-01-01,1,False,8,0.26209092658736605,0.7379090734126339,0,process_tree,"{""selection"":""auto""}","[""host_prepare_ms"",""load_ms""]",5,542abf4003633c7c,"[{""nation"":""INDONESIA"",""revenue_1e4"":555020411697},{""nation"":""VIETNAM"",""revenue_1e4"":552950869967},{""nation"":""CHINA"",""revenue_1e4"":537244942566},{""nation"":""INDIA"",""revenue_1e4"":520355120002},{""nation"":""JAPAN"",""revenue_1e4"":454101756954}]",expected_hash_match,,0.0,,0.0,1.481144,0.8256639838218689,0.038656000047922134,0.8607859999999998,1.541223,1145.0256858952343,6001215,7243,1572864,4428351,0,212,0,539906048,,3893800572.6621003,logs/hybrid-auto-t08.stdout.jsonl,logs/hybrid-auto-t08.stderr.txt,2026-07-14T06:55:32.238175Z,2026-07-14T06:55:33.383210Z,hybrid-auto-t08,980fb16c-6aa8-408d-aec6-a1835976ccfd,resident,auto,275.371183,566.468814,398.383262,199562162,112607240,0,"{""cpu_scan_ms"":""measured"",""d2h_bytes"":""measured"",""d2h_ms"":""measured"",""dataset_load_ms"":""measured"",""gpu_kernel_ms"":""measured"",""h2d_bytes"":""measured"",""h2d_ms"":""measured"",""host_prepare_ms"":""unavailable"",""load_ms"":""unavailable"",""mapped_remote_read_bytes"":""measured"",""overlap_wall_ms"":""measured"",""plan_build_ms"":""measured"",""query_total_ms"":""measured"",""resident_gpu_bytes"":""measured"",""resident_host_bytes"":""measured"",""resident_pinned_bytes"":""measured"",""session_setup_ms"":""measured"",""throughput_rows_per_second"":""measured"",""tune_ms"":""measured""}",0.26209092658736605,0.24319614604075737,4,measured,unavailable,
2,v7-formal-sf1-resident,4fe2f134-a853-40ee-9645-eb6546fd75f9,ok,,0,hybrid-arrow,resident,1,ASIA,1994-01-01,2,False,8,0.26209092658736605,0.7379090734126339,0,process_tree,"{""selection"":""auto""}","[""host_prepare_ms"",""load_ms""]",5,542abf4003633c7c,"[{""nation"":""INDONESIA"",""revenue_1e4"":555020411697},{""nation"":""VIETNAM"",""revenue_1e4"":552950869967},{""nation"":""CHINA"",""revenue_1e4"":537244942566},{""nation"":""INDIA"",""revenue_1e4"":520355120002},{""nation"":""JAPAN"",""revenue_1e4"":454101756954}]",expected_hash_match,,0.0,,0.0,1.518639,0.8284159898757935,0.0326399989426136,0.8625470000000002,1.573571,1145.0256858952343,6001215,7243,1572864,4428351,0,212,0,539906048,,3813755464.4817424,logs/hybrid-auto-t08.stdout.jsonl,logs/hybrid-auto-t08.stderr.txt,2026-07-14T06:55:32.238175Z,2026-07-14T06:55:33.383210Z,hybrid-auto-t08,980fb16c-6aa8-408d-aec6-a1835976ccfd,resident,auto,275.371183,566.468814,398.383262,199562162,112607240,0,"{""cpu_scan_ms"":""measured"",""d2h_bytes"":""measured"",""d2h_ms"":""measured"",""dataset_load_ms"":""measured"",""gpu_kernel_ms"":""measured"",""h2d_bytes"":""measured"",""h2d_ms"":""measured"",""host_prepare_ms"":""unavailable"",""load_ms"":""unavailable"",""mapped_remote_read_bytes"":""measured"",""overlap_wall_ms"":""measured"",""plan_build_ms"":""measured"",""query_total_ms"":""measured"",""resident_gpu_bytes"":""measured"",""resident_host_bytes"":""measured"",""resident_pinned_bytes"":""measured"",""session_setup_ms"":""measured"",""throughput_rows_per_second"":""measured"",""tune_ms"":""measured""}",0.26209092658736605,0.24319614604075737,5,measured,unavailable,
2,v7-formal-sf1-resident,f39d9c30-aca6-4818-b548-7db06ba369df,ok,,0,hybrid-arrow,resident,1,ASIA,1994-01-01,3,False,8,0.26209092658736605,0.7379090734126339,0,process_tree,"{""selection"":""auto""}","[""host_prepare_ms"",""load_ms""]",5,542abf4003633c7c,"[{""nation"":""INDONESIA"",""revenue_1e4"":555020411697},{""nation"":""VIETNAM"",""revenue_1e4"":552950869967},{""nation"":""CHINA"",""revenue_1e4"":537244942566},{""nation"":""INDIA"",""revenue_1e4"":520355120002},{""nation"":""JAPAN"",""revenue_1e4"":454101756954}]",expected_hash_match,,0.0,,0.0,1.38349,0.8273919820785522,0.03315199911594391,0.8593739999999999,1.440334,1145.0256858952343,6001215,7243,1572864,4428351,0,212,0,539906048,,4166544009.93103,logs/hybrid-auto-t08.stdout.jsonl,logs/hybrid-auto-t08.stderr.txt,2026-07-14T06:55:32.238175Z,2026-07-14T06:55:33.383210Z,hybrid-auto-t08,980fb16c-6aa8-408d-aec6-a1835976ccfd,resident,auto,275.371183,566.468814,398.383262,199562162,112607240,0,"{""cpu_scan_ms"":""measured"",""d2h_bytes"":""measured"",""d2h_ms"":""measured"",""dataset_load_ms"":""measured"",""gpu_kernel_ms"":""measured"",""h2d_bytes"":""measured"",""h2d_ms"":""measured"",""host_prepare_ms"":""unavailable"",""load_ms"":""unavailable"",""mapped_remote_read_bytes"":""measured"",""overlap_wall_ms"":""measured"",""plan_build_ms"":""measured"",""query_total_ms"":""measured"",""resident_gpu_bytes"":""measured"",""resident_host_bytes"":""measured"",""resident_pinned_bytes"":""measured"",""session_setup_ms"":""measured"",""throughput_rows_per_second"":""measured"",""tune_ms"":""measured""}",0.26209092658736605,0.24319614604075737,6,measured,unavailable,
2,v7-formal-sf1-resident,312b82e1-4dc7-4685-b5a1-ee8ae3f37108,ok,,0,hybrid-arrow,resident,1,ASIA,1994-01-01,4,False,8,0.26209092658736605,0.7379090734126339,0,process_tree,"{""selection"":""auto""}","[""host_prepare_ms"",""load_ms""]",5,542abf4003633c7c,"[{""nation"":""INDONESIA"",""revenue_1e4"":555020411697},{""nation"":""VIETNAM"",""revenue_1e4"":552950869967},{""nation"":""CHINA"",""revenue_1e4"":537244942566},{""nation"":""INDIA"",""revenue_1e4"":520355120002},{""nation"":""JAPAN"",""revenue_1e4"":454101756954}]",expected_hash_match,,0.0,,0.0,1.471921,0.8312960267066956,0.03270399942994118,0.8641509999999999,1.529506,1145.0256858952343,6001215,7243,1572864,4428351,0,212,0,539906048,,3923629590.207557,logs/hybrid-auto-t08.stdout.jsonl,logs/hybrid-auto-t08.stderr.txt,2026-07-14T06:55:32.238175Z,2026-07-14T06:55:33.383210Z,hybrid-auto-t08,980fb16c-6aa8-408d-aec6-a1835976ccfd,resident,auto,275.371183,566.468814,398.383262,199562162,112607240,0,"{""cpu_scan_ms"":""measured"",""d2h_bytes"":""measured"",""d2h_ms"":""measured"",""dataset_load_ms"":""measured"",""gpu_kernel_ms"":""measured"",""h2d_bytes"":""measured"",""h2d_ms"":""measured"",""host_prepare_ms"":""unavailable"",""load_ms"":""unavailable"",""mapped_remote_read_bytes"":""measured"",""overlap_wall_ms"":""measured"",""plan_build_ms"":""measured"",""query_total_ms"":""measured"",""resident_gpu_bytes"":""measured"",""resident_host_bytes"":""measured"",""resident_pinned_bytes"":""measured"",""session_setup_ms"":""measured"",""throughput_rows_per_second"":""measured"",""tune_ms"":""measured""}",0.26209092658736605,0.24319614604075737,7,measured,unavailable,
2,v7-formal-sf1-resident,543e7610-90f3-4b27-93e0-c13f884ac927,ok,,0,hybrid-arrow,resident,1,ASIA,1994-01-01,5,False,8,0.26209092658736605,0.7379090734126339,0,process_tree,"{""selection"":""auto""}","[""host_prepare_ms"",""load_ms""]",5,542abf4003633c7c,"[{""nation"":""INDONESIA"",""revenue_1e4"":555020411697},{""nation"":""VIETNAM"",""revenue_1e4"":552950869967},{""nation"":""CHINA"",""revenue_1e4"":537244942566},{""nation"":""INDIA"",""revenue_1e4"":520355120002},{""nation"":""JAPAN"",""revenue_1e4"":454101756954}]",expected_hash_match,,0.0,,0.0,1.558889,0.8098880052566528,0.021568000316619873,0.806144,1.613119,1145.0256858952343,6001215,7243,1572864,4428351,0,212,0,539906048,,3720255604.2052693,logs/hybrid-auto-t08.stdout.jsonl,logs/hybrid-auto-t08.stderr.txt,2026-07-14T06:55:32.238175Z,2026-07-14T06:55:33.383210Z,hybrid-auto-t08,980fb16c-6aa8-408d-aec6-a1835976ccfd,resident,auto,275.371183,566.468814,398.383262,199562162,112607240,0,"{""cpu_scan_ms"":""measured"",""d2h_bytes"":""measured"",""d2h_ms"":""measured"",""dataset_load_ms"":""measured"",""gpu_kernel_ms"":""measured"",""h2d_bytes"":""measured"",""h2d_ms"":""measured"",""host_prepare_ms"":""unavailable"",""load_ms"":""unavailable"",""mapped_remote_read_bytes"":""measured"",""overlap_wall_ms"":""measured"",""plan_build_ms"":""measured"",""query_total_ms"":""measured"",""resident_gpu_bytes"":""measured"",""resident_host_bytes"":""measured"",""resident_pinned_bytes"":""measured"",""session_setup_ms"":""measured"",""throughput_rows_per_second"":""measured"",""tune_ms"":""measured""}",0.26209092658736605,0.24319614604075737,8,measured,unavailable,
2,v7-formal-sf1-resident,cbae5f5c-7ae3-444d-9708-71d4ef1e2eee,ok,,0,hybrid-arrow,resident,1,ASIA,1994-01-01,6,False,8,0.26209092658736605,0.7379090734126339,0,process_tree,"{""selection"":""auto""}","[""host_prepare_ms"",""load_ms""]",5,542abf4003633c7c,"[{""nation"":""INDONESIA"",""revenue_1e4"":555020411697},{""nation"":""VIETNAM"",""revenue_1e4"":552950869967},{""nation"":""CHINA"",""revenue_1e4"":537244942566},{""nation"":""INDIA"",""revenue_1e4"":520355120002},{""nation"":""JAPAN"",""revenue_1e4"":454101756954}]",expected_hash_match,,0.0,,0.0,1.509326,0.8202239871025085,0.03283200040459633,0.853094,1.564398,1145.0256858952343,6001215,7243,1572864,4428351,0,212,0,539906048,,3836117790.99692,logs/hybrid-auto-t08.stdout.jsonl,logs/hybrid-auto-t08.stderr.txt,2026-07-14T06:55:32.238175Z,2026-07-14T06:55:33.383210Z,hybrid-auto-t08,980fb16c-6aa8-408d-aec6-a1835976ccfd,resident,auto,275.371183,566.468814,398.383262,199562162,112607240,0,"{""cpu_scan_ms"":""measured"",""d2h_bytes"":""measured"",""d2h_ms"":""measured"",""dataset_load_ms"":""measured"",""gpu_kernel_ms"":""measured"",""h2d_bytes"":""measured"",""h2d_ms"":""measured"",""host_prepare_ms"":""unavailable"",""load_ms"":""unavailable"",""mapped_remote_read_bytes"":""measured"",""overlap_wall_ms"":""measured"",""plan_build_ms"":""measured"",""query_total_ms"":""measured"",""resident_gpu_bytes"":""measured"",""resident_host_bytes"":""measured"",""resident_pinned_bytes"":""measured"",""session_setup_ms"":""measured"",""throughput_rows_per_second"":""measured"",""tune_ms"":""measured""}",0.26209092658736605,0.24319614604075737,9,measured,unavailable,
2,v7-formal-sf1-resident,09b20fdf-8a0c-488e-85b3-0bd179e6307a,ok,,0,hybrid-arrow,resident,1,ASIA,1994-01-01,7,False,8,0.26209092658736605,0.7379090734126339,0,process_tree,"{""selection"":""auto""}","[""host_prepare_ms"",""load_ms""]",5,542abf4003633c7c,"[{""nation"":""INDONESIA"",""revenue_1e4"":555020411697},{""nation"":""VIETNAM"",""revenue_1e4"":552950869967},{""nation"":""CHINA"",""revenue_1e4"":537244942566},{""nation"":""INDIA"",""revenue_1e4"":520355120002},{""nation"":""JAPAN"",""revenue_1e4"":454101756954}]",expected_hash_match,,0.0,,0.0,1.513612,0.8202239871025085,0.019360000267624855,0.8080169999999998,1.568714,1145.0256858952343,6001215,7243,1572864,4428351,0,212,0,539906048,,3825563487.034603,logs/hybrid-auto-t08.stdout.jsonl,logs/hybrid-auto-t08.stderr.txt,2026-07-14T06:55:32.238175Z,2026-07-14T06:55:33.383210Z,hybrid-auto-t08,980fb16c-6aa8-408d-aec6-a1835976ccfd,resident,auto,275.371183,566.468814,398.383262,199562162,112607240,0,"{""cpu_scan_ms"":""measured"",""d2h_bytes"":""measured"",""d2h_ms"":""measured"",""dataset_load_ms"":""measured"",""gpu_kernel_ms"":""measured"",""h2d_bytes"":""measured"",""h2d_ms"":""measured"",""host_prepare_ms"":""unavailable"",""load_ms"":""unavailable"",""mapped_remote_read_bytes"":""measured"",""overlap_wall_ms"":""measured"",""plan_build_ms"":""measured"",""query_total_ms"":""measured"",""resident_gpu_bytes"":""measured"",""resident_host_bytes"":""measured"",""resident_pinned_bytes"":""measured"",""session_setup_ms"":""measured"",""throughput_rows_per_second"":""measured"",""tune_ms"":""measured""}",0.26209092658736605,0.24319614604075737,10,measured,unavailable,
2,v7-formal-sf1-resident,89c492cf-86df-4d59-adbc-a2b4fabfdb2a,ok,,0,hybrid-arrow,resident,1,ASIA,1994-01-01,8,False,8,0.26209092658736605,0.7379090734126339,0,process_tree,"{""selection"":""auto""}","[""host_prepare_ms"",""load_ms""]",5,542abf4003633c7c,"[{""nation"":""INDONESIA"",""revenue_1e4"":555020411697},{""nation"":""VIETNAM"",""revenue_1e4"":552950869967},{""nation"":""CHINA"",""revenue_1e4"":537244942566},{""nation"":""INDIA"",""revenue_1e4"":520355120002},{""nation"":""JAPAN"",""revenue_1e4"":454101756954}]",expected_hash_match,,0.0,,0.0,1.475516,0.8068159818649292,0.020767999812960625,0.801898,1.530347,1145.0256858952343,6001215,7243,1572864,4428351,0,212,0,539906048,,3921473365.191032,logs/hybrid-auto-t08.stdout.jsonl,logs/hybrid-auto-t08.stderr.txt,2026-07-14T06:55:32.238175Z,2026-07-14T06:55:33.383210Z,hybrid-auto-t08,980fb16c-6aa8-408d-aec6-a1835976ccfd,resident,auto,275.371183,566.468814,398.383262,199562162,112607240,0,"{""cpu_scan_ms"":""measured"",""d2h_bytes"":""measured"",""d2h_ms"":""measured"",""dataset_load_ms"":""measured"",""gpu_kernel_ms"":""measured"",""h2d_bytes"":""measured"",""h2d_ms"":""measured"",""host_prepare_ms"":""unavailable"",""load_ms"":""unavailable"",""mapped_remote_read_bytes"":""measured"",""overlap_wall_ms"":""measured"",""plan_build_ms"":""measured"",""query_total_ms"":""measured"",""resident_gpu_bytes"":""measured"",""resident_host_bytes"":""measured"",""resident_pinned_bytes"":""measured"",""session_setup_ms"":""measured"",""throughput_rows_per_second"":""measured"",""tune_ms"":""measured""}",0.26209092658736605,0.24319614604075737,11,measured,unavailable,
2,v7-formal-sf1-resident,f7f9023f-784b-4940-9075-12973decb053,ok,,0,hybrid-arrow,resident,1,ASIA,1994-01-01,9,False,8,0.26209092658736605,0.7379090734126339,0,process_tree,"{""selection"":""auto""}","[""host_prepare_ms"",""load_ms""]",5,542abf4003633c7c,"[{""nation"":""INDONESIA"",""revenue_1e4"":555020411697},{""nation"":""VIETNAM"",""revenue_1e4"":552950869967},{""nation"":""CHINA"",""revenue_1e4"":537244942566},{""nation"":""INDIA"",""revenue_1e4"":520355120002},{""nation"":""JAPAN"",""revenue_1e4"":454101756954}]",expected_hash_match,,0.0,,0.0,1.572579,0.8181759715080261,0.02364799939095974,0.8129549999999999,1.629034,1145.0256858952343,6001215,7243,1572864,4428351,0,212,0,539906048,,3683910219.185112,logs/hybrid-auto-t08.stdout.jsonl,logs/hybrid-auto-t08.stderr.txt,2026-07-14T06:55:32.238175Z,2026-07-14T06:55:33.383210Z,hybrid-auto-t08,980fb16c-6aa8-408d-aec6-a1835976ccfd,resident,auto,275.371183,566.468814,398.383262,199562162,112607240,0,"{""cpu_scan_ms"":""measured"",""d2h_bytes"":""measured"",""d2h_ms"":""measured"",""dataset_load_ms"":""measured"",""gpu_kernel_ms"":""measured"",""h2d_bytes"":""measured"",""h2d_ms"":""measured"",""host_prepare_ms"":""unavailable"",""load_ms"":""unavailable"",""mapped_remote_read_bytes"":""measured"",""overlap_wall_ms"":""measured"",""plan_build_ms"":""measured"",""query_total_ms"":""measured"",""resident_gpu_bytes"":""measured"",""resident_host_bytes"":""measured"",""resident_pinned_bytes"":""measured"",""session_setup_ms"":""measured"",""throughput_rows_per_second"":""measured"",""tune_ms"":""measured""}",0.26209092658736605,0.24319614604075737,12,measured,unavailable,
